HIERARCHY
ROOT Hips
{
	OFFSET 0.00000 0.00000 0.00000
	CHANNELS 6 Xposition Yposition Zposition Zrotation Yrotation Xrotation 
	JOINT LHipJoint
	{
		OFFSET 0 0 0
		CHANNELS 3 Zrotation Yrotation Xrotation
		JOINT LeftUpLeg
		{
			OFFSET 1.36337 -1.57426 1.11036
			CHANNELS 3 Zrotation Yrotation Xrotation
			JOINT LeftLeg
			{
				OFFSET 2.38468 -6.55187 0.00000
				CHANNELS 3 Zrotation Yrotation Xrotation
				JOINT LeftFoot
				{
					OFFSET 2.37166 -6.51609 0.00000
					CHANNELS 3 Zrotation Yrotation Xrotation
					JOINT LeftToeBase
					{
						OFFSET 0.29078 -0.79891 2.01393
						CHANNELS 3 Zrotation Yrotation Xrotation
						End Site
						{
							OFFSET 0.00000 -0.00000 1.07924
						}
					}
				}
			}
		}
	}
	JOINT RHipJoint
	{
		OFFSET 0 0 0
		CHANNELS 3 Zrotation Yrotation Xrotation
		JOINT RightUpLeg
		{
			OFFSET -1.36349 -1.57426 1.11036
			CHANNELS 3 Zrotation Yrotation Xrotation
			JOINT RightLeg
			{
				OFFSET -2.29562 -6.30717 0.00000
				CHANNELS 3 Zrotation Yrotation Xrotation
				JOINT RightFoot
				{
					OFFSET -2.40985 -6.62100 0.00000
					CHANNELS 3 Zrotation Yrotation Xrotation
					JOINT RightToeBase
					{
						OFFSET -0.23197 -0.63733 1.92232
						CHANNELS 3 Zrotation Yrotation Xrotation
						End Site
						{
							OFFSET -0.00000 -0.00000 1.01562
						}
					}
				}
			}
		}
	}
	JOINT LowerBack
	{
		OFFSET 0 0 0
		CHANNELS 3 Zrotation Yrotation Xrotation
		JOINT Spine
		{
			OFFSET -0.08565 2.03602 -0.24562
			CHANNELS 3 Zrotation Yrotation Xrotation
			JOINT Spine1
			{
				OFFSET -0.00036 2.05693 0.00216
				CHANNELS 3 Zrotation Yrotation Xrotation
				JOINT Neck
				{
					OFFSET 0 0 0
					CHANNELS 3 Zrotation Yrotation Xrotation
					JOINT Neck1
					{
						OFFSET -0.03664 1.69515 0.31789
						CHANNELS 3 Zrotation Yrotation Xrotation
						JOINT Head
						{
							OFFSET 0.00932 1.70181 -0.46013
							CHANNELS 3 Zrotation Yrotation Xrotation
							End Site
							{
								OFFSET 0.01243 1.77620 -0.19377
							}
						}
					}
				}
				JOINT LeftShoulder
				{
					OFFSET 0 0 0
					CHANNELS 3 Zrotation Yrotation Xrotation
					JOINT LeftArm
					{
						OFFSET 3.74344 0.81315 -0.36647
						CHANNELS 3 Zrotation Yrotation Xrotation
						JOINT LeftForeArm
						{
							OFFSET 4.97185 -0.00000 -0.00000
							CHANNELS 3 Zrotation Yrotation Xrotation
							JOINT LeftHand
							{
								OFFSET 3.35811 -0.00000 0.00000
								CHANNELS 3 Zrotation Yrotation Xrotation
								JOINT LeftFingerBase
								{
									OFFSET 0 0 0
									CHANNELS 3 Zrotation Yrotation Xrotation
									JOINT LeftHandIndex1
									{
										OFFSET 0.62278 -0.00000 0.00000
										CHANNELS 3 Zrotation Yrotation Xrotation
										End Site
										{
											OFFSET 0.50210 -0.00000 0.00000
										}
									}
								}
								JOINT LThumb
								{
									OFFSET 0 0 0
									CHANNELS 3 Zrotation Yrotation Xrotation
									End Site
									{
										OFFSET 0.50976 -0.00000 0.50976
									}
								}
							}
						}
					}
				}
				JOINT RightShoulder
				{
					OFFSET 0 0 0
					CHANNELS 3 Zrotation Yrotation Xrotation
					JOINT RightArm
					{
						OFFSET -3.75385 0.50666 -0.06525
						CHANNELS 3 Zrotation Yrotation Xrotation
						JOINT RightForeArm
						{
							OFFSET -4.96493 -0.00000 -0.00000
							CHANNELS 3 Zrotation Yrotation Xrotation
							JOINT RightHand
							{
								OFFSET -3.34929 -0.00000 0.00000
								CHANNELS 3 Zrotation Yrotation Xrotation
								JOINT RightFingerBase
								{
									OFFSET 0 0 0
									CHANNELS 3 Zrotation Yrotation Xrotation
									JOINT RightHandIndex1
									{
										OFFSET -0.63804 -0.00000 0.00000
										CHANNELS 3 Zrotation Yrotation Xrotation
										End Site
										{
											OFFSET -0.51441 -0.00000 0.00000
										}
									}
								}
								JOINT RThumb
								{
									OFFSET 0 0 0
									CHANNELS 3 Zrotation Yrotation Xrotation
									End Site
									{
										OFFSET -0.52226 -0.00000 0.52226
									}
								}
							}
						}
					}
				}
			}
		}
	}
}
MOTION
Frames: 428
Frame Time: 0.0166666
5.2738 16.9819 -1.11 0 0 0 0 0 0 -21 0 0 0 0 0 0 0 0 0 0 0 0 0 0 21 0 0 0 0 0 0 0 0 0 0 0 0 0 0 0 0 0 0 0 0 0 0 -16 0 0 21 0 0 11 0 0 0 -8 0 0 0 0 0 0 0 0 0 0 0 0 0 0 0 0 0 0 0 0 8 0 0 0 0 0 0 0 0 0 0 0 0 0 0 0 0 0
5.5247 17.0365 -1.1400 134.8620 -84.5249 -130.9620 0.0000 0.0000 0.0000 -18.6348 -7.4745 -0.2225 0.6781 5.2653 14.6667 0.5124 15.6201 -26.6731 0.0950 1.9874 5.4707 0.0000 0.0000 0.0000 11.1496 -1.1116 0.1260 -0.1143 -2.1795 6.0020 0.3487 -15.4483 -17.8441 -0.0082 -0.5838 1.6043 -5.4225 -0.8348 -7.1085 -0.1005 -0.6091 1.7859 2.8688 -0.4949 5.9251 -13.4819 -9.6962 -16.6618 6.7031 -12.8878 29.0119 2.5730 -6.4743 14.0350 0.0000 0.0000 0.0000 -92.1570 -3.9415 24.7272 11.1949 -18.5864 -1.8376 -0.0000 0.0000 -3.3089 22.1940 -12.5098 -5.0501 -7.1250 0.0000 -0.0000 -3.5062 16.5205 2.3689 0.0000 0.0000 0.0000 88.3195 2.2190 17.1941 -13.3915 21.8582 -2.5973 0.0000 -0.0000 -5.1331 -9.1908 -30.9485 4.7565 7.1250 -0.0000 -0.0000 25.4666 -59.4016 -9.3287
5.5317 17.0384 -1.1419 135.5320 -84.5039 -131.5490 0.0000 0.0000 0.0000 -18.5530 -7.3613 -0.3544 0.6748 5.2529 14.6314 0.5142 15.4984 -26.5488 0.1113 2.1515 5.9246 0.0000 0.0000 0.0000 11.2200 -1.0195 0.0173 -0.1142 -2.1790 6.0007 0.3552 -15.5036 -17.8552 -0.0060 -0.4985 1.3697 -5.4319 -0.7891 -7.0736 -0.1116 -0.5525 1.6682 2.8704 -0.4609 5.7755 -13.4005 -9.5907 -16.5765 6.6668 -12.7743 29.0994 2.5726 -6.4284 14.0298 -0.0000 -0.0000 0.0000 -92.1638 -3.7757 25.6287 11.3650 -18.8456 -1.8921 -0.0000 0.0000 -3.8989 22.1063 -12.2073 -4.9090 -7.1250 0.0000 -0.0000 -3.5543 16.8525 2.3759 -0.0000 -0.0000 0.0000 88.3521 2.1094 17.5920 -13.5058 22.0238 -2.6399 0.0000 -0.0000 -5.0664 -9.4017 -30.9412 4.8661 7.1250 -0.0000 -0.0000 25.2453 -59.4432 -9.2664
5.5258 17.0342 -1.1399 135.4070 -84.4230 -131.4780 0.0000 0.0000 0.0000 -18.6543 -7.1666 -0.2789 0.6673 5.2242 14.5491 0.5001 15.5309 -26.4747 0.1034 2.0740 5.7102 0.0000 0.0000 0.0000 11.1227 -0.9286 -0.0804 -0.1279 -2.3051 6.3496 0.3447 -15.4769 -17.9512 -0.0026 -0.3305 0.9081 -5.5181 -0.7577 -7.1088 -0.1161 -0.5007 1.6551 2.9203 -0.4382 5.7782 -13.2230 -9.6620 -17.0235 6.2651 -12.7851 29.5361 2.3612 -6.4544 14.2688 0.0000 -0.0000 0.0000 -92.2645 -3.7090 26.2256 11.4623 -18.9934 -1.9237 -0.0000 0.0000 -3.7907 22.3012 -11.9842 -4.8679 -7.1250 0.0000 -0.0000 -3.4096 17.0725 2.2624 0.0000 -0.0000 0.0000 88.3084 2.0849 18.1236 -13.4504 21.9435 -2.6192 0.0000 -0.0000 -5.5488 -9.6216 -30.4993 4.9176 7.1250 -0.0000 -0.0000 24.6578 -59.0968 -8.8272
5.5139 17.0286 -1.1328 134.7400 -84.3331 -130.8930 0.0000 0.0000 0.0000 -18.8487 -7.2401 -0.0600 0.6671 5.2233 14.5464 0.5319 15.5185 -26.7099 0.1111 2.1496 5.9192 0.0000 0.0000 0.0000 10.9197 -0.9230 -0.0332 -0.1340 -2.3597 6.5008 0.3273 -15.4157 -18.0772 -0.0045 -0.4332 1.1904 -5.5859 -0.7855 -7.1602 -0.1375 -0.5280 1.6324 2.9325 -0.4535 5.7869 -13.2737 -9.5345 -16.6432 6.2960 -12.6219 29.3043 2.4321 -6.3981 14.0723 0.0000 0.0000 0.0000 -92.3711 -3.6917 26.1878 11.5030 -19.0551 -1.9370 -0.0000 0.0000 -3.4660 22.2270 -11.6443 -4.7150 -7.1250 0.0000 -0.0000 -3.4478 17.4432 2.2599 0.0000 0.0000 0.0000 88.1959 2.2346 18.1381 -13.3436 21.7886 -2.5794 0.0000 -0.0000 -4.7161 -8.8022 -30.3145 4.4691 7.1250 -0.0000 -0.0000 25.3413 -58.7478 -8.8770
5.5146 17.0313 -1.1323 135.6770 -84.3855 -131.8750 0.0000 0.0000 0.0000 -18.7427 -7.3542 -0.0913 0.6819 5.2799 14.7086 0.5254 15.6316 -26.7877 0.1061 2.1007 5.7840 0.0000 0.0000 0.0000 11.0334 -0.9882 0.2682 -0.1150 -2.1862 6.0204 0.3396 -15.3802 -17.8479 -0.0063 -0.5139 1.4121 -5.6296 -0.8555 -7.0103 -0.0304 -0.6342 1.5722 3.0578 -0.5041 5.6499 -13.5910 -9.3727 -16.0881 6.6023 -12.4216 28.8660 2.6684 -6.3218 13.7912 0.0000 -0.0000 0.0000 -92.4253 -3.5952 26.1485 11.6492 -19.2764 -1.9849 -0.0000 0.0000 -3.8681 22.0706 -11.8030 -4.7410 -7.1250 0.0000 -0.0000 -3.5632 17.2881 2.3479 0.0000 -0.0000 0.0000 87.9985 2.2980 18.7940 -13.2937 21.7161 -2.5609 0.0000 -0.0000 -4.9312 -8.8242 -29.8898 4.4237 7.1250 -0.0000 -0.0000 24.9816 -58.3721 -8.5121
5.5063 17.0392 -1.1279 136.9720 -84.3909 -133.1190 0.0000 0.0000 0.0000 -18.6678 -7.4695 -0.1433 0.6942 5.3260 14.8409 0.5285 15.7062 -26.8963 0.1044 2.0834 5.7363 0.0000 0.0000 0.0000 11.1009 -0.9969 0.5307 -0.0949 -1.9872 5.4704 0.3953 -15.6331 -17.5316 -0.0067 -0.5296 1.4552 -5.5747 -0.8632 -7.1368 0.0093 -0.6429 1.5745 3.0666 -0.5091 5.7249 -13.4370 -9.3018 -16.3806 6.4596 -12.2666 28.9178 2.6067 -6.2455 13.8318 0.0000 -0.0000 0.0000 -92.3560 -3.5725 26.4161 11.8079 -19.5159 -2.0376 -0.0000 0.0000 -4.0778 22.2531 -11.5268 -4.6743 -7.1250 0.0000 -0.0000 -3.4251 17.5667 2.2356 0.0000 -0.0000 0.0000 87.8984 2.2675 19.5587 -13.4572 21.9534 -2.6217 0.0000 -0.0000 -5.8412 -9.7907 -30.2793 4.9727 7.1250 -0.0000 -0.0000 24.3087 -58.9364 -8.5981
5.4984 17.0331 -1.1248 137.8150 -84.3840 -134.0240 0.0000 0.0000 0.0000 -18.6509 -7.4867 0.0076 0.6949 5.3287 14.8484 0.5685 15.6040 -27.0887 0.1319 2.3406 6.4480 0.0000 0.0000 0.0000 11.1358 -0.9463 0.6073 -0.0967 -2.0054 5.5205 0.3975 -15.6808 -17.5895 -0.0024 -0.3165 0.8697 -5.5126 -0.8180 -7.1392 0.0107 -0.5871 1.6022 3.0399 -0.4807 5.7492 -13.4617 -9.3484 -16.6187 6.3526 -12.2653 29.0476 2.5582 -6.2533 13.9324 0.0000 0.0000 0.0000 -92.3072 -3.7461 26.2901 11.7957 -19.4975 -2.0336 -0.0000 0.0000 -3.7360 22.1398 -10.9962 -4.4377 -7.1250 0.0000 -0.0000 -3.4855 18.1450 2.2309 0.0000 0.0000 0.0000 87.8144 2.2616 19.8409 -13.6501 22.2323 -2.6943 0.0000 -0.0000 -5.9599 -8.7929 -31.5280 4.6243 7.1250 -0.0000 -0.0000 26.3665 -59.8253 -9.9571
5.4896 17.0324 -1.1170 137.3730 -84.3569 -133.4610 0.0000 0.0000 0.0000 -18.7390 -7.4854 -0.1005 0.6969 5.3364 14.8706 0.5540 15.6804 -27.0631 0.1135 2.1719 5.9810 0.0000 0.0000 0.0000 11.0222 -0.9315 0.4729 -0.0985 -2.0244 5.5731 0.4015 -15.7153 -17.5976 -0.0030 -0.3560 0.9781 -5.5153 -0.8487 -7.2939 -0.0252 -0.6194 1.5018 2.9992 -0.4936 5.7340 -13.4260 -9.2951 -16.6257 6.2219 -12.1731 29.1858 2.5183 -6.2302 13.9689 -0.0000 -0.0000 0.0000 -92.0802 -3.8139 26.4299 11.5776 -19.1682 -1.9614 -0.0000 0.0000 -3.5779 21.4849 -11.2488 -4.3906 -7.1250 0.0000 -0.0000 -3.9542 17.9319 2.5508 -0.0000 -0.0000 0.0000 87.7799 2.0102 20.5917 -13.5507 22.0887 -2.6568 0.0000 -0.0000 -7.5236 -10.9486 -30.5163 5.6102 7.1250 -0.0000 -0.0000 23.3105 -59.4125 -8.4884
5.4840 17.0391 -1.1104 136.6830 -84.2550 -132.7030 0.0000 0.0000 0.0000 -18.8858 -7.5974 -0.1790 0.7023 5.3564 14.9279 0.5555 15.7314 -27.1320 0.1134 2.1711 5.9787 0.0000 0.0000 0.0000 10.8457 -0.9422 0.5240 -0.0914 -1.9501 5.3678 0.4099 -15.7461 -17.5349 -0.0033 -0.3700 1.0167 -5.5459 -0.8240 -7.3814 -0.1474 -0.5742 1.4422 2.8936 -0.4690 5.7155 -13.2746 -9.1967 -16.6164 6.2642 -12.1139 29.3230 2.5236 -6.1888 14.0090 0.0000 -0.0000 0.0000 -91.7547 -3.7385 26.6837 11.5669 -19.1520 -1.9579 -0.0000 0.0000 -3.9342 21.7325 -11.0028 -4.3505 -7.1250 0.0000 -0.0000 -3.7724 18.1730 2.4129 0.0000 -0.0000 0.0000 87.9149 2.0026 20.3687 -13.4573 21.9536 -2.6218 0.0000 -0.0000 -7.2771 -11.2610 -30.0545 5.6947 7.1250 -0.0000 -0.0000 22.6255 -59.0618 -8.0307
5.4724 17.0343 -1.1052 136.8490 -84.3369 -132.8970 0.0000 0.0000 0.0000 -18.8575 -7.7685 -0.0320 0.7033 5.3603 14.9392 0.5857 15.7609 -27.3950 0.1218 2.2503 6.1979 0.0000 0.0000 0.0000 10.8730 -1.0137 0.6070 -0.0904 -1.9392 5.3375 0.4292 -15.7997 -17.3609 -0.0005 -0.1422 0.3907 -5.4398 -0.8583 -7.5135 -0.1656 -0.6182 1.5103 2.8080 -0.4919 5.8650 -13.1884 -9.1923 -17.1216 6.2188 -12.0823 29.6781 2.4773 -6.1602 14.2583 -0.0000 -0.0000 0.0000 -91.6319 -3.8797 26.1776 11.3939 -18.8895 -1.9015 -0.0000 0.0000 -3.2761 19.7009 -10.7826 -3.8324 -7.1250 0.0000 -0.0000 -5.1993 18.5706 3.2863 -0.0000 -0.0000 0.0000 87.9849 2.1777 20.2083 -13.3592 21.8112 -2.5852 0.0000 -0.0000 -7.0228 -11.0603 -30.2349 5.6215 7.1250 -0.0000 -0.0000 22.9726 -59.1814 -8.2287
5.4592 17.0291 -1.1036 136.9600 -84.2731 -133.0330 0.0000 0.0000 0.0000 -18.9178 -7.6332 0.0371 0.6983 5.3416 14.8855 0.5803 15.7317 -27.3212 0.1068 2.1073 5.8022 0.0000 0.0000 0.0000 10.8272 -0.9116 0.4870 -0.1042 -2.0811 5.7298 0.3987 -15.7162 -17.6377 -0.0000 -0.0048 0.0132 -5.5151 -0.8526 -7.5702 -0.1683 -0.6014 1.4563 2.8495 -0.4845 5.8398 -13.1431 -9.3801 -17.4294 5.8330 -12.2504 30.0820 2.2649 -6.2726 14.4903 0.0000 0.0000 0.0000 -91.6769 -3.7243 25.2204 11.2301 -18.6401 -1.8488 -0.0000 0.0000 -2.0105 22.6686 -11.0489 -4.5764 -7.1250 0.0000 -0.0000 -3.1154 18.0419 2.0003 0.0000 0.0000 0.0000 87.9245 2.0587 20.1248 -13.2885 21.7085 -2.5590 0.0000 -0.0000 -7.0095 -10.6661 -29.8359 5.3531 7.1250 -0.0000 -0.0000 23.0679 -58.7291 -8.0123
5.4487 17.0208 -1.0892 135.4750 -84.1597 -131.7470 0.0000 0.0000 0.0000 -19.2346 -7.6269 0.3682 0.6968 5.3358 14.8688 0.6182 15.6445 -27.5099 0.1182 2.2169 6.1054 0.0000 0.0000 0.0000 10.4848 -0.9620 0.6142 -0.1118 -2.1560 5.9369 0.4096 -15.7861 -17.6146 -0.0022 0.3041 -0.8357 -5.5806 -0.8456 -7.4576 -0.2474 -0.5890 1.4807 2.8055 -0.4790 5.8004 -13.0763 -9.3714 -17.2661 5.7717 -12.2572 30.0116 2.2353 -6.2813 14.4134 0.0000 0.0000 0.0000 -91.5616 -3.8168 25.1047 10.9375 -18.1924 -1.7564 -0.0000 0.0000 -2.0349 22.9372 -11.3262 -4.7510 -7.1250 0.0000 -0.0000 -2.9378 17.7193 1.9068 0.0000 0.0000 0.0000 87.9560 1.9016 19.8575 -13.2307 21.6243 -2.5377 0.0000 -0.0000 -6.8090 -10.5134 -29.8720 5.2809 7.1250 -0.0000 -0.0000 23.2519 -58.7282 -8.0802
5.4432 17.0239 -1.0959 137.1550 -84.0692 -133.4470 0.0000 0.0000 0.0000 -19.1339 -7.7118 0.3743 0.6997 5.3470 14.9009 0.6082 15.8648 -27.6792 0.1261 2.2892 6.3056 0.0000 0.0000 0.0000 10.6668 -0.7976 0.7212 -0.1096 -2.1350 5.8790 0.4015 -15.7629 -17.6856 -0.0007 0.1758 -0.4830 -5.6462 -0.7785 -7.4789 -0.2342 -0.4913 1.5148 2.8682 -0.4351 5.8407 -12.9607 -9.3405 -17.3765 5.7764 -12.2366 30.0534 2.2188 -6.2560 14.4437 -0.0000 0.0000 0.0000 -91.4747 -3.9357 24.6509 10.7740 -17.9411 -1.7057 -0.0000 0.0000 -1.6257 23.0141 -12.0317 -5.0600 -7.1250 0.0000 -0.0000 -2.9151 16.9526 1.9410 -0.0000 0.0000 0.0000 88.0205 1.9879 19.4729 -13.1181 21.4601 -2.4963 0.0000 -0.0000 -6.3895 -10.9387 -29.9710 5.5148 7.1250 -0.0000 -0.0000 22.8923 -58.9132 -8.0494
5.4413 17.0236 -1.0925 136.3580 -83.9570 -132.6290 0.0000 0.0000 0.0000 -19.3223 -7.8094 0.4604 0.6875 5.3011 14.7695 0.5823 16.0105 -27.6490 0.1218 2.2499 6.1969 0.0000 0.0000 0.0000 10.5071 -0.7126 0.5205 -0.1229 -2.2601 6.2251 0.3646 -15.5623 -17.8307 -0.0007 -0.1658 0.4555 -5.8094 -0.8131 -7.4867 -0.2410 -0.5227 1.4772 2.9490 -0.4546 5.8106 -12.9004 -9.2855 -17.3750 5.6167 -12.1354 30.1597 2.1650 -6.2302 14.4606 -0.0000 0.0000 0.0000 -91.5143 -3.9466 24.0096 10.7015 -17.8293 -1.6834 -0.0000 0.0000 -1.3879 22.5556 -11.3810 -4.6856 -7.1250 0.0000 -0.0000 -3.2076 17.6955 2.0841 -0.0000 0.0000 0.0000 87.9383 1.8398 19.3249 -13.2318 21.6259 -2.5381 0.0000 -0.0000 -6.1035 -9.6151 -31.1088 5.0022 7.1250 -0.0000 -0.0000 25.1673 -59.6419 -9.3564
5.4282 17.0206 -1.0867 134.2120 -83.8572 -130.5070 0.0000 0.0000 0.0000 -19.5993 -7.5623 0.5026 0.6813 5.2775 14.7018 0.5775 15.8364 -27.4176 0.1331 2.3517 6.4786 0.0000 0.0000 0.0000 10.1878 -0.7972 0.4566 -0.1333 -2.3529 6.4819 0.3267 -15.4475 -18.1420 -0.0024 -0.3177 0.8730 -6.0075 -0.8576 -7.6389 -0.2977 -0.5491 1.5017 2.9962 -0.4776 5.9284 -12.9166 -9.2129 -17.2612 5.6404 -12.0443 30.1203 2.2008 -6.1943 14.4107 -0.0000 0.0000 0.0000 -91.5672 -3.8616 23.5688 10.6909 -17.8129 -1.6801 -0.0000 0.0000 -1.1750 22.3130 -11.7086 -4.7608 -7.1250 0.0000 -0.0000 -3.3902 17.3664 2.2277 -0.0000 0.0000 0.0000 87.8681 1.8394 18.8650 -13.3379 21.7803 -2.5773 0.0000 -0.0000 -5.2227 -9.7241 -30.3059 4.9423 7.1250 -0.0000 -0.0000 24.3978 -58.9455 -8.6375
5.4337 17.0247 -1.0862 135.5960 -83.9960 -131.8310 0.0000 0.0000 0.0000 -19.3545 -7.6744 0.3256 0.6917 5.3168 14.8142 0.5545 16.0003 -27.4281 0.1059 2.0985 5.7780 0.0000 0.0000 0.0000 10.4587 -0.8157 0.5374 -0.1200 -2.2328 6.1496 0.3659 -15.6546 -17.9806 -0.0011 -0.2158 0.5928 -5.8248 -0.8309 -7.5226 -0.2309 -0.5454 1.4095 2.9655 -0.4638 5.7620 -12.6893 -8.8883 -17.0596 5.4102 -11.6157 30.2970 2.1668 -6.0311 14.3575 -0.0000 0.0000 0.0000 -91.5636 -3.8177 23.2405 10.5536 -17.6007 -1.6384 -0.0000 0.0000 -0.8732 22.4965 -12.5110 -5.1265 -7.1250 0.0000 -0.0000 -3.2965 16.4892 2.2290 -0.0000 0.0000 0.0000 87.8461 1.7487 18.6051 -13.2571 21.6627 -2.5474 0.0000 -0.0000 -5.0127 -9.4885 -30.6974 4.8769 7.1250 -0.0000 -0.0000 24.9549 -59.2446 -9.0314
5.4339 17.0260 -1.0859 136.1500 -84.1309 -132.3500 0.0000 0.0000 0.0000 -19.2121 -7.7860 0.3365 0.6991 5.3448 14.8945 0.6055 15.8023 -27.5895 0.1343 2.3624 6.5083 0.0000 0.0000 0.0000 10.6285 -0.9157 0.6599 -0.1090 -2.1287 5.8614 0.3931 -15.7649 -17.8065 -0.0007 -0.1650 0.4532 -5.7108 -0.8611 -7.4959 -0.1692 -0.6028 1.3565 2.9596 -0.4862 5.6952 -12.3156 -8.5091 -17.4185 5.0779 -11.1032 31.0286 2.0584 -5.8239 14.6490 0.0000 0.0000 0.0000 -91.6130 -3.7238 23.0123 10.5243 -17.5555 -1.6295 -0.0000 0.0000 -0.4798 22.4385 -12.1627 -4.9725 -7.1250 0.0000 -0.0000 -3.3215 16.8682 2.2185 0.0000 0.0000 0.0000 87.7917 1.7409 18.3591 -13.1068 21.4436 -2.4922 0.0000 -0.0000 -4.6325 -9.8330 -29.8189 4.9260 7.1250 -0.0000 -0.0000 23.9046 -58.5296 -8.2083
5.4285 17.0212 -1.0874 135.7930 -84.2013 -132.0040 0.0000 0.0000 0.0000 -19.1663 -7.6833 0.3092 0.6992 5.3449 14.8949 0.5920 15.7682 -27.4504 0.1283 2.3093 6.3611 0.0000 0.0000 0.0000 10.6843 -0.9997 0.6815 -0.1104 -2.1427 5.9002 0.3724 -15.6875 -17.9513 -0.0028 -0.3395 0.9327 -5.7252 -0.8688 -7.4994 -0.1499 -0.6138 1.3157 2.9868 -0.4905 5.6556 -11.5370 -7.9750 -18.2898 4.4234 -10.3736 32.3183 1.7717 -5.5210 15.2472 -0.0000 -0.0000 0.0000 -91.5816 -3.6255 23.2650 10.5230 -17.5534 -1.6291 -0.0000 0.0000 -0.7792 22.6187 -12.1039 -4.9929 -7.1250 0.0000 -0.0000 -3.1935 16.9137 2.1296 -0.0000 -0.0000 0.0000 87.7945 1.6443 18.0649 -13.0573 21.3711 -2.4741 0.0000 -0.0000 -4.3235 -9.9378 -29.9436 4.9981 7.1250 -0.0000 -0.0000 23.8946 -58.6657 -8.2837
5.4133 17.0239 -1.0862 135.3620 -84.2353 -131.5660 0.0000 0.0000 0.0000 -19.1942 -7.5735 0.4236 0.6854 5.2930 14.7463 0.5886 15.7051 -27.3543 0.1187 2.2216 6.1185 0.0000 0.0000 0.0000 10.6516 -0.9767 0.4542 -0.1308 -2.3312 6.4218 0.3166 -15.4420 -18.2673 -0.0037 -0.3942 1.0830 -5.6587 -0.8663 -7.7315 -0.1917 -0.5980 1.3501 2.9055 -0.4849 5.8210 -10.8835 -7.1125 -18.7689 4.5384 -9.4350 33.3992 1.8865 -5.0565 15.7282 -0.0000 0.0000 0.0000 -91.5123 -3.7017 23.3319 10.4669 -17.4666 -1.6123 -0.0000 0.0000 -0.7693 22.6840 -12.2325 -5.0610 -7.1250 0.0000 -0.0000 -3.1538 16.7692 2.1130 -0.0000 0.0000 0.0000 87.8726 1.6774 17.8360 -12.9908 21.2737 -2.4499 0.0000 -0.0000 -4.3080 -9.9023 -29.9096 4.9748 7.1250 -0.0000 -0.0000 23.9043 -58.6270 -8.2648
5.4070 17.0120 -1.0876 133.2910 -84.0581 -129.5850 0.0000 0.0000 0.0000 -19.5209 -7.4291 0.6071 0.6740 5.2496 14.6218 0.6034 15.5828 -27.3305 0.1245 2.2743 6.2642 0.0000 0.0000 0.0000 10.3336 -1.0137 0.4630 -0.1398 -2.4095 6.6387 0.3061 -15.4401 -18.4015 -0.0010 -0.2045 0.5619 -5.8837 -0.8529 -7.8048 -0.3059 -0.5471 1.3798 2.9180 -0.4686 5.8917 -9.8024 -6.1336 -19.7153 4.1180 -8.2665 34.9157 1.7380 -4.5160 16.4796 -0.0000 0.0000 0.0000 -91.4874 -3.7663 23.2667 10.4439 -17.4309 -1.6054 -0.0000 0.0000 -0.6758 22.4859 -12.6417 -5.1762 -7.1250 0.0000 -0.0000 -3.3099 16.3503 2.2480 -0.0000 0.0000 0.0000 87.9394 1.6637 17.7409 -12.9526 21.2177 -2.4361 0.0000 -0.0000 -4.3099 -9.9327 -29.8271 4.9779 7.1250 -0.0000 -0.0000 23.8095 -58.5589 -8.1902
5.4036 17.0220 -1.0933 133.3070 -84.0829 -129.6210 0.0000 0.0000 0.0000 -19.4868 -7.7204 0.6884 0.6729 5.2455 14.6101 0.5623 15.9408 -27.4200 0.1087 2.1262 5.8547 0.0000 0.0000 0.0000 10.3896 -1.0643 0.5705 -0.1333 -2.3536 6.4840 0.3171 -15.4148 -18.2132 -0.0012 -0.2205 0.6059 -5.8931 -0.8341 -7.9030 -0.2829 -0.5122 1.4613 2.9509 -0.4575 6.0312 -8.4838 -4.9381 -20.4928 3.5923 -6.8058 36.1683 1.5708 -3.8392 17.0686 -0.0000 0.0000 0.0000 -91.5059 -3.9470 23.3642 10.5323 -17.5679 -1.6320 -0.0000 0.0000 -0.9041 21.9823 -12.0720 -4.8257 -7.1250 0.0000 -0.0000 -3.6352 17.0088 2.4178 -0.0000 0.0000 0.0000 87.8605 1.7744 17.8032 -13.0189 21.3149 -2.4602 0.0000 -0.0000 -4.3968 -9.6347 -29.9295 4.8414 7.1250 -0.0000 -0.0000 24.1919 -58.5859 -8.3477
5.4013 17.0261 -1.0996 133.3470 -84.0812 -129.6020 0.0000 0.0000 0.0000 -19.4750 -7.9042 0.6189 0.6842 5.2886 14.7337 0.5645 16.0268 -27.5333 0.1107 2.1453 5.9073 0.0000 0.0000 0.0000 10.4193 -1.1658 0.8337 -0.1088 -2.1267 5.8559 0.3607 -15.5846 -17.9245 -0.0020 -0.2908 0.7989 -5.9406 -0.8460 -7.9594 -0.2189 -0.5249 1.3978 3.0433 -0.4642 5.9986 -7.2124 -3.7927 -21.1796 2.7763 -5.3447 37.6787 1.2759 -3.2298 17.8370 0.0000 0.0000 0.0000 -91.5310 -3.9935 23.8654 10.5111 -17.5351 -1.6256 -0.0000 0.0000 -1.7021 22.1766 -12.1087 -4.8872 -7.1250 0.0000 -0.0000 -3.5014 16.9511 2.3328 0.0000 0.0000 0.0000 87.7013 1.6807 18.0020 -13.0869 21.4145 -2.4849 0.0000 -0.0000 -4.5804 -9.7046 -29.9378 4.8782 7.1250 -0.0000 -0.0000 24.1273 -58.6088 -8.3371
5.3895 17.0223 -1.1058 132.0420 -84.1080 -128.4190 0.0000 0.0000 0.0000 -19.5692 -7.7534 0.8472 0.6721 5.2425 14.6015 0.5496 15.9986 -27.3893 0.0937 1.9741 5.4342 0.0000 0.0000 0.0000 10.3342 -1.2561 0.7889 -0.1247 -2.2761 6.2692 0.3337 -15.5317 -18.1959 -0.0008 -0.1847 0.5074 -5.9680 -0.8054 -7.8780 -0.2592 -0.4728 1.3723 3.0238 -0.4362 5.9201 -6.4792 -2.8990 -21.3144 2.7695 -4.3276 38.3241 1.3626 -2.7415 18.1272 0.0000 -0.0000 0.0000 -91.5638 -3.7041 23.8878 10.7764 -17.9447 -1.7064 -0.0000 0.0000 -1.5449 21.7580 -11.8854 -4.6992 -7.1250 0.0000 -0.0000 -3.7845 17.2289 2.4993 0.0000 -0.0000 0.0000 87.7581 1.4930 17.9551 -13.2159 21.6027 -2.5322 0.0000 -0.0000 -4.6765 -9.7659 -30.6302 5.0116 7.1250 -0.0000 -0.0000 24.6167 -59.2470 -8.9009
5.3870 17.0147 -1.1143 130.9540 -84.1869 -127.2970 0.0000 0.0000 0.0000 -19.5242 -7.5357 0.8809 0.6505 5.1590 14.3626 0.5432 15.8270 -27.1465 0.0947 1.9847 5.4634 0.0000 0.0000 0.0000 10.3642 -1.2281 0.3006 -0.1628 -2.5997 7.1662 0.2508 -15.1675 -18.6563 -0.0020 -0.2889 0.7938 -5.9645 -0.7733 -7.4948 -0.2241 -0.4740 0.9889 3.0625 -0.4120 5.2972 -5.9146 -2.0733 -20.9976 2.6664 -3.3632 39.0022 1.4251 -2.3292 18.3416 0.0000 0.0000 0.0000 -91.6921 -3.0036 24.1987 10.9868 -18.2680 -1.7718 -0.0000 0.0000 -2.0204 21.5744 -11.6651 -4.5710 -7.1250 0.0000 -0.0000 -3.9050 17.4805 2.5577 0.0000 0.0000 0.0000 87.6921 0.7879 17.9997 -13.3510 21.7994 -2.5822 0.0000 -0.0000 -4.8144 -9.6728 -31.4517 5.0822 7.1250 -0.0000 -0.0000 25.3996 -59.9616 -9.6456
5.3806 17.0104 -1.1173 128.0460 -84.1575 -124.4540 0.0000 0.0000 0.0000 -19.7410 -7.4423 0.9294 0.6494 5.1548 14.3506 0.5371 15.6434 -26.8913 0.0906 1.9417 5.3446 0.0000 0.0000 0.0000 10.1089 -1.4382 0.2618 -0.1745 -2.6910 7.4195 0.2129 -15.0107 -18.8787 -0.0031 -0.3608 0.9912 -6.0032 -0.8084 -7.5720 -0.3116 -0.5045 1.0773 2.9878 -0.4329 5.4368 -5.5124 -1.4361 -20.8760 2.5818 -2.5310 39.2240 1.4948 -1.9619 18.3680 0.0000 0.0000 0.0000 -91.5771 -3.1877 24.7172 10.9856 -18.2661 -1.7714 -0.0000 0.0000 -2.4102 21.5709 -11.5333 -4.5195 -7.1250 0.0000 -0.0000 -3.9029 17.6213 2.5442 0.0000 0.0000 0.0000 87.7381 0.9666 17.7909 -13.2208 21.6098 -2.5340 0.0000 -0.0000 -4.7206 -9.8937 -31.1251 5.1516 7.1250 -0.0000 -0.0000 24.8952 -59.7205 -9.2945
5.3716 17.0143 -1.1285 126.4680 -84.2982 -122.8760 0.0000 0.0000 0.0000 -19.6675 -7.5909 0.9197 0.6562 5.1813 14.4263 0.5491 15.5524 -26.8811 0.0991 2.0297 5.5877 0.0000 0.0000 0.0000 10.1715 -1.6897 0.3442 -0.1671 -2.6333 7.2594 0.2237 -14.9908 -18.7107 -0.0051 -0.4590 1.2611 -5.9356 -0.8246 -7.8360 -0.3302 -0.5037 1.3089 2.9275 -0.4456 5.8307 -4.9072 -0.8509 -21.3771 2.2487 -1.6914 39.5166 1.4130 -1.5849 18.6047 0.0000 -0.0000 0.0000 -91.4933 -3.6570 24.8409 10.9833 -18.2626 -1.7707 -0.0000 0.0000 -2.1330 21.4276 -11.4621 -4.4593 -7.1250 0.0000 -0.0000 -4.0011 17.7097 2.6008 0.0000 -0.0000 0.0000 87.7565 1.4675 17.8554 -13.0719 21.3925 -2.4795 0.0000 -0.0000 -4.9012 -9.7277 -31.5192 5.1212 7.1250 -0.0000 -0.0000 25.4013 -60.0345 -9.6909
5.3699 17.0188 -1.1436 125.4810 -84.3369 -121.8140 0.0000 0.0000 0.0000 -19.5948 -7.5900 0.8021 0.6537 5.1716 14.3985 0.5271 15.5904 -26.7540 0.0779 1.8007 4.9552 0.0000 0.0000 0.0000 10.2636 -1.7583 0.1968 -0.1725 -2.6756 7.3769 0.2191 -15.0547 -18.8723 -0.0016 -0.2591 0.7118 -6.0681 -0.8833 -7.9423 -0.2190 -0.5674 1.2867 3.1100 -0.4839 5.8773 -4.5542 -0.3137 -21.4452 1.9998 -0.9020 39.7503 1.4041 -1.2647 18.7101 -0.0000 0.0000 0.0000 -91.6831 -3.6238 24.8537 11.0326 -18.3382 -1.7862 -0.0000 0.0000 -2.4277 21.4210 -11.4663 -4.4594 -7.1250 0.0000 -0.0000 -4.0058 17.7059 2.6042 -0.0000 0.0000 0.0000 87.5542 1.2539 18.6548 -13.1082 21.4456 -2.4927 0.0000 -0.0000 -6.1453 -10.5738 -30.6220 5.4317 7.1250 -0.0000 -0.0000 23.7815 -59.4230 -8.6780
5.3547 17.0078 -1.1450 123.1070 -84.2908 -119.4850 0.0000 0.0000 0.0000 -19.7838 -7.3241 0.8848 0.6465 5.1436 14.3185 0.5412 15.3089 -26.5459 0.0739 1.7535 4.8249 0.0000 0.0000 0.0000 9.9777 -1.9132 0.1228 -0.1869 -2.7844 7.6792 0.1891 -14.9055 -19.0059 -0.0043 -0.4228 1.1617 -6.1779 -0.8182 -7.7451 -0.2297 -0.4916 1.0929 3.1726 -0.4367 5.5538 -4.1584 -0.0077 -21.0861 1.7437 -0.5351 39.9384 1.2887 -1.1109 18.7019 -0.0000 0.0000 0.0000 -91.8547 -3.1711 24.6551 11.0792 -18.4095 -1.8008 -0.0000 0.0000 -2.1102 21.4344 -11.5708 -4.5025 -7.1250 0.0000 -0.0000 -3.9998 17.5934 2.6102 -0.0000 0.0000 0.0000 87.5764 0.6603 18.1915 -13.2488 21.6507 -2.5444 0.0000 -0.0000 -5.8131 -10.9590 -29.7804 5.4935 7.1250 -0.0000 -0.0000 22.7255 -58.7435 -7.8933
5.3525 17.0068 -1.1568 123.2710 -84.4776 -119.6290 0.0000 0.0000 0.0000 -19.5523 -7.2908 0.8339 0.6525 5.1671 14.3858 0.5527 15.1236 -26.4285 0.0792 1.8158 4.9969 0.0000 0.0000 0.0000 10.2486 -1.9989 0.1237 -0.1861 -2.7784 7.6625 0.1747 -14.7861 -18.9945 -0.0081 -0.5829 1.6019 -5.9377 -0.7378 -7.7353 -0.1971 -0.4070 1.1482 3.0822 -0.3899 5.5953 -3.6019 0.3208 -21.4382 1.3812 -0.0928 40.2527 1.1148 -0.9107 18.9663 0.0000 -0.0000 0.0000 -91.9192 -3.1965 24.6184 11.1545 -18.5248 -1.8247 -0.0000 0.0000 -2.1278 21.3613 -11.4647 -4.4452 -7.1250 0.0000 -0.0000 -4.0477 17.7128 2.6309 0.0000 -0.0000 0.0000 87.6181 0.9276 17.8730 -13.1590 21.5198 -2.5113 0.0000 -0.0000 -5.5269 -10.4805 -30.8249 5.4149 7.1250 -0.0000 -0.0000 24.0425 -59.5852 -8.8744
5.3411 17.0074 -1.1750 122.7960 -84.5858 -119.2520 0.0000 0.0000 0.0000 -19.3996 -7.1927 0.9018 0.6592 5.1930 14.4599 0.5682 14.9750 -26.3853 0.0843 1.8732 5.1553 0.0000 0.0000 0.0000 10.4515 -2.1636 0.3570 -0.1804 -2.7355 7.5432 0.1442 -14.7117 -19.2511 -0.0144 -0.7736 2.1260 -5.9067 -0.7348 -7.9048 -0.1548 -0.3906 1.2868 3.1101 -0.3910 5.8367 -3.0942 0.7563 -21.3445 1.0491 0.5180 40.2705 0.9974 -0.6398 18.9293 -0.0000 -0.0000 0.0000 -92.0079 -3.3026 24.3032 11.1094 -18.4558 -1.8104 -0.0000 0.0000 -1.6867 21.3772 -11.4482 -4.4426 -7.1250 0.0000 -0.0000 -4.0359 17.7290 2.6218 -0.0000 -0.0000 0.0000 87.5180 1.1963 17.5958 -13.1499 21.5065 -2.5080 0.0000 -0.0000 -4.6076 -9.4423 -30.9482 4.8884 7.1250 -0.0000 -0.0000 25.2094 -59.4586 -9.2616
5.3291 17.0075 -1.1863 118.6490 -84.4204 -115.1830 0.0000 0.0000 0.0000 -19.7133 -7.0626 0.9392 0.6536 5.1712 14.3974 0.5271 14.8995 -25.9741 0.0668 1.6674 4.5872 0.0000 0.0000 0.0000 10.0848 -2.4410 0.3486 -0.1883 -2.7949 7.7084 0.1373 -14.7292 -19.3609 -0.0078 -0.5691 1.5637 -6.1623 -0.7753 -8.1501 -0.3148 -0.3864 1.4848 3.0841 -0.4099 6.1882 -2.5994 1.0660 -21.5633 1.0894 0.7768 40.4423 0.9884 -0.4563 19.0872 0.0000 -0.0000 0.0000 -91.8031 -3.5272 24.4599 11.1227 -18.4762 -1.8146 -0.0000 0.0000 -1.7891 21.2677 -11.5465 -4.4549 -7.1250 0.0000 -0.0000 -4.1157 17.6339 2.6825 0.0000 -0.0000 0.0000 87.7638 1.5385 17.3789 -13.1827 21.5543 -2.5200 0.0000 -0.0000 -4.4278 -9.5723 -30.6860 4.9189 7.1250 -0.0000 -0.0000 24.8600 -59.2532 -8.9996
5.3439 17.0047 -1.2035 118.2650 -84.6765 -114.7440 0.0000 0.0000 0.0000 -19.3516 -7.1044 0.9291 0.6287 5.0735 14.1183 0.5056 14.8664 -25.7635 0.0740 1.7554 4.8303 0.0000 0.0000 0.0000 10.5082 -2.4444 -0.0770 -0.2197 -3.0174 8.3271 0.0984 -14.5913 -19.6131 -0.0064 -0.5176 1.4222 -5.9384 -0.7018 -8.0480 -0.2930 -0.3217 1.4242 2.9906 -0.3651 6.0564 -2.3752 1.3163 -21.0542 1.2775 0.9596 40.3794 1.0739 -0.3220 18.9005 -0.0000 -0.0000 0.0000 -91.7239 -3.4525 24.6245 11.1218 -18.4747 -1.8143 -0.0000 0.0000 -2.0608 21.2391 -11.5762 -4.4596 -7.1250 0.0000 -0.0000 -4.1367 17.6048 2.6989 -0.0000 -0.0000 0.0000 87.8639 1.3940 17.4236 -13.4024 21.8740 -2.6013 0.0000 -0.0000 -4.6199 -9.6776 -31.2287 5.0525 7.1250 -0.0000 -0.0000 25.2044 -59.7635 -9.4452
5.3311 17.0055 -1.2153 116.2200 -84.5825 -112.6710 0.0000 0.0000 0.0000 -19.5074 -7.2035 1.0039 0.6217 5.0460 14.0398 0.5223 14.8264 -25.8535 0.0867 1.8990 5.2265 0.0000 0.0000 0.0000 10.3456 -2.5734 -0.1369 -0.2286 -3.0772 8.4938 0.0336 -14.2371 -19.8460 -0.0221 -0.9587 2.6352 -6.0917 -0.6774 -7.8176 -0.3140 -0.3032 1.0915 3.0591 -0.3406 5.5727 -2.2081 1.9485 -20.5771 1.6079 1.6557 40.8802 1.3492 -0.0046 19.0474 0.0000 -0.0000 0.0000 -91.7960 -2.8906 24.4135 11.1149 -18.4641 -1.8121 -0.0000 0.0000 -2.0318 20.7797 -11.4741 -4.3167 -7.1250 0.0000 -0.0000 -4.4555 17.7530 2.8936 0.0000 -0.0000 0.0000 87.8331 0.8859 17.5243 -13.3550 21.8052 -2.5837 0.0000 -0.0000 -4.8181 -9.5781 -30.8574 4.9466 7.1250 -0.0000 -0.0000 24.9953 -59.4084 -9.1463
5.3258 17.0000 -1.2308 115.6600 -84.8819 -112.2400 0.0000 0.0000 0.0000 -19.1917 -7.2820 1.0883 0.6288 5.0740 14.1197 0.5136 14.8538 -25.8141 0.0778 1.7998 4.9528 0.0000 0.0000 0.0000 10.6824 -2.7903 0.0534 -0.2247 -3.0509 8.4206 0.0352 -14.2668 -19.8696 -0.0161 -0.8183 2.2489 -5.8660 -0.6575 -7.9360 -0.2082 -0.2859 1.3113 3.0445 -0.3386 5.8693 -1.7556 2.3977 -20.7296 1.4273 2.2658 40.9978 1.3183 0.2804 19.1546 0.0000 -0.0000 0.0000 -91.7586 -3.1879 24.7294 11.0780 -18.4077 -1.8005 -0.0000 0.0000 -2.4333 20.7235 -11.3318 -4.2515 -7.1250 0.0000 -0.0000 -4.4912 17.9087 2.9015 0.0000 -0.0000 0.0000 87.8377 1.2306 17.2596 -13.2612 21.6688 -2.5489 0.0000 -0.0000 -4.7465 -9.6511 -30.6119 4.9492 7.1250 -0.0000 -0.0000 24.7191 -59.2045 -8.9154
5.3059 16.9912 -1.2344 111.5060 -84.7623 -108.2850 0.0000 0.0000 0.0000 -19.4814 -7.1008 1.2903 0.6293 5.0762 14.1260 0.5029 14.6182 -25.4617 0.0666 1.6654 4.5818 0.0000 0.0000 0.0000 10.2713 -3.1597 0.2636 -0.2271 -3.0675 8.4666 0.0285 -14.2376 -19.9042 -0.0235 -0.9905 2.7226 -5.9637 -0.7063 -8.1193 -0.2927 -0.3161 1.5241 3.0052 -0.3695 6.2030 -1.4613 2.8149 -21.0081 1.4789 2.7745 41.3239 1.4129 0.5222 19.4276 0.0000 0.0000 0.0000 -91.6904 -3.4261 24.9098 10.9687 -18.2402 -1.7661 -0.0000 0.0000 -3.0480 21.3274 -11.7273 -4.5373 -7.1250 0.0000 -0.0000 -4.0797 17.4364 2.6766 0.0000 0.0000 0.0000 87.8338 1.4029 17.3236 -13.1776 21.5469 -2.5182 0.0000 -0.0000 -4.7178 -9.8903 -29.4594 4.9010 7.1250 -0.0000 -0.0000 23.5717 -58.2158 -7.9055
5.3493 17.0115 -1.2593 112.7750 -85.0863 -109.2380 0.0000 0.0000 0.0000 -18.8827 -7.2662 0.5655 0.6399 5.1177 14.2447 0.4148 14.9348 -25.0924 0.0392 1.2771 3.5116 0.0000 0.0000 0.0000 10.9640 -3.1845 0.1859 -0.1861 -2.7786 7.6629 0.0708 -14.4114 -19.6691 -0.0393 -1.2801 3.5199 -5.7725 -0.6299 -7.8269 -0.0956 -0.2701 1.3334 3.1126 -0.3285 5.8286 -0.9794 3.1745 -20.8368 1.1257 3.2643 41.5616 1.2607 0.7261 19.5436 -0.0000 0.0000 0.0000 -91.7846 -3.3113 24.7237 11.2054 -18.6024 -1.8409 -0.0000 0.0000 -2.9488 21.0467 -11.5450 -4.4038 -7.1250 0.0000 -0.0000 -4.2705 17.6549 2.7820 -0.0000 0.0000 0.0000 87.7183 1.5020 17.1985 -13.2297 21.6229 -2.5373 0.0000 -0.0000 -4.5386 -9.4905 -30.0627 4.7870 7.1250 -0.0000 -0.0000 24.4429 -58.6743 -8.4936
5.4549 17.0448 -1.3187 126.7120 -86.0709 -122.7290 0.0000 0.0000 0.0000 -16.9317 -7.8708 -0.2343 0.6421 5.1265 14.2696 0.3906 15.3740 -25.4057 0.0821 1.8487 5.0878 0.0000 0.0000 0.0000 13.2640 -2.4324 -0.4831 -0.1747 -2.6921 7.4228 0.0396 -14.0942 -19.5703 -0.1412 -2.4214 6.6719 -5.0638 -0.3077 -6.7968 0.4746 -0.0058 0.9630 3.3417 -0.1489 4.8245 -0.7988 3.4962 -20.8019 1.1845 3.6454 41.8873 1.3454 0.8963 19.7388 -0.0000 -0.0000 0.0000 -91.9969 -3.4798 24.0429 11.2095 -18.6086 -1.8422 -0.0000 0.0000 -2.0613 20.6599 -11.2390 -4.2032 -7.1250 0.0000 -0.0000 -4.5335 18.0122 2.9186 -0.0000 -0.0000 0.0000 87.5850 1.6709 17.2551 -13.1870 21.5606 -2.5216 0.0000 -0.0000 -4.7324 -9.4903 -30.2472 4.8134 7.1250 -0.0000 -0.0000 24.5893 -58.8406 -8.6479
5.3160 16.9981 -1.2786 108.5200 -85.1868 -105.1070 0.0000 0.0000 0.0000 -18.9133 -7.5128 1.0478 0.6233 5.0522 14.0575 0.4296 14.9099 -25.1877 0.0460 1.3834 3.8045 0.0000 0.0000 0.0000 10.9549 -3.5252 0.0911 -0.2171 -2.9992 8.2766 0.0076 -14.1021 -19.9495 -0.0335 -1.1807 3.2462 -5.6474 -0.5126 -8.3056 -0.0549 -0.0863 1.6097 3.1089 -0.2550 6.3762 -0.3842 3.8399 -20.9516 0.9905 4.1048 42.1100 1.2869 1.1064 19.9429 0.0000 0.0000 0.0000 -91.9779 -3.5880 24.3014 11.2352 -18.6479 -1.8504 -0.0000 0.0000 -2.1425 20.2905 -10.9165 -4.0052 -7.1250 0.0000 -0.0000 -4.7860 18.3835 3.0430 0.0000 0.0000 0.0000 87.6402 1.8247 16.8255 -13.1096 21.4476 -2.4932 0.0000 -0.0000 -4.4818 -9.5504 -29.6038 4.7512 7.1250 -0.0000 -0.0000 24.0260 -58.2729 -8.1029
5.3045 16.9896 -1.2811 104.6320 -84.8659 -101.3010 0.0000 0.0000 0.0000 -19.3743 -7.5214 1.3766 0.6008 4.9619 13.8000 0.4558 14.6691 -25.1293 0.0578 1.5509 4.2660 0.0000 0.0000 0.0000 10.4359 -3.6593 -0.2420 -0.2637 -3.3039 9.1259 -0.0364 -14.0216 -20.3299 -0.0127 -0.7281 2.0010 -5.8561 -0.4806 -8.4577 -0.2084 -0.0017 1.6511 3.0764 -0.2233 6.5002 -0.0715 4.2026 -20.5582 1.0844 4.4836 42.2001 1.3536 1.3157 19.8899 0.0000 -0.0000 0.0000 -91.8084 -3.7292 24.6347 10.9968 -18.2834 -1.7749 -0.0000 0.0000 -2.1437 20.2610 -10.9076 -3.9957 -7.1250 0.0000 -0.0000 -4.8065 18.3952 3.0549 0.0000 -0.0000 0.0000 87.7144 1.7720 16.5995 -13.1400 21.4920 -2.5044 0.0000 -0.0000 -4.5298 -9.3619 -29.5891 4.6540 7.1250 -0.0000 -0.0000 24.2054 -58.2185 -8.1360
5.3044 16.9947 -1.2873 103.6380 -85.2961 -100.1800 0.0000 0.0000 0.0000 -18.8739 -7.6092 1.0408 0.6327 5.0893 14.1634 0.5068 14.3413 -25.1836 0.0682 1.6849 4.6357 0.0000 0.0000 0.0000 10.8950 -3.8971 -0.1243 -0.2331 -3.1076 8.5785 -0.0030 -14.0493 -19.9956 -0.0228 -0.9753 2.6809 -5.3736 -0.4451 -8.1915 -0.0528 -0.0433 1.2810 2.9627 -0.2061 5.9562 0.4927 4.6064 -19.9264 0.7487 4.9787 42.5194 1.1811 1.5302 19.9557 0.0000 0.0000 0.0000 -91.8290 -3.3984 24.5192 10.7576 -17.9157 -1.7006 -0.0000 0.0000 -1.9223 20.3659 -11.3529 -4.1795 -7.1250 0.0000 -0.0000 -4.7427 17.9161 3.0643 0.0000 0.0000 0.0000 87.6347 1.1885 16.6404 -13.1692 21.5346 -2.5151 0.0000 -0.0000 -4.2987 -8.8768 -29.8074 4.4393 7.1250 -0.0000 -0.0000 24.8641 -58.3096 -8.4308
5.3018 16.9976 -1.2882 101.6710 -85.6183 -98.0398 0.0000 0.0000 0.0000 -18.5668 -8.0026 0.7037 0.6747 5.2523 14.6296 0.5394 14.2867 -25.3924 0.0715 1.7250 4.7464 0.0000 0.0000 0.0000 11.1707 -4.2546 0.1839 -0.1808 -2.7388 7.5522 0.0709 -14.3492 -19.5771 -0.0182 -0.8715 2.3954 -4.8443 -0.4065 -8.4058 -0.0177 -0.0373 1.2162 2.7027 -0.1854 6.0061 0.9183 5.0239 -19.5430 0.5899 5.5356 42.4996 1.1391 1.7978 19.8588 0.0000 0.0000 0.0000 -91.7652 -3.0071 24.9272 11.0407 -18.3506 -1.7887 -0.0000 0.0000 -2.3684 20.4220 -11.3868 -4.2043 -7.1250 0.0000 -0.0000 -4.7041 17.8757 3.0433 0.0000 0.0000 0.0000 87.7122 0.8957 16.7564 -13.3233 21.7591 -2.5719 0.0000 -0.0000 -4.4422 -9.2113 -30.0340 4.6403 7.1250 -0.0000 -0.0000 24.7036 -58.5868 -8.5388
5.3362 17.0099 -1.3049 101.5890 -85.9906 -97.7542 0.0000 0.0000 0.0000 -17.9963 -8.2831 0.1772 0.6995 5.3460 14.8981 0.5111 14.3787 -25.2608 0.0604 1.5852 4.3606 0.0000 0.0000 0.0000 11.7989 -4.4209 0.3755 -0.1353 -2.3706 6.5309 0.1288 -14.5194 -19.1417 -0.0397 -1.2865 3.5375 -4.5772 -0.4165 -8.2272 0.1817 -0.0978 1.2233 2.7533 -0.2070 5.9158 1.3567 5.5425 -19.5784 0.3661 6.2902 42.6027 1.1232 2.1272 19.9771 -0.0000 0.0000 0.0000 -91.8931 -3.1266 24.7433 11.2249 -18.6321 -1.8471 -0.0000 0.0000 -2.6634 20.7015 -11.5178 -4.3151 -7.1250 0.0000 -0.0000 -4.5115 17.7135 2.9341 -0.0000 0.0000 0.0000 87.6144 1.0697 17.0606 -13.3073 21.7358 -2.5660 0.0000 -0.0000 -4.2831 -9.3131 -30.1283 4.7056 7.1250 -0.0000 -0.0000 24.6748 -58.6941 -8.5925
5.3975 17.0310 -1.3376 101.8390 -86.7171 -97.7761 0.0000 0.0000 0.0000 -16.8799 -8.3253 -0.6040 0.7274 5.4493 15.1947 0.5157 14.0993 -24.9887 0.0662 1.6598 4.5663 0.0000 0.0000 0.0000 12.9254 -4.6943 0.7730 -0.0740 -1.7550 4.8290 0.2183 -14.8198 -18.5009 -0.0694 -1.6993 4.6753 -4.1172 -0.2467 -7.2461 0.4033 0.0143 0.7618 2.7368 -0.1099 4.8629 1.9049 5.9267 -19.2005 0.3141 6.6801 42.8210 1.0790 2.3530 20.0539 -0.0000 -0.0000 0.0000 -91.8066 -2.6991 24.8893 11.3146 -18.7688 -1.8759 -0.0000 0.0000 -2.3004 20.9140 -11.4408 -4.3347 -7.1250 0.0000 -0.0000 -4.3604 17.7769 2.8292 -0.0000 -0.0000 0.0000 87.7637 0.7153 16.7798 -13.2671 21.6774 -2.5511 0.0000 -0.0000 -4.0855 -9.4972 -30.2157 4.8124 7.1250 -0.0000 -0.0000 24.5570 -58.8135 -8.6195
5.4518 17.0447 -1.3742 106.9070 -87.3304 -102.7480 0.0000 0.0000 0.0000 -15.9002 -8.5763 -1.1197 0.7493 5.5291 15.4241 0.4756 14.3377 -24.9183 0.0665 1.6641 4.5781 0.0000 0.0000 0.0000 13.9118 -4.6596 1.0579 -0.0438 -1.3513 3.7159 0.2556 -14.8317 -18.0331 -0.1598 -2.5759 7.1002 -3.8207 -0.0837 -6.5532 0.6792 0.1606 0.5495 2.8689 -0.0168 4.2375 2.1303 6.2141 -18.9216 0.4191 6.9920 42.9174 1.1530 2.5253 20.0470 -0.0000 0.0000 0.0000 -91.8401 -2.5432 24.6951 11.3876 -18.8799 -1.8994 -0.0000 0.0000 -2.2186 20.7388 -11.3691 -4.2687 -7.1250 0.0000 -0.0000 -4.4814 17.8678 2.8992 -0.0000 0.0000 0.0000 87.8065 0.6451 16.8006 -13.2976 21.7217 -2.5624 0.0000 -0.0000 -4.0889 -9.5186 -30.4779 4.8611 7.1250 -0.0000 -0.0000 24.7455 -59.0544 -8.8356
5.3205 17.0012 -1.3256 89.9243 -86.0260 -86.3870 0.0000 0.0000 0.0000 -17.9046 -8.0526 0.0919 0.7403 5.4966 15.3307 0.5490 13.5863 -24.7057 0.0387 1.2703 3.4928 0.0000 0.0000 0.0000 11.7343 -5.6711 1.5746 -0.0717 -1.7271 4.7520 0.2274 -14.9009 -18.5163 -0.0355 -1.2166 3.3449 -4.4044 -0.3143 -8.1158 0.1654 0.0201 1.3640 2.6543 -0.1465 5.9906 2.2882 6.4635 -19.1203 0.5110 7.3021 42.9733 1.2530 2.6870 20.1497 0.0000 0.0000 0.0000 -91.9436 -2.9942 24.6124 11.2935 -18.7368 -1.8691 -0.0000 0.0000 -2.1579 20.4800 -11.4531 -4.2414 -7.1250 0.0000 -0.0000 -4.6651 17.8007 3.0257 0.0000 0.0000 0.0000 87.8365 0.8657 16.5496 -13.3586 21.8104 -2.5850 0.0000 -0.0000 -4.0911 -9.6402 -30.1581 4.8776 7.1250 -0.0000 -0.0000 24.3659 -58.7935 -8.5354
5.3398 17.0068 -1.3339 88.6450 -86.0593 -85.1008 0.0000 0.0000 0.0000 -17.7961 -8.0404 0.2166 0.7022 5.3563 14.9277 0.5358 13.5253 -24.5278 0.0578 1.5509 4.2661 0.0000 0.0000 0.0000 11.9532 -5.3812 0.5189 -0.1400 -2.4117 6.6450 0.0923 -14.3650 -19.3473 -0.0363 -1.2291 3.3794 -4.4233 -0.2745 -7.9644 0.2329 0.0655 1.4199 2.7413 -0.1261 5.9599 2.7617 6.8629 -19.0192 0.2835 7.8617 42.9851 1.1824 2.9525 20.1891 0.0000 -0.0000 0.0000 -91.9632 -3.3455 24.5358 11.1396 -18.5020 -1.8200 -0.0000 0.0000 -2.2943 20.4135 -11.8664 -4.3762 -7.1250 0.0000 -0.0000 -4.7224 17.3695 3.1079 0.0000 -0.0000 0.0000 87.7709 1.1339 16.5178 -13.2508 21.6536 -2.5451 0.0000 -0.0000 -4.1628 -10.0323 -30.4412 5.1218 7.1250 -0.0000 -0.0000 24.1915 -59.1369 -8.6711
5.3468 17.0055 -1.3307 85.2117 -85.7383 -81.6572 0.0000 0.0000 0.0000 -18.1735 -8.3817 0.2676 0.6976 5.3391 14.8784 0.5013 13.7574 -24.4879 0.0475 1.4070 3.8694 0.0000 0.0000 0.0000 11.5809 -5.6326 0.3948 -0.1448 -2.4522 6.7572 0.0785 -14.2657 -19.3636 -0.0410 -1.3065 3.5927 -4.6496 -0.3090 -7.8200 0.1470 0.0368 1.3449 2.7743 -0.1418 5.8016 3.1194 7.1831 -18.6876 0.2861 8.2334 42.9310 1.1914 3.1652 20.0898 0.0000 0.0000 0.0000 -91.8399 -3.4087 24.8564 10.9305 -18.1816 -1.7542 -0.0000 0.0000 -2.7902 20.7649 -12.7197 -4.7722 -7.1250 0.0000 -0.0000 -4.5043 16.4354 3.0554 0.0000 0.0000 0.0000 87.7251 1.1589 16.7294 -13.0745 21.3963 -2.4804 0.0000 -0.0000 -4.2654 -10.1756 -29.7288 5.0864 7.1250 -0.0000 -0.0000 23.4865 -58.5231 -8.0505
5.3417 17.0055 -1.3219 83.5952 -85.9265 -79.8651 0.0000 0.0000 0.0000 -17.9943 -8.5187 0.2369 0.6912 5.3149 14.8090 0.5268 13.6827 -24.6230 0.0548 1.5105 4.1546 0.0000 0.0000 0.0000 11.7140 -5.6566 0.1412 -0.1500 -2.4960 6.8785 0.0854 -14.3084 -19.3448 -0.0255 -1.0315 2.8354 -4.2646 -0.3012 -8.1036 0.2042 0.0189 1.2937 2.6160 -0.1400 5.9089 3.5021 7.6154 -18.4802 0.0735 8.8732 43.0393 1.1588 3.4414 20.1672 0.0000 0.0000 0.0000 -91.8886 -3.1270 24.6641 11.0546 -18.3719 -1.7931 -0.0000 0.0000 -2.6301 20.8197 -12.8036 -4.8169 -7.1250 0.0000 -0.0000 -4.4694 16.3415 3.0407 0.0000 0.0000 0.0000 87.7149 0.9950 16.8191 -13.1108 21.4494 -2.4937 0.0000 -0.0000 -4.0013 -10.7079 -29.3032 5.2876 7.1250 -0.0000 -0.0000 22.6236 -58.2513 -7.5849
5.3546 17.0076 -1.3257 83.6358 -85.6673 -79.9351 0.0000 0.0000 0.0000 -18.2403 -8.5636 0.1081 0.7050 5.3668 14.9577 0.5284 13.6253 -24.5743 0.0584 1.5599 4.2910 0.0000 0.0000 0.0000 11.4659 -5.7750 0.3549 -0.1313 -2.3355 6.4338 0.1037 -14.3874 -19.2453 -0.0283 -1.0867 2.9873 -4.5531 -0.2749 -7.9535 0.1631 0.0772 1.2839 2.7424 -0.1180 5.8095 3.8223 7.9404 -18.2714 -0.1273 9.3720 42.9782 1.1080 3.6661 20.1257 0.0000 0.0000 0.0000 -91.9502 -2.7858 24.5149 11.3586 -18.8359 -1.8901 -0.0000 0.0000 -2.6547 20.6365 -12.5268 -4.6698 -7.1250 0.0000 -0.0000 -4.5869 16.6514 3.0902 0.0000 0.0000 0.0000 87.7055 0.9757 16.8899 -13.1646 21.5280 -2.5134 0.0000 -0.0000 -4.0667 -10.8387 -29.2864 5.3506 7.1250 -0.0000 -0.0000 22.4777 -58.2644 -7.5398
5.3544 17.0105 -1.3202 82.8034 -86.1682 -78.9935 0.0000 0.0000 0.0000 -17.6618 -8.4423 0.0126 0.6888 5.3058 14.7830 0.5117 13.6276 -24.4342 0.0559 1.5258 4.1967 0.0000 0.0000 0.0000 12.0235 -5.6459 0.0478 -0.1454 -2.4570 6.7703 0.0724 -14.2232 -19.3734 -0.0414 -1.3125 3.6092 -3.9399 -0.1788 -8.1312 0.2855 0.1451 1.2477 2.5347 -0.0665 5.8655 3.9880 8.1951 -17.9610 -0.0159 9.6744 42.8970 1.1862 3.8392 19.9929 -0.0000 0.0000 0.0000 -91.9708 -2.7572 24.3304 11.2585 -18.6834 -1.8579 -0.0000 0.0000 -2.6518 20.6719 -12.9234 -4.8234 -7.1250 0.0000 -0.0000 -4.5757 16.2288 3.1247 -0.0000 0.0000 0.0000 87.7352 0.8891 16.8055 -13.1760 21.5445 -2.5175 0.0000 -0.0000 -4.0531 -10.3228 -29.8200 5.1754 7.1250 -0.0000 -0.0000 23.4064 -58.6386 -8.0868
5.3830 17.0120 -1.3303 83.1157 -85.3754 -79.5153 0.0000 0.0000 0.0000 -18.3975 -7.8201 -0.1266 0.6793 5.2699 14.6800 0.4622 13.3304 -23.6727 0.0404 1.2968 3.5658 0.0000 0.0000 0.0000 11.2738 -5.7841 0.1534 -0.1458 -2.4611 6.7817 0.0530 -14.1078 -19.4331 -0.0559 -1.5261 4.1976 -4.8529 -0.1155 -7.4694 0.0752 0.2950 1.2187 2.8433 -0.0093 5.4477 3.9287 8.3666 -17.8622 0.2842 9.8491 42.9094 1.3782 3.9469 19.9398 0.0000 -0.0000 0.0000 -91.8413 -2.7918 24.7405 11.2131 -18.6142 -1.8434 -0.0000 0.0000 -2.9527 20.6534 -12.9289 -4.8208 -7.1250 0.0000 -0.0000 -4.5887 16.2247 3.1340 0.0000 -0.0000 0.0000 87.7859 0.8927 16.5470 -13.1827 21.5543 -2.5200 0.0000 -0.0000 -4.0074 -9.9762 -29.7249 4.9846 7.1250 -0.0000 -0.0000 23.6864 -58.4758 -8.0968
5.4160 17.0195 -1.3347 84.9644 -85.7543 -81.3657 0.0000 0.0000 0.0000 -17.8902 -7.7060 -0.4370 0.6866 5.2976 14.7594 0.4417 13.3600 -23.5232 0.0405 1.2985 3.5704 0.0000 0.0000 0.0000 11.8285 -5.6095 0.2532 -0.1299 -2.3233 6.4000 0.0534 -14.0210 -19.3025 -0.1061 -2.1000 5.7821 -4.6783 -0.0102 -6.9958 0.2390 0.3851 1.1699 2.9230 0.0475 5.1191 4.3084 8.6072 -17.6856 -0.0729 10.2579 42.8140 1.2215 4.1243 19.9115 -0.0000 -0.0000 0.0000 -91.9307 -2.7738 24.5625 11.3093 -18.7607 -1.8742 -0.0000 0.0000 -2.6910 20.4207 -12.6462 -4.6599 -7.1250 0.0000 -0.0000 -4.7403 16.5452 3.2052 -0.0000 -0.0000 0.0000 87.7367 0.9879 16.5085 -13.2325 21.6270 -2.5383 0.0000 -0.0000 -3.9332 -9.5239 -30.1735 4.8201 7.1250 -0.0000 -0.0000 24.4965 -58.7816 -8.5776
5.4519 17.0297 -1.3306 87.1707 -85.9913 -83.3947 0.0000 0.0000 0.0000 -17.5804 -7.7374 -1.0003 0.7148 5.4029 15.0613 0.4288 13.4122 -23.4651 0.0428 1.3350 3.6710 0.0000 0.0000 0.0000 12.1191 -5.5067 0.4383 -0.0937 -1.9738 5.4333 0.1154 -14.2270 -18.8603 -0.1255 -2.2832 6.2891 -4.6656 0.0710 -6.6564 0.3828 0.4630 0.9754 3.0704 0.0980 4.7151 4.6790 8.8555 -17.2785 -0.2807 10.6101 42.7452 1.1144 4.3017 19.8209 -0.0000 0.0000 0.0000 -92.0442 -2.6212 24.5796 11.3122 -18.7652 -1.8751 -0.0000 0.0000 -3.0868 20.5630 -12.5757 -4.6695 -7.1250 0.0000 -0.0000 -4.6394 16.6066 3.1303 -0.0000 0.0000 0.0000 87.5828 0.7331 16.9479 -13.4228 21.9035 -2.6089 0.0000 -0.0000 -4.2365 -9.6629 -30.2433 4.9016 7.1250 -0.0000 -0.0000 24.4104 -58.8754 -8.6007
5.4920 17.0429 -1.3278 88.9225 -86.3710 -84.9363 0.0000 0.0000 0.0000 -17.0673 -7.8073 -1.4874 0.7213 5.4272 15.1311 0.4193 13.4349 -23.4054 0.0606 1.5884 4.3695 0.0000 0.0000 0.0000 12.7290 -5.1622 -0.1438 -0.1103 -2.1413 5.8964 0.0608 -13.9828 -19.1587 -0.1789 -2.7241 7.5116 -4.4420 0.1277 -6.3683 0.5327 0.4988 0.9346 3.1012 0.1258 4.5061 4.8476 9.1344 -17.1839 -0.4981 11.1098 42.5213 1.0835 4.5092 19.7062 0.0000 0.0000 0.0000 -92.0756 -2.7440 24.6803 11.3472 -18.8186 -1.8864 -0.0000 0.0000 -3.5373 20.2276 -11.9886 -4.3768 -7.1250 0.0000 -0.0000 -4.8554 17.2567 3.2081 0.0000 0.0000 0.0000 87.5194 0.9681 17.1161 -13.4314 21.9161 -2.6121 0.0000 -0.0000 -4.3340 -9.9300 -30.2792 5.0445 7.1250 -0.0000 -0.0000 24.1667 -58.9676 -8.5624
5.3621 16.9933 -1.2509 82.8568 -85.1407 -79.5569 0.0000 0.0000 0.0000 -18.9798 -7.3645 -0.1472 0.7300 5.4588 15.2220 0.5390 12.6999 -23.6669 0.0458 1.3818 3.8001 0.0000 0.0000 0.0000 10.4891 -6.0135 0.7790 -0.1288 -2.3131 6.3719 0.0964 -14.2466 -19.1213 -0.0462 -1.3875 3.8156 -4.7634 -0.1096 -7.9202 0.0097 0.3397 1.8036 2.7350 -0.0149 6.3196 4.8747 9.3179 -17.3389 -0.4006 11.3487 42.6251 1.1926 4.6135 19.8193 0.0000 0.0000 0.0000 -91.9247 -3.1434 24.8270 11.4467 -18.9698 -1.9186 -0.0000 0.0000 -3.7567 19.9871 -11.4323 -4.1234 -7.1250 0.0000 -0.0000 -5.0102 17.8637 3.2442 0.0000 0.0000 0.0000 87.4459 1.4623 17.3347 -13.2732 21.6861 -2.5533 0.0000 -0.0000 -4.5139 -10.4793 -30.0486 5.2916 7.1250 -0.0000 -0.0000 23.4235 -58.8814 -8.2312
5.3687 16.9931 -1.2179 84.4072 -85.1689 -81.1875 0.0000 0.0000 0.0000 -19.1129 -7.2020 -0.0557 0.7301 5.4594 15.2236 0.5482 12.6873 -23.7345 0.0517 1.4675 4.0362 0.0000 0.0000 0.0000 10.3345 -5.8344 0.7261 -0.1384 -2.3974 6.6052 0.1141 -14.3708 -19.0947 -0.0342 -1.1935 3.2814 -4.5789 0.0402 -7.7866 -0.0415 0.5181 1.8604 2.5997 0.0806 6.2896 5.1034 9.4205 -17.1373 -0.5165 11.4799 42.6303 1.1182 4.6888 19.8096 -0.0000 -0.0000 0.0000 -91.9651 -3.3022 24.7414 11.3847 -18.8755 -1.8985 -0.0000 0.0000 -3.5487 19.9006 -11.5685 -4.1522 -7.1250 0.0000 -0.0000 -5.0738 17.7273 3.3010 -0.0000 -0.0000 0.0000 87.5426 1.3991 16.7887 -13.2774 21.6923 -2.5549 0.0000 -0.0000 -4.1488 -10.4087 -29.6411 5.1909 7.1250 -0.0000 -0.0000 23.1821 -58.4946 -7.9227
5.3821 16.9980 -1.1980 87.2174 -85.0213 -83.9829 0.0000 0.0000 0.0000 -19.3572 -7.0533 -0.2218 0.7382 5.4889 15.3084 0.5376 12.7384 -23.6959 0.0437 1.3498 3.7117 0.0000 0.0000 0.0000 10.1111 -5.6651 0.8959 -0.1228 -2.2590 6.2221 0.1363 -14.4273 -18.9096 -0.0378 -1.2554 3.4519 -5.0101 -0.0007 -7.3709 0.0301 0.4736 1.6957 2.9072 0.0546 5.8795 5.3784 9.6468 -16.3817 -0.8804 11.8945 42.5802 0.9424 4.8524 19.6548 0.0000 -0.0000 0.0000 -92.2198 -2.8863 24.0611 11.4796 -19.0197 -1.9293 -0.0000 0.0000 -3.3224 19.9124 -11.8177 -4.2428 -7.1250 0.0000 -0.0000 -5.0711 17.4639 3.3286 0.0000 -0.0000 0.0000 87.2475 1.1767 17.4850 -13.3012 21.7270 -2.5637 0.0000 -0.0000 -4.6167 -10.2974 -29.4865 5.1102 7.1250 -0.0000 -0.0000 23.1787 -58.3293 -7.8282
5.4004 17.0089 -1.1726 89.7500 -85.3186 -86.4083 0.0000 0.0000 0.0000 -19.0918 -7.1232 -0.6041 0.7651 5.5856 15.5868 0.5188 12.8971 -23.7002 0.0395 1.2827 3.5269 0.0000 0.0000 0.0000 10.3319 -5.6227 1.4276 -0.0760 -1.7787 4.8945 0.2351 -14.8442 -18.3231 -0.0464 -1.3905 3.8240 -4.6155 0.1432 -7.4883 -0.0264 0.6441 1.9374 2.6495 0.1420 6.1900 5.5834 9.7688 -16.5452 -0.8089 11.9770 42.6249 0.9756 4.9246 19.7496 -0.0000 0.0000 0.0000 -91.8866 -3.4850 24.6366 11.3736 -18.8586 -1.8949 -0.0000 0.0000 -3.6890 20.1434 -12.0137 -4.3660 -7.1250 0.0000 -0.0000 -4.9148 17.2375 3.2497 -0.0000 0.0000 0.0000 87.4148 1.6859 17.2802 -13.3140 21.7456 -2.5685 0.0000 -0.0000 -4.4346 -9.3991 -30.3457 4.7805 7.1250 -0.0000 -0.0000 24.7608 -58.9088 -8.7540
5.4081 17.0048 -1.1390 91.3150 -85.1386 -88.0844 0.0000 0.0000 0.0000 -19.4160 -7.0281 -0.9048 0.8359 5.8325 16.2992 0.5913 12.5890 -24.0078 0.0404 1.2968 3.5657 0.0000 0.0000 0.0000 9.7130 -6.4031 4.0852 0.0000 -0.0000 0.0000 0.5675 -16.1815 -15.9988 -0.0376 -1.2511 3.4400 -4.8363 0.1689 -7.5546 -0.0497 0.7124 2.2213 2.7604 0.1537 6.5228 5.6513 9.9407 -16.4674 -0.8687 12.2478 42.7343 0.9951 5.0266 19.8284 -0.0000 -0.0000 0.0000 -91.9283 -3.7522 24.6292 11.4236 -18.9347 -1.9111 -0.0000 0.0000 -3.5023 20.0503 -12.1885 -4.4062 -7.1250 0.0000 -0.0000 -4.9843 17.0614 3.3152 -0.0000 -0.0000 0.0000 87.3706 1.9984 17.1286 -13.2880 21.7078 -2.5588 0.0000 -0.0000 -4.2082 -9.6684 -30.3368 4.9181 7.1250 -0.0000 -0.0000 24.4794 -58.9609 -8.6777
5.6020 17.0654 -1.1846 112.6820 -87.5419 -108.6820 0.0000 0.0000 0.0000 -15.9620 -7.4545 -2.8457 0.8578 5.9064 16.5131 0.4744 13.3277 -23.7777 0.0673 1.6733 4.6037 0.0000 0.0000 0.0000 13.1670 -4.9817 2.6144 0.0000 0.0000 -0.0000 0.5278 -15.8835 -16.0079 -0.2000 -2.8797 7.9441 -3.3344 0.5816 -5.0277 0.7897 0.9639 1.2480 2.7707 0.3872 4.0445 5.7031 10.0947 -15.8454 -0.6531 12.3695 42.7583 1.0769 5.1222 19.6518 0.0000 0.0000 0.0000 -91.8545 -3.2505 24.5396 11.6495 -19.2769 -1.9851 -0.0000 0.0000 -3.5515 20.2530 -11.9624 -4.3734 -7.1250 0.0000 -0.0000 -4.8370 17.2822 3.1931 0.0000 0.0000 0.0000 87.4965 1.5750 17.2607 -13.4261 21.9083 -2.6101 0.0000 -0.0000 -4.4405 -10.0471 -29.8847 5.0449 7.1250 -0.0000 -0.0000 23.7375 -58.6365 -8.2083
5.4466 17.0123 -1.0812 93.6899 -85.1378 -90.3891 0.0000 0.0000 0.0000 -19.5607 -6.9520 -1.3617 0.8532 5.8909 16.4682 0.5589 12.7281 -23.8720 0.0348 1.2045 3.3116 0.0000 0.0000 0.0000 9.5381 -6.1286 3.9013 0.0000 -0.0000 0.0000 0.6004 -16.3365 -15.7906 -0.0266 -1.0527 2.8937 -5.0281 0.2092 -6.4687 -0.1261 0.7172 1.9840 2.7738 0.1769 5.6491 5.7018 10.3066 -15.7530 -0.4509 12.6073 43.0181 1.2282 5.2283 19.7819 0.0000 -0.0000 0.0000 -91.7582 -3.2565 24.6776 11.6459 -19.2715 -1.9839 -0.0000 0.0000 -3.6316 20.0941 -11.4966 -4.1703 -7.1250 0.0000 -0.0000 -4.9366 17.7870 3.2045 0.0000 -0.0000 0.0000 87.4439 1.3939 17.6336 -13.5350 22.0661 -2.6509 0.0000 -0.0000 -4.6444 -9.9056 -29.4528 4.9077 7.1250 -0.0000 -0.0000 23.5513 -58.2132 -7.8966
5.4689 17.0224 -1.0579 95.2277 -85.6564 -91.7134 0.0000 0.0000 0.0000 -18.9609 -6.7221 -1.6563 0.8259 5.7981 16.1999 0.5489 12.5471 -23.5926 0.0503 1.4471 3.9798 0.0000 0.0000 0.0000 10.2147 -5.6136 2.6574 -0.0105 -0.6630 1.8221 0.4825 -15.8313 -16.6246 -0.0363 -1.2297 3.3810 -4.7381 0.2366 -6.5216 0.0144 0.7296 2.1563 2.7610 0.1827 5.8603 5.6027 10.4194 -15.8268 -0.2429 12.7209 43.1016 1.3766 5.2810 19.8236 0.0000 -0.0000 0.0000 -91.7371 -3.9495 24.5644 11.3113 -18.7639 -1.8748 -0.0000 0.0000 -3.6243 20.4749 -12.3537 -4.5673 -7.1250 0.0000 -0.0000 -4.6937 16.8493 3.1423 0.0000 -0.0000 0.0000 87.4039 1.6466 17.9565 -13.6124 22.1780 -2.6801 0.0000 -0.0000 -4.7455 -9.7444 -30.1676 4.9324 7.1250 -0.0000 -0.0000 24.2674 -58.8253 -8.5170
5.4835 17.0303 -1.0256 97.1461 -85.5425 -93.5416 0.0000 0.0000 0.0000 -19.1612 -6.7826 -1.9608 0.8680 5.9403 16.6114 0.6119 12.3531 -23.9412 0.0633 1.6227 4.4642 0.0000 0.0000 0.0000 9.8811 -5.7389 3.4515 0.0000 -0.0000 0.0000 0.6115 -16.3550 -15.6414 -0.0370 -1.2420 3.4149 -4.9049 0.3218 -6.4626 -0.1512 0.8653 2.2755 2.6965 0.2416 5.9422 5.9429 10.5821 -15.4312 -0.2926 12.8771 42.9540 1.3031 5.4071 19.6695 -0.0000 -0.0000 0.0000 -91.4914 -4.1064 24.5826 11.3613 -18.8400 -1.8910 -0.0000 0.0000 -3.5200 20.4986 -12.8714 -4.7607 -7.1250 0.0000 -0.0000 -4.6937 16.3003 3.1985 -0.0000 -0.0000 0.0000 87.7038 1.8454 17.6267 -13.5131 22.0344 -2.6427 0.0000 -0.0000 -4.6818 -10.0711 -30.2937 5.1195 7.1250 -0.0000 -0.0000 24.0340 -59.0123 -8.5379
5.5034 17.0324 -0.9860 100.1420 -85.7604 -96.3566 0.0000 0.0000 0.0000 -18.9924 -6.9699 -2.3033 0.8894 6.0113 16.8171 0.6302 12.4301 -24.1778 0.0817 1.8434 5.0730 0.0000 0.0000 0.0000 10.0375 -5.4510 3.1766 0.0000 0.0000 -0.0000 0.6604 -16.6447 -15.4607 -0.0209 -0.9324 2.5628 -4.7608 0.3303 -6.3621 -0.1132 0.8603 2.4405 2.6545 0.2377 6.0602 5.9749 10.7756 -15.5514 -0.2919 13.1712 42.9211 1.3716 5.5271 19.6986 0.0000 -0.0000 0.0000 -91.4599 -4.3348 24.5299 11.5206 -19.0819 -1.9427 -0.0000 0.0000 -3.4629 20.2530 -12.6115 -4.6060 -7.1250 0.0000 -0.0000 -4.8554 16.5973 3.2781 0.0000 -0.0000 0.0000 87.5566 1.9669 18.3560 -13.6484 22.2299 -2.6937 0.0000 -0.0000 -4.9355 -10.0437 -30.3017 5.1066 7.1250 -0.0000 -0.0000 24.0683 -59.0133 -8.5516
5.5187 17.0389 -0.9477 104.0510 -85.6282 -100.0060 0.0000 0.0000 0.0000 -19.2075 -7.1091 -2.5318 0.8891 6.0103 16.8143 0.6486 12.4822 -24.3880 0.1408 2.4187 6.6642 0.0000 0.0000 0.0000 9.8412 -5.0671 2.8950 0.0000 0.0000 -0.0000 0.6706 -16.7441 -15.5179 -0.0245 -1.0109 2.7788 -4.9031 0.3434 -6.0816 -0.2051 0.8705 2.1517 2.6334 0.2563 5.5939 5.9781 10.9484 -14.8401 -0.1033 13.3459 43.0295 1.4491 5.6259 19.5518 0.0000 0.0000 0.0000 -91.3415 -3.9481 24.3234 11.4859 -19.0292 -1.9314 -0.0000 0.0000 -3.2849 20.2218 -11.7848 -4.3024 -7.1250 0.0000 -0.0000 -4.8541 17.4722 3.1843 0.0000 0.0000 0.0000 87.6215 1.4561 18.2735 -13.6653 22.2542 -2.7001 0.0000 -0.0000 -4.6768 -9.8360 -29.7584 4.9185 7.1250 -0.0000 -0.0000 23.8549 -58.4755 -8.1585
5.5286 17.0406 -0.9102 107.6660 -85.6042 -103.5960 0.0000 0.0000 0.0000 -19.2948 -7.0305 -2.5880 0.8916 6.0185 16.8382 0.6664 12.4931 -24.5496 0.1342 2.3614 6.5056 0.0000 0.0000 0.0000 9.7601 -4.7752 2.8880 0.0000 -0.0000 0.0000 0.6694 -16.7276 -15.4995 -0.0217 -0.9520 2.6168 -4.9246 0.3891 -6.1353 -0.2632 0.9459 2.4217 2.5954 0.2803 5.9041 5.9017 11.0191 -14.9663 0.0342 13.4166 42.9589 1.5476 5.6643 19.5152 0.0000 0.0000 0.0000 -91.1840 -4.4399 24.4303 11.3291 -18.7909 -1.8805 -0.0000 0.0000 -3.1461 20.4478 -12.2360 -4.5182 -7.1250 0.0000 -0.0000 -4.7089 16.9760 3.1396 0.0000 0.0000 0.0000 87.6456 2.0695 18.1330 -13.4890 21.9995 -2.6336 0.0000 -0.0000 -4.6951 -9.8679 -30.0093 4.9722 7.1250 -0.0000 -0.0000 24.0171 -58.7097 -8.3550
5.5542 17.0527 -0.8741 112.1780 -85.5987 -107.9230 0.0000 0.0000 0.0000 -19.2607 -7.1045 -3.0272 0.9204 6.1125 17.1111 0.6626 12.6981 -24.7257 0.1362 2.3790 6.5544 0.0000 0.0000 0.0000 9.7849 -4.3653 2.6356 0.0000 0.0000 -0.0000 0.6888 -16.8332 -15.4089 -0.0325 -1.1639 3.2000 -4.9476 0.5124 -5.5330 -0.3277 1.0716 2.1555 2.5425 0.3639 5.2697 6.0685 10.9024 -14.5620 0.0235 13.1665 42.8195 1.4269 5.6055 19.3249 -0.0000 0.0000 0.0000 -91.0563 -4.0720 24.4732 11.3916 -18.8860 -1.9007 -0.0000 0.0000 -3.3205 20.3879 -12.5541 -4.6185 -7.1250 0.0000 -0.0000 -4.7602 16.6455 3.2084 -0.0000 0.0000 0.0000 87.6683 1.6542 18.3341 -13.6397 22.2173 -2.6904 0.0000 -0.0000 -5.0148 -9.9144 -30.4724 5.0654 7.1250 -0.0000 -0.0000 24.3371 -59.1384 -8.7282
5.5561 17.0557 -0.8394 120.5300 -85.8577 -116.1970 0.0000 0.0000 0.0000 -18.8292 -7.0148 -3.1519 0.9379 6.1687 17.2748 0.7141 12.7216 -25.1749 0.1720 2.6715 7.3656 0.0000 0.0000 0.0000 10.2338 -3.8513 2.5727 0.0000 0.0000 -0.0000 0.6984 -16.9198 -15.4487 -0.0327 -1.1679 3.2110 -4.5342 0.6631 -5.3760 -0.2636 1.2284 2.0670 2.3888 0.4611 5.0797 6.1664 10.9157 -14.2866 -0.0046 13.1688 42.6204 1.3714 5.6346 19.1372 0.0000 0.0000 0.0000 -90.9732 -3.9185 24.3550 11.3470 -18.8181 -1.8863 -0.0000 0.0000 -2.5859 20.3249 -11.8801 -4.3606 -7.1250 0.0000 -0.0000 -4.7846 17.3627 3.1499 0.0000 0.0000 0.0000 87.6073 1.4461 18.4701 -13.6608 22.2477 -2.6983 0.0000 -0.0000 -5.1856 -9.5627 -30.9419 4.9506 7.1250 -0.0000 -0.0000 25.0812 -59.4805 -9.2240
5.5639 17.0536 -0.7999 120.2680 -85.2537 -115.9820 0.0000 0.0000 0.0000 -19.5583 -6.7678 -3.2295 0.9369 6.1654 17.2650 0.6993 12.7668 -25.0988 0.1772 2.7116 7.4768 0.0000 0.0000 0.0000 9.4788 -3.5883 2.5981 0.0000 0.0000 -0.0000 0.7051 -16.9445 -15.3869 -0.0377 -1.2529 3.4448 -5.2230 0.5397 -5.3749 -0.4157 1.1253 2.2842 2.6087 0.3781 5.3086 6.1424 10.9498 -14.4708 -0.0827 13.2628 42.3115 1.3602 5.6714 19.0028 -0.0000 -0.0000 0.0000 -91.0245 -4.5079 23.9246 11.1599 -18.5330 -1.8264 -0.0000 0.0000 -2.3689 20.2656 -11.2800 -4.1309 -7.1250 0.0000 -0.0000 -4.8113 18.0014 3.0999 -0.0000 -0.0000 0.0000 87.5074 1.9886 18.7959 -13.4327 21.9179 -2.6126 0.0000 -0.0000 -5.0348 -9.1005 -31.2382 4.7487 7.1250 -0.0000 -0.0000 25.8031 -59.6392 -9.6106
5.5606 17.0622 -0.7561 123.5770 -85.1964 -119.0880 0.0000 0.0000 0.0000 -19.6306 -6.6553 -3.3044 0.9159 6.0979 17.0686 0.7128 12.8030 -25.2458 0.1951 2.8446 7.8463 0.0000 0.0000 0.0000 9.4095 -3.2686 2.4030 0.0000 0.0000 -0.0000 0.7393 -17.1748 -15.3415 -0.0387 -1.2690 3.4894 -5.2005 0.4976 -5.4758 -0.3707 1.0719 2.2727 2.6394 0.3508 5.3580 6.0112 10.8297 -14.6951 -0.1424 13.1431 42.0675 1.3335 5.6050 18.8969 -0.0000 0.0000 0.0000 -91.1101 -4.4053 23.7704 11.2944 -18.7381 -1.8694 -0.0000 0.0000 -2.2649 20.2421 -11.6006 -4.2409 -7.1250 0.0000 -0.0000 -4.8354 17.6650 3.1514 -0.0000 0.0000 0.0000 87.3270 2.1510 19.1814 -13.4156 21.8932 -2.6062 0.0000 -0.0000 -5.1952 -9.8449 -30.9475 5.0997 7.1250 -0.0000 -0.0000 24.7967 -59.5500 -9.1529
5.5794 17.0587 -0.7278 127.6600 -84.8289 -123.1780 0.0000 0.0000 0.0000 -19.8385 -6.4514 -3.3372 0.9097 6.0777 17.0099 0.7371 12.8611 -25.5012 0.2354 3.1229 8.6210 0.0000 0.0000 0.0000 9.2184 -2.7571 2.4272 0.0000 0.0000 -0.0000 0.7258 -17.0870 -15.3673 -0.0452 -1.3715 3.7715 -5.3773 0.5927 -5.0627 -0.4761 1.1848 2.1590 2.6312 0.4140 4.9930 5.7425 10.6027 -14.8403 0.1035 12.7670 41.8149 1.4080 5.4624 18.7010 0.0000 0.0000 0.0000 -90.8955 -4.4170 24.1734 11.1222 -18.4754 -1.8145 -0.0000 0.0000 -2.0882 20.5242 -11.8018 -4.3785 -7.1250 0.0000 -0.0000 -4.6434 17.4282 3.0495 0.0000 0.0000 0.0000 87.4420 2.2451 18.8432 -13.4672 21.9680 -2.6255 0.0000 -0.0000 -5.1683 -9.6345 -30.5263 4.9282 7.1250 -0.0000 -0.0000 24.6665 -59.1238 -8.8467
5.5762 17.0593 -0.6925 128.9470 -84.6274 -124.4310 0.0000 0.0000 0.0000 -20.0985 -6.6503 -3.1465 0.8979 6.0393 16.8986 0.7594 13.0699 -25.8876 0.2676 3.3275 9.1918 0.0000 0.0000 0.0000 8.9920 -2.5438 2.4360 0.0000 0.0000 -0.0000 0.7337 -17.1705 -15.4332 -0.0468 -1.3969 3.8415 -5.5246 0.5316 -5.3864 -0.4669 1.1424 2.3955 2.7269 0.3705 5.4281 4.9678 10.2923 -15.6651 0.3651 12.4346 41.7155 1.6298 5.2413 18.7282 0.0000 -0.0000 0.0000 -90.9728 -5.0379 24.3370 10.9460 -18.2054 -1.7590 -0.0000 0.0000 -2.3254 20.7653 -11.6241 -4.3689 -7.1250 0.0000 -0.0000 -4.4698 17.5953 2.9184 0.0000 -0.0000 0.0000 87.2505 2.7083 19.0960 -13.4234 21.9044 -2.6091 0.0000 -0.0000 -5.1910 -9.6025 -30.3518 4.8863 7.1250 -0.0000 -0.0000 24.5585 -58.9596 -8.7072
5.5686 17.0648 -0.6602 131.0330 -84.3531 -126.4830 0.0000 0.0000 0.0000 -20.3386 -6.5827 -3.1648 0.8970 6.0362 16.8896 0.7460 13.3856 -26.0997 0.2335 3.1101 8.5855 0.0000 0.0000 0.0000 8.7792 -2.2120 2.4389 0.0000 -0.0000 0.0000 0.7392 -17.1521 -15.2843 -0.0482 -1.4175 3.8984 -5.6799 0.4610 -5.1510 -0.4578 1.0312 2.0226 2.8065 0.3330 4.9094 4.5421 9.8741 -15.2902 0.3534 11.9079 41.6297 1.5477 4.9659 18.5137 -0.0000 -0.0000 0.0000 -91.0226 -4.3271 24.0501 11.0125 -18.3074 -1.7798 -0.0000 0.0000 -1.8751 20.6004 -11.4350 -4.2619 -7.1250 0.0000 -0.0000 -4.5802 17.8097 2.9693 -0.0000 -0.0000 0.0000 87.2415 1.9309 19.6961 -13.6687 22.2592 -2.7014 0.0000 -0.0000 -5.3040 -10.3522 -30.0013 5.2189 7.1250 -0.0000 -0.0000 23.5168 -58.8100 -8.2256
5.5519 17.0507 -0.6275 133.5520 -83.9831 -129.0960 0.0000 0.0000 0.0000 -20.6816 -6.4396 -2.9073 0.8978 6.0389 16.8973 0.7971 13.4259 -26.5370 0.2737 3.3651 9.2970 0.0000 0.0000 0.0000 8.4974 -1.8092 2.6320 0.0000 0.0000 -0.0000 0.7460 -17.2036 -15.2900 -0.0472 -1.4028 3.8579 -5.7548 0.5020 -5.1171 -0.4974 1.0886 1.9824 2.8114 0.3622 4.8425 3.5247 9.1115 -15.6796 1.0017 10.7568 41.7634 1.7974 4.4232 18.5004 -0.0000 -0.0000 0.0000 -90.9536 -4.3456 24.4820 10.8491 -18.0565 -1.7288 -0.0000 0.0000 -1.8348 21.6828 -12.5943 -4.9549 -7.1250 0.0000 -0.0000 -3.8639 16.4804 2.6151 -0.0000 -0.0000 0.0000 87.3145 2.0050 19.5152 -13.5842 22.1372 -2.6694 0.0000 -0.0000 -4.9744 -10.3034 -29.7462 5.1540 7.1250 -0.0000 -0.0000 23.3696 -58.5672 -8.0326
5.5478 17.0596 -0.6086 136.7240 -83.6722 -132.2280 0.0000 0.0000 0.0000 -20.7028 -6.3568 -2.9784 0.8940 6.0265 16.8615 0.7917 13.6770 -26.7471 0.2722 3.3558 9.2710 0.0000 0.0000 0.0000 8.4696 -1.3379 2.6439 0.0000 0.0000 -0.0000 0.7518 -17.2737 -15.3635 -0.0315 -1.1460 3.1507 -5.7699 0.6214 -5.2069 -0.5427 1.2585 2.0314 2.7898 0.4427 4.9304 2.7160 8.2623 -16.5158 1.0950 9.6707 41.8370 1.8011 3.8572 18.6766 0.0000 0.0000 0.0000 -90.8632 -4.6901 24.5524 10.9056 -18.1433 -1.7464 -0.0000 0.0000 -1.7730 21.1735 -12.4652 -4.7792 -7.1250 0.0000 -0.0000 -4.2122 16.6666 2.8349 0.0000 0.0000 0.0000 87.4629 2.5000 19.0891 -13.6019 22.1628 -2.6761 0.0000 -0.0000 -5.4535 -9.5306 -30.5595 4.8790 7.1250 -0.0000 -0.0000 24.7994 -59.1304 -8.9021
5.5424 17.0529 -0.5820 137.0120 -83.3724 -132.6080 0.0000 0.0000 0.0000 -20.9846 -5.8002 -3.0336 0.8950 6.0296 16.8704 0.8089 13.3776 -26.5793 0.2909 3.4687 9.5864 0.0000 0.0000 0.0000 8.1563 -1.1277 2.7756 0.0000 -0.0000 0.0000 0.7664 -17.2779 -15.0987 -0.0394 -1.2820 3.5250 -5.9363 0.5345 -5.0774 -0.6011 1.1409 1.8768 2.8082 0.3898 4.7039 1.8939 7.3050 -16.7202 1.2069 8.3852 41.8699 1.7352 3.2156 18.6714 0.0000 -0.0000 0.0000 -90.7542 -4.4995 24.7017 11.0022 -18.2915 -1.7766 -0.0000 0.0000 -1.9909 21.2450 -12.0786 -4.6510 -7.1250 0.0000 -0.0000 -4.1490 17.0705 2.7556 0.0000 -0.0000 0.0000 87.4757 2.2377 19.7477 -13.7861 22.4281 -2.7460 0.0000 -0.0000 -6.1274 -9.3833 -30.8802 4.8478 7.1250 -0.0000 -0.0000 25.2132 -59.3844 -9.2179
5.5345 17.0513 -0.5632 139.1750 -83.1966 -134.8990 0.0000 0.0000 0.0000 -21.0057 -5.3988 -2.9706 0.8945 6.0279 16.8655 0.7918 13.4741 -26.5441 0.2686 3.3341 9.2102 0.0000 0.0000 0.0000 8.1601 -0.8364 2.9314 0.0000 -0.0000 0.0000 0.8066 -17.4989 -14.9161 -0.0133 -0.7439 2.0443 -5.9224 0.4764 -5.0174 -0.5564 1.0562 1.8645 2.8386 0.3492 4.6641 0.5169 6.3637 -17.1350 1.9041 7.1023 41.8865 2.0542 2.5753 18.6545 0.0000 0.0000 0.0000 -90.7125 -4.7494 24.8704 10.9332 -18.1858 -1.7550 -0.0000 0.0000 -2.4048 21.5405 -12.0460 -4.7093 -7.1250 0.0000 -0.0000 -3.9420 17.0780 2.6168 0.0000 0.0000 0.0000 87.4610 2.3969 19.8731 -13.7758 22.4133 -2.7420 0.0000 -0.0000 -5.8701 -9.1289 -30.4277 4.6526 7.1250 -0.0000 -0.0000 25.1014 -58.9219 -8.8923
5.5202 17.0443 -0.5372 140.8530 -82.9175 -136.6520 0.0000 0.0000 0.0000 -21.1889 -5.3306 -2.8535 0.9080 6.0722 16.9939 0.8153 13.6227 -26.8723 0.2771 3.3859 9.3551 0.0000 0.0000 0.0000 8.0276 -0.5065 3.0583 0.0000 0.0000 0.0000 0.8202 -17.5910 -14.9020 -0.0089 -0.6092 1.6741 -5.8307 0.4788 -5.0602 -0.5831 1.0545 1.7855 2.7594 0.3549 4.6074 -0.3736 5.4094 -17.1907 1.8380 5.9399 41.8495 1.9409 1.9498 18.6239 0.0000 -0.0000 0.0000 -90.6965 -4.7225 24.8859 11.0101 -18.3037 -1.7791 -0.0000 0.0000 -1.9376 21.4789 -11.8338 -4.6134 -7.1250 0.0000 -0.0000 -3.9775 17.3095 2.6203 0.0000 -0.0000 0.0000 87.5343 2.1765 20.1310 -14.0133 22.7538 -2.8333 0.0000 -0.0000 -6.2182 -9.5374 -29.9271 4.7914 7.1250 -0.0000 -0.0000 24.2889 -58.5623 -8.3698
5.5076 17.0455 -0.5224 142.6270 -82.7953 -138.5100 0.0000 0.0000 0.0000 -21.1679 -5.5070 -2.6226 0.9086 6.0742 16.9999 0.8661 13.7383 -27.3682 0.3106 3.5829 9.9061 0.0000 0.0000 0.0000 8.0849 -0.2759 3.1670 0.0000 0.0000 -0.0000 0.8401 -17.6670 -14.7172 -0.0072 -0.5479 1.5055 -5.7014 0.4490 -5.2813 -0.5523 1.0254 1.9226 2.7208 0.3334 4.8805 -1.6556 4.4615 -17.5453 2.3697 4.7157 41.7378 2.1811 1.3338 18.6007 -0.0000 0.0000 0.0000 -90.7059 -4.9472 25.1090 11.1552 -18.5258 -1.8249 -0.0000 0.0000 -2.4715 21.4257 -11.8176 -4.5947 -7.1250 0.0000 -0.0000 -4.0141 17.3316 2.6426 -0.0000 0.0000 0.0000 87.4675 2.4466 20.6083 -14.0951 22.8705 -2.8650 0.0000 -0.0000 -6.7997 -9.3643 -30.3557 4.7640 7.1250 -0.0000 -0.0000 24.8042 -58.9100 -8.7713
5.5083 17.0440 -0.5072 142.6930 -82.4788 -138.5660 0.0000 0.0000 0.0000 -21.4332 -5.1138 -2.7576 0.9014 6.0508 16.9319 0.8054 13.8789 -27.0545 0.2651 3.3124 9.1498 0.0000 0.0000 0.0000 7.8050 -0.0047 3.1084 0.0000 0.0000 -0.0000 0.8770 -17.9057 -14.6520 -0.0009 -0.1894 0.5203 -5.9484 0.2528 -5.2627 -0.5035 0.7765 1.8836 2.8870 0.2035 4.8488 -2.3259 3.7544 -17.7848 2.2297 3.9097 41.7262 2.0765 0.8749 18.6753 0.0000 0.0000 0.0000 -90.8334 -5.0161 25.0686 11.2385 -18.6529 -1.8515 -0.0000 0.0000 -2.7350 21.7229 -11.6701 -4.6075 -7.1250 0.0000 -0.0000 -3.8013 17.4618 2.4910 0.0000 0.0000 0.0000 87.2855 2.6258 21.3211 -14.2043 23.0260 -2.9075 0.0000 -0.0000 -6.9079 -9.1909 -30.8177 4.7385 7.1250 -0.0000 -0.0000 25.3575 -59.2849 -9.2138
5.4923 17.0456 -0.4946 145.8500 -82.3218 -141.7250 0.0000 0.0000 0.0000 -21.2303 -5.0550 -2.7408 0.9266 6.1324 17.1690 0.8647 13.8601 -27.4781 0.2952 3.4937 9.6566 0.0000 0.0000 0.0000 8.0403 0.3731 3.1977 0.0000 0.0000 -0.0000 0.8778 -17.8796 -14.5588 -0.0002 -0.0902 0.2477 -5.7211 0.2028 -5.5385 -0.3508 0.7108 1.9670 2.9163 0.1676 5.0994 -3.1279 2.9766 -17.9428 2.3306 2.9358 41.7120 2.0734 0.3658 18.7296 -0.0000 -0.0000 0.0000 -90.8822 -5.2945 25.3113 11.1585 -18.5308 -1.8260 -0.0000 0.0000 -2.6457 22.2450 -12.1606 -4.9244 -7.1250 0.0000 -0.0000 -3.4560 16.8890 2.3071 -0.0000 -0.0000 0.0000 87.1093 2.6514 21.7598 -14.3803 23.2758 -2.9768 0.0000 -0.0000 -7.5095 -9.6160 -30.7254 4.9474 7.1250 -0.0000 -0.0000 24.8476 -59.2985 -9.0220
5.4844 17.0503 -0.4835 150.4290 -82.3317 -146.2330 0.0000 0.0000 0.0000 -20.7042 -4.9777 -2.8703 0.9466 6.1963 17.3551 0.8824 13.9977 -27.7443 0.2697 3.3407 9.2288 0.0000 0.0000 0.0000 8.5965 0.7393 3.1744 0.0000 -0.0000 0.0000 0.9063 -17.9997 -14.3129 -0.0000 -0.0188 0.0516 -5.1587 0.1472 -5.6473 -0.1861 0.5958 1.9740 2.7625 0.1252 5.1802 -3.4754 2.4151 -18.2742 2.2017 2.2251 41.8821 1.9381 -0.0074 18.9624 0.0000 -0.0000 0.0000 -90.7978 -5.3385 25.7162 11.1399 -18.5023 -1.8201 -0.0000 0.0000 -3.0529 22.9368 -12.0199 -5.0363 -7.1250 0.0000 -0.0000 -2.9684 16.9728 1.9752 0.0000 -0.0000 0.0000 87.1683 2.8951 22.0119 -14.2951 23.1550 -2.9431 0.0000 -0.0000 -7.8874 -9.9969 -30.5660 5.1223 7.1250 -0.0000 -0.0000 24.3282 -59.2414 -8.7854
5.4664 17.0436 -0.4785 150.5770 -81.8566 -146.4930 0.0000 0.0000 0.0000 -21.0280 -4.6441 -2.6879 0.9441 6.1884 17.3320 0.9105 13.9385 -27.8908 0.3096 3.5774 9.8907 0.0000 0.0000 0.0000 8.3133 1.1275 3.3409 0.0000 0.0000 -0.0000 0.9244 -18.0972 -14.2212 -0.0013 0.2291 -0.6294 -5.2595 0.1991 -5.5786 -0.3022 0.6701 1.8802 2.7041 0.1657 5.0367 -3.5575 1.9312 -18.3635 1.9224 1.5690 42.1010 1.6840 -0.3404 19.1668 0.0000 0.0000 0.0000 -90.6482 -5.1862 25.9254 11.2659 -18.6947 -1.8603 -0.0000 0.0000 -3.1392 21.9523 -10.7911 -4.3156 -7.1250 0.0000 -0.0000 -3.6109 18.3806 2.2926 0.0000 0.0000 0.0000 87.2601 2.6168 22.5153 -14.2167 23.0436 -2.9124 0.0000 -0.0000 -9.2408 -11.3266 -30.3289 5.7756 7.1250 -0.0000 -0.0000 22.7717 -59.3276 -8.2325
5.4666 17.0492 -0.4745 152.1880 -81.6587 -148.0210 0.0000 0.0000 0.0000 -20.9412 -4.7215 -2.6799 0.9303 6.1444 17.2040 0.8639 14.3716 -27.9820 0.2825 3.4181 9.4450 0.0000 0.0000 0.0000 8.4266 1.4345 3.2895 0.0000 -0.0000 0.0000 0.9200 -18.0825 -14.2727 -0.0008 0.1880 -0.5165 -5.1482 0.2079 -5.4274 -0.1913 0.6553 1.7079 2.7533 0.1711 4.7707 -4.4942 1.3224 -18.1838 2.4183 0.7302 41.9843 1.9141 -0.7538 19.0730 0.0000 -0.0000 0.0000 -90.7019 -5.0348 26.5109 11.2332 -18.6448 -1.8498 -0.0000 0.0000 -3.8352 20.2965 -11.4996 -4.2169 -7.1250 0.0000 -0.0000 -4.7949 17.7670 3.1140 0.0000 -0.0000 0.0000 87.1871 2.5999 21.6848 -14.2173 23.0445 -2.9126 0.0000 -0.0000 -7.8277 -9.9840 -29.1719 4.9044 7.1250 -0.0000 -0.0000 23.2618 -57.9744 -7.6570
5.4561 17.0499 -0.4689 151.7040 -81.2389 -147.5740 0.0000 0.0000 0.0000 -21.2912 -4.7120 -2.4891 0.9156 6.0967 17.0653 0.8779 14.5175 -28.2292 0.3207 3.6403 10.0667 0.0000 0.0000 0.0000 8.1049 1.7464 3.3587 0.0000 0.0000 -0.0000 0.9288 -18.1377 -14.2518 -0.0014 0.2434 -0.6687 -5.3715 0.1585 -5.4304 -0.2162 0.6052 1.6728 2.8480 0.1413 4.7390 -4.9288 0.9239 -18.2078 2.4950 0.2196 41.9685 1.9223 -1.0197 19.1019 0.0000 -0.0000 0.0000 -90.7349 -4.9303 26.4441 11.3469 -18.8180 -1.8863 -0.0000 0.0000 -3.6083 20.1365 -10.9887 -3.9981 -7.1250 0.0000 -0.0000 -4.8959 18.3195 3.1204 0.0000 -0.0000 0.0000 87.1415 2.6115 21.3878 -14.1199 22.9059 -2.8746 0.0000 -0.0000 -7.5099 -9.4875 -29.9799 4.7736 7.1250 -0.0000 -0.0000 24.3808 -58.5990 -8.4257
5.4564 17.0464 -0.4651 150.8160 -80.7991 -146.7560 0.0000 0.0000 0.0000 -21.7139 -4.5291 -2.2850 0.8837 5.9925 16.7627 0.8309 14.8110 -28.1883 0.2980 3.5103 9.7028 0.0000 0.0000 0.0000 7.7199 2.0423 3.4221 0.0000 -0.0000 0.0000 0.9548 -18.2791 -14.1239 -0.0053 0.4694 -1.2898 -5.6952 -0.0082 -5.6182 -0.2690 0.4255 1.8358 2.9598 0.0310 5.0329 -5.1388 0.6428 -18.1056 2.4447 -0.1271 41.7366 1.8584 -1.1907 18.9523 -0.0000 -0.0000 0.0000 -90.6964 -5.2421 26.2392 11.3075 -18.7580 -1.8736 -0.0000 0.0000 -4.0780 19.7966 -10.7684 -3.8476 -7.1250 0.0000 -0.0000 -5.1316 18.5783 3.2423 -0.0000 -0.0000 0.0000 87.1011 2.8667 21.7000 -13.9149 22.6129 -2.7953 0.0000 -0.0000 -7.9796 -10.6198 -29.8305 5.3286 7.1250 -0.0000 -0.0000 23.1111 -58.7139 -8.0198
5.4452 17.0413 -0.4655 149.8880 -80.4212 -145.8570 0.0000 0.0000 0.0000 -22.0976 -4.3042 -2.0876 0.8483 5.8742 16.4199 0.7937 15.0422 -28.1574 0.2820 3.4155 9.4377 0.0000 0.0000 0.0000 7.3424 2.2659 3.4789 0.0000 0.0000 -0.0000 0.9495 -18.2248 -14.0661 -0.0038 0.3967 -1.0899 -5.8500 -0.0250 -5.9157 -0.4214 0.4467 2.0024 2.8920 0.0247 5.3767 -5.4783 0.1579 -18.1114 2.6701 -0.8409 41.4708 1.8786 -1.4811 18.8408 -0.0000 -0.0000 0.0000 -90.5506 -5.5496 26.6348 11.1332 -18.4921 -1.8179 -0.0000 0.0000 -4.1542 20.7493 -11.7493 -4.4114 -7.1250 0.0000 -0.0000 -4.4845 17.4642 2.9410 -0.0000 -0.0000 0.0000 87.2814 3.1143 20.6004 -13.8646 22.5409 -2.7760 0.0000 -0.0000 -6.3697 -9.1130 -29.5533 4.5237 7.1250 -0.0000 -0.0000 24.4295 -58.1322 -8.1659
5.4361 17.0435 -0.4672 149.1870 -80.1203 -145.1460 0.0000 0.0000 0.0000 -22.4082 -4.4522 -1.9113 0.8308 5.8149 16.2482 0.7815 15.3452 -28.3858 0.3044 3.5475 9.8070 0.0000 0.0000 0.0000 7.0613 2.4416 3.5000 0.0000 -0.0000 0.0000 0.9678 -18.3459 -14.0479 -0.0078 0.5690 -1.5635 -6.0693 -0.1045 -5.9595 -0.4566 0.3609 1.9658 2.9696 -0.0239 5.3715 -5.6506 -0.1885 -18.0267 2.4516 -1.2502 41.4243 1.7167 -1.7053 18.8202 -0.0000 0.0000 0.0000 -90.5401 -5.3533 26.7653 11.2980 -18.7437 -1.8706 -0.0000 0.0000 -4.3339 20.6201 -11.5250 -4.2993 -7.1250 0.0000 -0.0000 -4.5688 17.7128 2.9717 -0.0000 0.0000 0.0000 87.2736 3.1464 20.4275 -13.5922 22.1487 -2.6724 0.0000 -0.0000 -6.5018 -9.2749 -29.1052 4.5417 7.1250 -0.0000 -0.0000 23.9284 -57.7617 -7.7687
5.4228 17.0402 -0.4776 150.1360 -80.0714 -146.1380 0.0000 0.0000 0.0000 -22.2540 -4.1598 -1.7368 0.8095 5.7417 16.0368 0.7833 15.2238 -28.2715 0.3009 3.5269 9.7493 0.0000 0.0000 0.0000 7.2289 2.5512 3.6156 0.0000 0.0000 -0.0000 0.9574 -18.3119 -14.1742 -0.0060 0.5008 -1.3760 -5.9840 -0.1612 -5.8398 -0.3779 0.2640 1.8798 2.9934 -0.0635 5.2216 -5.9963 -0.5751 -17.9932 2.4052 -1.7164 41.3502 1.6579 -1.9524 18.8050 -0.0000 -0.0000 0.0000 -90.6755 -5.0981 26.4007 11.3452 -18.8155 -1.8858 -0.0000 0.0000 -3.9775 20.0183 -11.1694 -4.0369 -7.1250 0.0000 -0.0000 -4.9828 18.1383 3.1961 -0.0000 -0.0000 0.0000 87.2878 2.7527 19.8437 -13.6756 22.2690 -2.7039 0.0000 -0.0000 -5.8210 -9.6603 -30.8135 4.9833 7.1250 -0.0000 -0.0000 24.8750 -59.3877 -9.0864
5.4212 17.0350 -0.4931 151.3640 -80.0191 -147.1740 0.0000 0.0000 0.0000 -21.9991 -3.8006 -1.9571 0.7974 5.6998 15.9159 0.8076 14.9390 -28.1518 0.3104 3.5817 9.9027 0.0000 0.0000 0.0000 7.4857 2.9595 2.7890 -0.0048 -0.4497 1.2357 0.8788 -17.9229 -14.6653 -0.0058 0.4936 -1.3564 -5.9423 -0.2110 -5.8319 -0.3051 0.1844 1.6811 3.0380 -0.0918 5.0155 -6.1822 -0.8968 -17.6345 2.3558 -2.1488 41.0488 1.5763 -2.1539 18.5569 -0.0000 -0.0000 0.0000 -90.6751 -4.7400 26.3776 11.4442 -18.9659 -1.9178 -0.0000 0.0000 -3.9596 20.1939 -10.8411 -3.9574 -7.1250 0.0000 -0.0000 -4.8526 18.4708 3.0763 -0.0000 -0.0000 0.0000 87.3415 2.2537 19.6239 -13.7152 22.3261 -2.7190 0.0000 -0.0000 -5.7339 -10.9985 -29.2920 5.4319 7.1250 -0.0000 -0.0000 22.3188 -58.3044 -7.5047
5.4088 17.0333 -0.5044 151.7900 -80.0229 -147.5390 0.0000 0.0000 0.0000 -21.9018 -3.6102 -1.9571 0.7890 5.6703 15.8306 0.8034 14.8672 -28.0472 0.2992 3.5171 9.7218 0.0000 0.0000 0.0000 7.6080 3.1886 2.1913 -0.0178 -0.8622 2.3698 0.7936 -17.5340 -15.2636 -0.0029 0.3489 -0.9587 -5.7878 -0.2909 -5.9373 -0.2554 0.0724 1.7034 2.9921 -0.1459 5.1090 -6.6351 -1.2703 -17.7571 2.4552 -2.5582 40.7980 1.6203 -2.3581 18.4829 -0.0000 -0.0000 0.0000 -90.7188 -4.8734 26.4168 11.3692 -18.8520 -1.8935 -0.0000 0.0000 -4.3033 20.1009 -11.0223 -4.0024 -7.1250 0.0000 -0.0000 -4.9217 18.2868 3.1404 -0.0000 -0.0000 0.0000 87.2645 2.2991 19.1051 -13.5082 22.0273 -2.6409 0.0000 -0.0000 -5.1998 -9.2091 -30.4430 4.6961 7.1250 -0.0000 -0.0000 25.0323 -58.9536 -8.8850
5.3986 17.0313 -0.5151 151.4270 -79.9534 -147.2690 0.0000 0.0000 0.0000 -22.0034 -3.6935 -1.7343 0.7868 5.6625 15.8081 0.8155 14.9457 -28.2151 0.3123 3.5928 9.9339 0.0000 0.0000 0.0000 7.5359 3.1996 2.2868 -0.0190 -0.8911 2.4492 0.8023 -17.6294 -15.3550 -0.0058 0.4907 -1.3484 -5.7480 -0.2811 -5.9879 -0.3446 0.0927 1.8061 2.8786 -0.1395 5.2438 -6.8983 -1.7517 -17.9116 2.5774 -3.1794 40.3599 1.5979 -2.5986 18.3223 0.0000 0.0000 0.0000 -90.5982 -5.0997 26.4844 11.2242 -18.6310 -1.8469 -0.0000 0.0000 -3.9090 19.7751 -10.6459 -3.8000 -7.1250 0.0000 -0.0000 -5.1448 18.7089 3.2358 0.0000 0.0000 0.0000 87.2837 2.1886 18.9780 -13.5188 22.0427 -2.6448 0.0000 -0.0000 -5.3610 -9.3079 -31.2328 4.8575 7.1250 -0.0000 -0.0000 25.5867 -59.6820 -9.5498
5.3844 17.0316 -0.5253 151.0960 -79.9156 -146.9040 0.0000 0.0000 0.0000 -22.0650 -3.6385 -1.5882 0.7647 5.5841 15.5824 0.7872 15.0686 -28.1384 0.2708 3.3472 9.2468 0.0000 0.0000 0.0000 7.4778 3.4114 1.6393 -0.0436 -1.3472 3.7046 0.7165 -17.2162 -15.8570 -0.0043 0.4252 -1.1684 -5.7678 -0.3606 -6.2171 -0.3086 0.0049 1.8704 2.9183 -0.1911 5.4507 -7.2524 -2.0946 -17.7689 2.6017 -3.5017 39.6709 1.6090 -2.7426 17.9203 0.0000 0.0000 0.0000 -90.7357 -5.2421 26.4378 11.1204 -18.4725 -1.8139 -0.0000 0.0000 -3.9343 19.9198 -10.7455 -3.8654 -7.1250 0.0000 -0.0000 -5.0442 18.5930 3.1850 0.0000 0.0000 0.0000 87.1030 2.0736 19.1329 -13.5774 22.1274 -2.6669 0.0000 -0.0000 -5.5898 -9.5142 -31.1995 4.9619 7.1250 -0.0000 -0.0000 25.3471 -59.6998 -9.4641
5.3823 17.0276 -0.5452 148.1640 -79.5241 -144.1290 0.0000 0.0000 0.0000 -22.7390 -3.7840 -1.3037 0.7532 5.5431 15.4643 0.8004 15.2066 -28.3770 0.3011 3.5283 9.7533 0.0000 0.0000 0.0000 6.8235 3.4772 1.5943 -0.0521 -1.4737 4.0531 0.6778 -17.0824 -16.2012 -0.0042 0.4180 -1.1484 -6.3783 -0.3632 -6.0636 -0.5274 0.0461 1.8511 3.0361 -0.1857 5.3424 -7.3883 -2.5084 -17.6402 2.3734 -3.9517 39.2280 1.4384 -2.9548 17.6697 -0.0000 0.0000 0.0000 -90.6130 -5.0807 27.1280 11.1797 -18.5632 -1.8327 -0.0000 0.0000 -4.9106 20.5331 -11.5737 -4.2973 -7.1250 0.0000 -0.0000 -4.6310 17.6687 3.0169 -0.0000 0.0000 0.0000 87.3255 2.1117 18.3460 -13.2614 21.6690 -2.5490 0.0000 -0.0000 -4.9386 -9.4315 -31.0233 4.8933 7.1250 -0.0000 -0.0000 25.2833 -59.5234 -9.3305
5.3751 17.0375 -0.5700 151.0020 -79.7751 -146.7490 0.0000 0.0000 0.0000 -22.0305 -3.9882 -1.4944 0.7706 5.6052 15.6430 0.8288 15.2500 -28.6248 0.2896 3.4606 9.5638 0.0000 0.0000 0.0000 7.5599 3.3726 2.0508 -0.0276 -1.0731 2.9500 0.7158 -17.2154 -15.8680 -0.0000 0.0073 -0.0200 -5.9636 -0.4301 -6.2784 -0.2710 -0.0723 1.7760 3.0594 -0.2328 5.3951 -7.6817 -2.8154 -17.6630 2.3163 -4.2109 38.7012 1.4147 -3.0826 17.4120 0.0000 0.0000 0.0000 -90.8163 -5.0797 26.5656 11.1412 -18.5044 -1.8205 -0.0000 0.0000 -4.1634 20.5162 -11.1702 -4.1463 -7.1250 0.0000 -0.0000 -4.6327 18.0970 2.9743 0.0000 0.0000 0.0000 87.3090 2.1649 17.8237 -12.9680 21.2403 -2.4417 0.0000 -0.0000 -4.2657 -9.5332 -29.9493 4.7925 7.1250 -0.0000 -0.0000 24.3105 -58.5815 -8.3892
5.3601 17.0399 -0.5983 153.8600 -80.1842 -149.5420 0.0000 0.0000 0.0000 -21.2249 -4.3154 -1.5545 0.8128 5.7533 16.0703 0.9099 15.0294 -28.9701 0.3240 3.6585 10.1179 0.0000 0.0000 0.0000 8.3354 2.7331 3.6532 0.0000 -0.0000 0.0000 0.8965 -18.0165 -14.5761 -0.0019 0.2835 -0.7789 -5.3536 -0.4935 -6.3627 -0.0653 -0.2118 1.6996 2.9169 -0.2814 5.3713 -8.0205 -3.0624 -17.4956 2.4178 -4.4336 38.0562 1.4823 -3.1788 17.0514 0.0000 -0.0000 0.0000 -91.0441 -4.9319 25.4652 11.0845 -18.4176 -1.8025 -0.0000 0.0000 -3.0353 20.3883 -11.6718 -4.3000 -7.1250 0.0000 -0.0000 -4.7348 17.5772 3.0945 0.0000 -0.0000 0.0000 87.2627 1.8936 17.6110 -12.9301 21.1847 -2.4280 0.0000 -0.0000 -4.1107 -9.8558 -29.5206 4.8929 7.1250 -0.0000 -0.0000 23.6530 -58.2639 -7.9625
5.3426 17.0463 -0.6153 153.9090 -80.2746 -149.4440 0.0000 0.0000 0.0000 -21.1350 -4.7807 -1.5113 0.8204 5.7793 16.1453 0.9436 15.1369 -29.3115 0.3483 3.7918 10.4916 0.0000 0.0000 0.0000 8.4348 2.6592 3.5616 0.0000 -0.0000 0.0000 0.8750 -17.9044 -14.6904 -0.0002 -0.0947 0.2602 -5.2110 -0.5282 -6.8247 -0.0467 -0.2403 1.7595 2.8522 -0.3003 5.6993 -8.4585 -3.4064 -16.8166 2.5944 -4.8004 36.8774 1.5828 -3.3225 16.3152 -0.0000 -0.0000 0.0000 -91.0745 -4.8871 25.8716 11.1226 -18.4760 -1.8146 -0.0000 0.0000 -3.7520 20.6072 -12.0532 -4.4897 -7.1250 0.0000 -0.0000 -4.5926 17.1550 3.0435 -0.0000 -0.0000 0.0000 87.2080 1.9324 17.5043 -13.0378 21.3426 -2.4670 0.0000 -0.0000 -4.1827 -9.3358 -29.9778 4.6959 7.1250 -0.0000 -0.0000 24.5332 -58.5636 -8.4614
5.3406 17.0451 -0.6427 154.1900 -80.3533 -149.7710 0.0000 0.0000 0.0000 -20.9537 -4.6397 -1.4258 0.8107 5.7459 16.0490 0.9190 15.1780 -29.1828 0.2991 3.5168 9.7211 0.0000 0.0000 0.0000 8.6401 2.5861 3.6663 0.0000 0.0000 -0.0000 0.8675 -17.8476 -14.6792 -0.0002 -0.0841 0.2309 -5.1629 -0.5254 -6.3682 0.0237 -0.2807 1.4338 2.8959 -0.2981 5.0999 -8.6926 -3.6352 -16.8146 2.5022 -5.0254 36.8113 1.5391 -3.4589 16.3078 -0.0000 0.0000 0.0000 -91.1495 -4.3642 25.7263 11.2147 -18.6166 -1.8439 -0.0000 0.0000 -3.4051 20.0495 -11.4328 -4.1375 -7.1250 0.0000 -0.0000 -4.9665 17.8580 3.2163 -0.0000 0.0000 0.0000 87.1370 1.5988 17.4455 -12.9297 21.1842 -2.4278 0.0000 -0.0000 -4.2317 -9.2584 -29.6072 4.6044 7.1250 -0.0000 -0.0000 24.3239 -58.2123 -8.1753
5.3275 17.0430 -0.6695 154.6810 -80.4137 -150.2530 0.0000 0.0000 0.0000 -20.7478 -4.4889 -1.3562 0.8017 5.7145 15.9584 0.9226 15.0590 -29.0886 0.2991 3.5165 9.7203 0.0000 0.0000 0.0000 8.8336 2.5717 3.6710 0.0000 0.0000 -0.0000 0.8815 -17.9123 -14.5771 -0.0001 0.0750 -0.2060 -5.0750 -0.5484 -6.3392 0.0154 -0.3243 1.2840 2.8335 -0.3098 4.9291 -8.8386 -3.8880 -16.7174 2.7113 -5.3916 36.3440 1.5900 -3.5811 16.0900 0.0000 0.0000 0.0000 -91.1320 -4.0149 25.3572 11.3283 -18.7897 -1.8803 -0.0000 0.0000 -2.8420 19.6295 -11.1998 -3.9629 -7.1250 0.0000 -0.0000 -5.2567 18.1373 3.3734 0.0000 0.0000 0.0000 87.2702 1.3234 17.5550 -12.9735 21.2484 -2.4437 0.0000 -0.0000 -4.2716 -9.7299 -29.7954 4.8701 7.1250 -0.0000 -0.0000 23.9911 -58.4856 -8.2145
5.3172 17.0418 -0.6939 153.8400 -80.4543 -149.3650 0.0000 0.0000 0.0000 -20.7751 -4.5546 -1.2352 0.7788 5.6345 15.7274 0.9154 15.0834 -29.0630 0.3326 3.7061 10.2514 0.0000 0.0000 0.0000 8.7847 2.4428 3.6936 0.0000 0.0000 0.0000 0.8515 -17.7894 -14.8361 -0.0001 -0.0633 0.1740 -5.1100 -0.5279 -6.5467 -0.0138 -0.2820 1.2395 2.8269 -0.2904 4.9966 -8.7710 -4.0734 -16.9533 2.5271 -5.5727 36.2574 1.4600 -3.6594 16.1096 -0.0000 -0.0000 0.0000 -91.1742 -3.9825 25.2504 11.3244 -18.7837 -1.8790 -0.0000 0.0000 -2.2239 19.5644 -10.6327 -3.7517 -7.1250 0.0000 -0.0000 -5.2935 18.7387 3.3266 -0.0000 -0.0000 0.0000 87.2458 1.4173 17.1009 -12.8596 21.0812 -2.4026 0.0000 -0.0000 -4.0513 -9.6170 -30.0321 4.8473 7.1250 -0.0000 -0.0000 24.2901 -58.6747 -8.4367
5.2933 17.0317 -0.7185 151.7310 -80.4197 -147.4220 0.0000 0.0000 0.0000 -21.1805 -5.1421 -0.5358 0.7488 5.5272 15.4187 0.9302 15.4889 -29.5736 0.3563 3.8350 10.6129 0.0000 0.0000 0.0000 8.5409 2.7915 2.2947 -0.0331 -1.1736 3.2267 0.6257 -16.7942 -16.4028 -0.0001 -0.0616 0.1694 -5.3376 -0.6026 -7.0172 -0.1005 -0.3208 1.5281 2.8578 -0.3358 5.5731 -8.8590 -4.2291 -17.1936 2.5820 -5.6849 35.7690 1.4778 -3.6772 15.9384 0.0000 -0.0000 0.0000 -91.2016 -4.2916 25.6873 11.3297 -18.7919 -1.8808 -0.0000 0.0000 -3.4397 20.1326 -10.9169 -3.9715 -7.1250 0.0000 -0.0000 -4.8973 18.3956 3.1130 0.0000 -0.0000 0.0000 87.2032 1.7340 17.4542 -13.0232 21.3212 -2.4617 0.0000 -0.0000 -4.4044 -9.4938 -30.2811 4.8201 7.1250 -0.0000 -0.0000 24.6126 -58.8717 -8.6753
5.2871 17.0314 -0.7486 150.9550 -80.5462 -146.6730 0.0000 0.0000 0.0000 -21.1475 -5.0781 -0.3870 0.7284 5.4531 15.2054 0.8665 15.6287 -29.2796 0.2927 3.4788 9.6148 0.0000 0.0000 0.0000 8.5898 2.7959 1.7635 -0.0583 -1.5580 4.2855 0.5557 -16.5063 -16.8872 -0.0002 -0.0992 0.2725 -5.4325 -0.7098 -7.3000 -0.1219 -0.4306 1.7071 2.8735 -0.4057 5.9346 -9.0893 -4.4446 -17.5319 2.8976 -5.9179 35.2339 1.6066 -3.7239 15.7966 -0.0000 0.0000 0.0000 -91.2130 -4.5781 25.1582 11.3901 -18.8838 -1.9003 -0.0000 0.0000 -2.8598 19.7336 -10.7151 -3.8156 -7.1250 0.0000 -0.0000 -5.1753 18.6392 3.2631 -0.0000 0.0000 0.0000 87.2899 2.3733 17.6949 -12.8907 21.1269 -2.4137 0.0000 -0.0000 -4.5453 -9.6797 -29.3532 4.7795 7.1250 -0.0000 -0.0000 23.7050 -58.0736 -7.8713
5.2998 17.0396 -0.7842 151.0250 -80.6115 -146.6420 0.0000 0.0000 0.0000 -20.9567 -5.3836 -0.4368 0.7211 5.4264 15.1290 0.8177 15.9260 -29.2506 0.2792 3.3982 9.3895 0.0000 0.0000 0.0000 8.8289 2.8108 1.5257 -0.0618 -1.6047 4.4143 0.5591 -16.5254 -16.8754 -0.0012 -0.2202 0.6051 -5.5535 -0.6767 -7.1803 -0.0472 -0.3907 1.5745 3.0260 -0.3833 5.7246 -9.2504 -4.7257 -17.8180 2.9833 -6.2431 35.0284 1.6036 -3.8489 15.8035 0.0000 -0.0000 0.0000 -91.2897 -4.7680 25.1016 11.1514 -18.5199 -1.8237 -0.0000 0.0000 -2.7120 19.9929 -11.4715 -4.1386 -7.1250 0.0000 -0.0000 -5.0070 17.8219 3.2467 0.0000 -0.0000 0.0000 87.2582 2.2953 18.0088 -12.9572 21.2245 -2.4378 0.0000 -0.0000 -5.0302 -10.4387 -28.6808 5.0529 7.1250 -0.0000 -0.0000 22.4442 -57.6224 -7.1763
5.2749 17.0382 -0.8172 150.1380 -80.6353 -145.8280 0.0000 0.0000 0.0000 -20.9873 -5.3053 -0.2220 0.7086 5.3798 14.9952 0.7926 16.0199 -29.1756 0.2371 3.1334 8.6505 0.0000 0.0000 0.0000 8.8133 2.7660 1.3916 -0.0797 -1.8209 5.0110 0.5025 -16.2973 -17.2618 -0.0008 -0.1802 0.4952 -5.6343 -0.6512 -7.3888 -0.0837 -0.3345 1.5532 3.0394 -0.3599 5.8163 -9.1934 -4.8701 -17.6168 2.8370 -6.3768 34.4924 1.5137 -3.8983 15.4982 0.0000 0.0000 0.0000 -91.1700 -4.5737 26.0595 11.1903 -18.5794 -1.8361 -0.0000 0.0000 -4.4366 20.5000 -11.9141 -4.4137 -7.1250 0.0000 -0.0000 -4.6634 17.3116 3.0747 0.0000 0.0000 0.0000 87.2349 2.1745 18.2286 -13.3245 21.7609 -2.5724 0.0000 -0.0000 -5.0263 -9.4893 -30.7083 4.8789 7.1250 -0.0000 -0.0000 24.9631 -59.2545 -9.0407
5.2766 17.0266 -0.8433 148.5100 -80.9728 -144.2510 0.0000 0.0000 0.0000 -20.9053 -4.9643 -0.2706 0.7061 5.3707 14.9689 0.7499 15.6562 -28.4879 0.2023 2.8961 7.9897 0.0000 0.0000 0.0000 8.8517 2.3819 1.2402 -0.0897 -1.9312 5.3156 0.4845 -16.2426 -17.4183 -0.0003 0.1193 -0.3279 -5.6527 -0.7784 -6.8857 -0.0446 -0.5492 1.2073 3.0687 -0.4430 5.1862 -9.5362 -5.0409 -17.5152 2.9605 -6.5528 34.3022 1.5933 -3.9952 15.4218 -0.0000 -0.0000 0.0000 -91.3857 -3.8632 25.5389 11.3972 -18.8945 -1.9025 -0.0000 0.0000 -3.9963 20.7816 -12.0346 -4.5242 -7.1250 0.0000 -0.0000 -4.4704 17.1592 2.9616 -0.0000 -0.0000 0.0000 87.1453 1.6733 18.8327 -13.5035 22.0205 -2.6391 0.0000 -0.0000 -5.5010 -10.4309 -29.6805 5.2084 7.1250 -0.0000 -0.0000 23.1894 -58.5355 -7.9484
5.2803 17.0304 -0.8866 149.9370 -81.2104 -145.6590 0.0000 0.0000 0.0000 -20.4202 -5.3213 -0.1510 0.7025 5.3574 14.9309 0.7348 15.9168 -28.6586 0.1862 2.7791 7.6644 0.0000 0.0000 0.0000 9.4488 2.3431 1.1565 -0.0977 -2.0153 5.5480 0.4214 -15.9485 -17.7542 -0.0026 -0.3272 0.8989 -5.4489 -0.6586 -7.0795 0.0238 -0.3933 1.3338 3.0425 -0.3689 5.4127 -9.3922 -5.2527 -17.6982 2.9432 -6.8143 33.8442 1.5117 -4.0597 15.2600 0.0000 0.0000 0.0000 -91.4047 -4.1917 25.3994 11.2455 -18.6636 -1.8537 -0.0000 0.0000 -3.4362 20.6420 -12.1075 -4.5178 -7.1250 0.0000 -0.0000 -4.5700 17.0945 3.0345 0.0000 0.0000 0.0000 87.2422 1.8451 18.9949 -13.7622 22.3938 -2.7369 0.0000 -0.0000 -6.0728 -10.2489 -30.2307 5.2015 7.1250 -0.0000 -0.0000 23.8023 -58.9951 -8.4396
5.2669 17.0249 -0.9131 147.9740 -81.3992 -143.8030 0.0000 0.0000 0.0000 -20.5170 -5.2657 0.1976 0.6693 5.2319 14.5712 0.6868 15.9335 -28.3316 0.1563 2.5475 7.0213 0.0000 0.0000 0.0000 9.3475 2.1422 0.7710 -0.1355 -2.3726 6.5366 0.3473 -15.6625 -18.2451 -0.0009 -0.1909 0.5245 -5.4607 -0.7151 -7.0177 -0.0734 -0.4718 1.2009 2.9388 -0.3998 5.2441 -9.4907 -5.3578 -17.3944 3.1015 -6.9934 33.4756 1.5704 -4.1202 15.0439 0.0000 0.0000 0.0000 -91.2937 -3.8136 25.6283 11.3110 -18.7634 -1.8747 -0.0000 0.0000 -3.9015 20.4264 -11.8054 -4.3571 -7.1250 0.0000 -0.0000 -4.7118 17.4328 3.0943 0.0000 0.0000 0.0000 87.4470 1.7136 18.7185 -13.4150 21.8922 -2.6060 0.0000 -0.0000 -6.0741 -10.0143 -29.6468 4.9920 7.1250 -0.0000 -0.0000 23.5882 -58.4132 -8.0248
5.2627 17.0307 -0.9519 145.3630 -81.4802 -141.2430 0.0000 0.0000 0.0000 -20.6602 -5.4029 0.2648 0.6640 5.2114 14.5125 0.6388 16.0146 -28.0713 0.1319 2.3411 6.4493 0.0000 0.0000 0.0000 9.1901 1.8667 0.6823 -0.1461 -2.4631 6.7872 0.3221 -15.5224 -18.3338 -0.0008 -0.1788 0.4914 -5.8803 -0.8149 -7.1310 -0.0227 -0.5599 1.2827 3.2166 -0.4634 5.4099 -9.8200 -5.5136 -17.7903 3.2181 -7.0726 33.3532 1.6510 -4.1597 15.1086 -0.0000 -0.0000 0.0000 -91.5423 -3.9992 25.2225 11.3292 -18.7911 -1.8806 -0.0000 0.0000 -3.8818 20.1103 -11.4910 -4.1719 -7.1250 0.0000 -0.0000 -4.9251 17.7916 3.1965 -0.0000 -0.0000 0.0000 87.2795 1.9968 18.9000 -13.4660 21.9662 -2.6250 0.0000 -0.0000 -6.0627 -9.7552 -30.8545 5.0389 7.1250 -0.0000 -0.0000 24.8117 -59.4461 -9.0965
5.2505 17.0260 -0.9827 146.5100 -81.9702 -142.3250 0.0000 0.0000 0.0000 -20.1167 -5.6470 0.2397 0.6861 5.2958 14.7541 0.6640 15.9360 -28.1694 0.1296 2.3201 6.3913 0.0000 0.0000 0.0000 9.7269 1.4962 0.9004 -0.1272 -2.2992 6.3334 0.3382 -15.5982 -18.2536 -0.0026 -0.3284 0.9024 -5.4241 -0.8195 -7.7337 0.0614 -0.5648 1.5186 3.0431 -0.4721 5.9970 -9.9428 -5.6817 -17.8524 3.5388 -7.3090 32.8086 1.7625 -4.2041 14.9117 0.0000 -0.0000 0.0000 -91.5096 -4.2312 25.2153 11.4461 -18.9688 -1.9184 -0.0000 0.0000 -3.7188 19.8903 -11.4567 -4.1105 -7.1250 0.0000 -0.0000 -5.0786 17.8458 3.2909 0.0000 -0.0000 0.0000 87.3338 2.4674 18.8823 -13.4059 21.8791 -2.6026 0.0000 -0.0000 -6.1513 -10.3268 -30.4241 5.2719 7.1250 -0.0000 -0.0000 23.8762 -59.1878 -8.5792
5.2310 17.0144 -1.0168 145.1300 -82.1809 -141.0240 0.0000 0.0000 0.0000 -20.0927 -5.8568 0.5861 0.6769 5.2608 14.6538 0.7010 15.8130 -28.3040 0.1490 2.4871 6.8540 0.0000 0.0000 0.0000 9.7787 1.2419 0.7872 -0.1484 -2.4826 6.8415 0.3048 -15.5297 -18.5737 -0.0011 -0.2179 0.5987 -5.3900 -0.8373 -7.8767 0.0485 -0.5820 1.5283 3.0071 -0.4816 6.0898 -10.1048 -5.8196 -17.9638 3.6908 -7.4692 32.6290 1.8203 -4.2592 14.8854 -0.0000 0.0000 0.0000 -91.5438 -4.1604 25.4079 11.3259 -18.7861 -1.8795 -0.0000 0.0000 -3.7657 20.8566 -11.8790 -4.4843 -7.1250 0.0000 -0.0000 -4.4134 17.3173 2.9084 -0.0000 0.0000 0.0000 87.3530 2.3614 18.7565 -13.5673 22.1128 -2.6631 0.0000 -0.0000 -5.4621 -12.5352 -28.1812 5.9942 7.1250 -0.0000 -0.0000 19.9640 -57.6052 -6.3292
5.2413 17.0140 -1.0427 144.6640 -82.4495 -140.4720 0.0000 0.0000 0.0000 -19.9211 -6.2997 0.6983 0.6688 5.2297 14.5650 0.7131 15.8914 -28.4756 0.1630 2.6011 7.1701 0.0000 0.0000 0.0000 9.9806 1.0644 0.5212 -0.1600 -2.5770 7.1032 0.2849 -15.4212 -18.6456 -0.0002 -0.0827 0.2272 -5.2206 -0.7839 -7.6822 0.0624 -0.5483 1.2563 2.9330 -0.4439 5.6855 -9.9671 -5.8737 -17.7110 3.5551 -7.5756 32.5404 1.7273 -4.3103 14.7829 -0.0000 0.0000 0.0000 -91.5296 -3.7097 25.4141 11.4095 -18.9132 -1.9065 -0.0000 0.0000 -3.7877 20.3569 -11.7692 -4.3280 -7.1250 0.0000 -0.0000 -4.7593 17.4771 3.1211 -0.0000 0.0000 0.0000 87.3699 2.0154 18.5633 -13.5136 22.0352 -2.6429 0.0000 -0.0000 -5.4453 -11.4532 -29.1234 5.6314 7.1250 -0.0000 -0.0000 21.7304 -58.2485 -7.2648
5.2440 17.0216 -1.0887 144.7560 -82.7271 -140.4630 0.0000 0.0000 0.0000 -19.5064 -6.2374 0.4649 0.6674 5.2245 14.5499 0.6242 16.0586 -28.0132 0.1096 2.1345 5.8775 0.0000 0.0000 0.0000 10.4341 0.8950 0.3578 -0.1649 -2.6161 7.2117 0.2459 -15.2110 -18.7910 -0.0046 -0.4393 1.2072 -5.1288 -0.7962 -7.8473 0.1124 -0.5645 1.3099 2.9307 -0.4543 5.8369 -10.0460 -5.9437 -17.9362 3.6658 -7.6204 32.3124 1.7737 -4.3062 14.7434 -0.0000 0.0000 0.0000 -91.4466 -3.9144 25.4561 11.3742 -18.8596 -1.8951 -0.0000 0.0000 -4.2755 20.1092 -11.3391 -4.1174 -7.1250 0.0000 -0.0000 -4.9225 17.9519 3.1774 -0.0000 0.0000 0.0000 87.4169 1.9745 19.2083 -13.4373 21.9246 -2.6143 0.0000 -0.0000 -6.6990 -10.5919 -30.3207 5.3930 7.1250 -0.0000 -0.0000 23.5218 -59.1539 -8.4235
5.2374 17.0083 -1.1222 141.2670 -82.8564 -137.1460 0.0000 0.0000 0.0000 -19.7164 -6.6874 0.8782 0.6481 5.1497 14.3360 0.6121 16.2252 -28.1092 0.1304 2.3275 6.4117 0.0000 0.0000 0.0000 10.2363 0.5635 0.2303 -0.1913 -2.8167 7.7690 0.1854 -14.9832 -19.1744 -0.0069 -0.5382 1.4789 -5.3460 -0.8693 -7.6571 0.0751 -0.6547 1.1881 3.0041 -0.4976 5.6112 -10.2299 -6.0452 -17.6755 3.5881 -7.7075 32.1971 1.7624 -4.3799 14.6481 0.0000 -0.0000 0.0000 -91.5329 -3.6110 25.4469 11.3838 -18.8742 -1.8982 -0.0000 0.0000 -3.8735 20.2910 -11.0662 -4.0593 -7.1250 0.0000 -0.0000 -4.7888 18.2253 3.0616 0.0000 -0.0000 0.0000 87.3387 1.7018 19.0177 -13.3796 21.8409 -2.5928 0.0000 -0.0000 -6.5008 -10.7315 -29.1477 5.2740 7.1250 -0.0000 -0.0000 22.4849 -58.1139 -7.4600
5.2466 17.0076 -1.1696 142.3030 -83.0458 -138.2020 0.0000 0.0000 0.0000 -19.2576 -6.2979 0.8771 0.6186 5.0333 14.0036 0.5069 16.3232 -27.4375 0.0922 1.9584 5.3908 0.0000 0.0000 0.0000 10.7790 0.6650 -0.1765 -0.2358 -3.1253 8.6278 0.0854 -14.5467 -19.6995 -0.0149 -0.7888 2.1680 -5.4034 -0.8047 -8.0164 0.2103 -0.5382 1.4786 3.1903 -0.4629 6.1149 -10.3149 -6.1801 -17.9423 3.7440 -7.8506 31.9324 1.8085 -4.4082 14.6136 -0.0000 0.0000 0.0000 -91.7529 -4.1184 24.5188 11.3484 -18.8203 -1.8868 -0.0000 0.0000 -2.9072 20.2141 -11.2816 -4.1201 -7.1250 0.0000 -0.0000 -4.8475 18.0041 3.1231 -0.0000 0.0000 0.0000 87.3345 2.3455 18.4695 -13.1964 21.5743 -2.5250 0.0000 -0.0000 -6.1212 -10.5749 -28.9809 5.1686 7.1250 -0.0000 -0.0000 22.5224 -57.9270 -7.3707
5.2268 16.9979 -1.1939 137.4980 -83.2338 -133.5030 0.0000 0.0000 0.0000 -19.5390 -6.5283 1.2620 0.6024 4.9681 13.8177 0.5490 16.0759 -27.4726 0.1031 2.0702 5.6997 0.0000 0.0000 0.0000 10.3735 0.1299 -0.2188 -0.2519 -3.2295 8.9182 0.0519 -14.4180 -19.8974 -0.0101 -0.6491 1.7836 -5.5244 -0.8899 -8.0822 0.0608 -0.6306 1.3914 3.0887 -0.5073 6.0689 -10.4049 -6.3188 -18.0699 3.8288 -8.0485 32.0262 1.8162 -4.4903 14.7131 -0.0000 -0.0000 0.0000 -91.6048 -3.6602 24.7194 11.4594 -18.9889 -1.9227 -0.0000 0.0000 -2.9620 21.8431 -11.4780 -4.5605 -7.1250 0.0000 -0.0000 -3.7105 17.6561 2.4154 -0.0000 -0.0000 0.0000 87.3971 2.1777 18.4500 -13.1622 21.5243 -2.5125 0.0000 -0.0000 -6.1998 -10.5548 -29.5775 5.2548 7.1250 -0.0000 -0.0000 22.9848 -58.4687 -7.8361
5.2324 17.0053 -1.2347 138.6300 -83.5372 -134.5860 0.0000 0.0000 0.0000 -19.0175 -6.4956 1.1532 0.5934 4.9317 13.7138 0.4689 16.2415 -27.0520 0.0668 1.6670 4.5862 0.0000 0.0000 0.0000 10.9525 0.0392 -0.3164 -0.2566 -3.2591 9.0010 0.0304 -14.3369 -20.0256 -0.0227 -0.9724 2.6728 -5.3115 -0.8724 -7.9963 0.1652 -0.6442 1.2358 3.0780 -0.4996 5.8544 -10.5860 -6.3231 -17.6755 4.0415 -8.1028 31.7967 1.9347 -4.5114 14.5478 0.0000 -0.0000 0.0000 -91.7164 -3.3930 24.2615 11.4534 -18.9799 -1.9208 -0.0000 0.0000 -2.9181 21.5327 -11.3411 -4.4368 -7.1250 0.0000 -0.0000 -3.9235 17.8294 2.5397 0.0000 -0.0000 0.0000 87.4577 1.7373 18.5144 -13.1823 21.5537 -2.5199 0.0000 -0.0000 -6.1111 -11.6373 -28.4300 5.5999 7.1250 -0.0000 -0.0000 21.0507 -57.6460 -6.7150
5.2209 17.0033 -1.2657 137.2090 -83.8151 -133.2620 0.0000 0.0000 0.0000 -18.8421 -6.6638 1.4098 0.5847 4.8959 13.6118 0.4605 16.2162 -26.9577 0.0634 1.6247 4.4694 0.0000 0.0000 0.0000 11.0705 -0.3067 -0.2069 -0.2562 -3.2567 8.9943 0.0211 -14.2922 -20.0664 -0.0185 -0.8770 2.4105 -5.2209 -0.9365 -8.2685 0.2130 -0.7208 1.3690 3.0645 -0.5451 6.1569 -10.4885 -6.3269 -17.8296 3.8694 -8.0343 31.6757 1.8578 -4.4831 14.5069 0.0000 -0.0000 0.0000 -91.8067 -3.5005 24.2781 11.3929 -18.8880 -1.9012 -0.0000 0.0000 -3.0337 21.7480 -11.5179 -4.5542 -7.1250 0.0000 -0.0000 -3.7785 17.6218 2.4627 0.0000 -0.0000 0.0000 87.3541 1.9566 18.4557 -13.0477 21.3571 -2.4706 0.0000 -0.0000 -5.9068 -10.6801 -29.7080 5.3395 7.1250 -0.0000 -0.0000 22.9558 -58.6155 -7.9074
5.2282 17.0055 -1.2881 132.8820 -83.8999 -128.9100 0.0000 0.0000 0.0000 -19.1117 -7.0976 1.7657 0.5473 4.7394 13.1667 0.3990 16.5047 -26.8204 0.0765 1.7848 4.9112 0.0000 0.0000 0.0000 10.7688 -0.4996 -0.8704 -0.3206 -3.6396 10.0647 -0.0322 -14.1523 -20.4632 -0.0080 -0.5764 1.5838 -5.3416 -1.0261 -8.1952 0.0931 -0.8278 1.3160 2.9925 -0.5969 6.0693 -10.4696 -6.2790 -17.9549 3.8942 -7.9613 31.7244 1.8755 -4.4438 14.5498 0.0000 -0.0000 0.0000 -91.7848 -3.5220 24.1677 11.2380 -18.6521 -1.8513 -0.0000 0.0000 -2.7150 21.7655 -11.6971 -4.6279 -7.1250 0.0000 -0.0000 -3.7725 17.4292 2.4747 0.0000 -0.0000 0.0000 87.3893 1.9806 18.4839 -12.9667 21.2384 -2.4412 0.0000 -0.0000 -5.9968 -11.2936 -28.9388 5.5195 7.1250 -0.0000 -0.0000 21.7602 -58.0434 -7.1667
5.1101 16.9443 -1.3000 122.8530 -83.1569 -119.7550 0.0000 0.0000 0.0000 -20.8296 -6.8152 3.5255 0.5098 4.5770 12.7058 0.4954 16.1413 -27.1396 0.0715 1.7250 4.7464 0.0000 0.0000 0.0000 8.6011 -6.4786 -2.1668 -0.3923 -4.0217 11.1376 -0.3563 -9.1558 -18.0914 -0.0035 0.3827 -1.0515 -6.1762 -1.0964 -9.0250 -0.3819 -0.7350 1.7455 2.9630 -0.6089 7.0017 -10.2044 -6.3382 -18.1233 3.5806 -8.0244 31.9201 1.6851 -4.4821 14.6502 0.0000 -0.0000 0.0000 -91.8526 -2.9611 23.9964 11.5512 -19.1282 -1.9527 -0.0000 0.0000 -2.6986 21.1789 -11.2893 -4.3375 -7.1250 0.0000 -0.0000 -4.1703 17.9151 2.6924 0.0000 -0.0000 0.0000 87.4240 1.4835 18.1641 -13.1532 21.5113 -2.5092 0.0000 -0.0000 -5.8517 -11.2037 -29.3103 5.5383 7.1250 -0.0000 -0.0000 22.1225 -58.3662 -7.4676
5.1354 16.9513 -1.3315 121.0350 -83.4586 -117.8000 0.0000 0.0000 0.0000 -20.4951 -7.2939 3.4925 0.4912 4.4938 12.4701 0.4606 16.2825 -27.0360 0.0799 1.8229 5.0165 0.0000 0.0000 0.0000 9.0106 -5.9790 -2.3560 -0.4176 -4.1479 11.4930 -0.3516 -9.6940 -18.6004 -0.0003 0.1064 -0.2925 -6.0447 -1.0916 -8.8216 -0.3307 -0.7662 1.6124 2.9416 -0.6098 6.7439 -10.4946 -6.4585 -17.9852 3.8960 -8.2094 31.7106 1.8320 -4.5485 14.5757 -0.0000 -0.0000 0.0000 -91.8234 -3.0176 24.2480 11.4501 -18.9749 -1.9197 -0.0000 0.0000 -2.5278 21.0739 -11.0652 -4.2298 -7.1250 0.0000 -0.0000 -4.2378 18.1621 2.7132 -0.0000 -0.0000 0.0000 87.3560 1.5694 17.5481 -13.1251 21.4703 -2.4989 0.0000 -0.0000 -4.5312 -9.8881 -30.8890 5.1137 7.1250 -0.0000 -0.0000 24.7040 -59.5073 -9.0905
5.2178 16.9879 -1.3944 126.3890 -84.2510 -122.6470 0.0000 0.0000 0.0000 -18.9377 -7.8855 2.6132 0.4975 4.5219 12.5499 0.4079 16.5937 -26.9961 0.1055 2.0945 5.7669 0.0000 0.0000 0.0000 10.9737 -1.2420 -1.1436 -0.3802 -3.9602 10.9646 -0.1615 -13.6192 -21.1348 -0.0143 -0.7729 2.1242 -5.5601 -0.9403 -8.2099 0.0227 -0.6879 1.2744 3.0606 -0.5327 6.0233 -10.4023 -6.5169 -17.8872 3.8480 -8.2954 31.5013 1.7848 -4.5753 14.4597 -0.0000 0.0000 0.0000 -91.8214 -3.0860 24.1782 11.3764 -18.8630 -1.8958 -0.0000 0.0000 -2.5938 21.0311 -11.2656 -4.2956 -7.1250 0.0000 -0.0000 -4.2734 17.9529 2.7558 -0.0000 0.0000 0.0000 87.5018 1.6744 17.3868 -13.2119 21.5969 -2.5308 0.0000 -0.0000 -4.6583 -9.7881 -32.2558 5.2605 7.1250 -0.0000 -0.0000 25.9900 -60.7037 -10.3516
5.2318 16.9905 -1.4425 129.0080 -84.8722 -125.2930 0.0000 0.0000 0.0000 -18.0187 -8.0661 2.5889 0.5045 4.5531 12.6383 0.4377 16.5014 -27.1164 0.1149 2.1853 6.0181 0.0000 0.0000 0.0000 12.0200 -0.4675 -0.5215 -0.3463 -3.7810 10.4614 -0.0777 -14.5750 -21.5220 -0.0237 -0.9936 2.7311 -5.1976 -0.9187 -8.2930 0.3019 -0.6998 1.4686 3.1472 -0.5403 6.2755 -10.6687 -6.6904 -18.2009 4.0419 -8.4522 31.3193 1.8701 -4.6282 14.4897 0.0000 0.0000 0.0000 -91.8723 -3.4206 24.5545 11.4033 -18.9038 -1.9045 -0.0000 0.0000 -3.0088 21.4473 -11.1808 -4.3561 -7.1250 0.0000 -0.0000 -3.9785 18.0075 2.5599 0.0000 0.0000 0.0000 87.3701 2.1138 17.5783 -13.0449 21.3530 -2.4696 0.0000 -0.0000 -4.7905 -10.2958 -23.6396 4.1661 7.1250 -0.0000 -0.0000 19.4910 -52.8954 -3.9050
5.2469 16.9929 -1.4683 124.1130 -84.9026 -120.3590 0.0000 0.0000 0.0000 -18.1827 -8.3904 2.4919 0.5101 4.5780 12.7087 0.3899 16.6353 -26.9060 0.0903 1.9376 5.3334 0.0000 0.0000 0.0000 11.8286 -1.0528 -0.6828 -0.3375 -3.7334 10.3278 -0.0757 -14.3810 -21.2402 -0.0230 -0.9784 2.6894 -5.3316 -0.9461 -8.2124 0.1657 -0.7198 1.4742 3.0770 -0.5518 6.2378 -10.6111 -6.7758 -18.4898 4.1890 -8.6083 31.3641 1.8825 -4.6586 14.5929 0.0000 -0.0000 0.0000 -91.7765 -3.5311 24.1608 11.3252 -18.7850 -1.8793 -0.0000 0.0000 -2.2445 20.9577 -11.6695 -4.4299 -7.1250 0.0000 -0.0000 -4.3365 17.5306 2.8370 0.0000 -0.0000 0.0000 87.5088 2.1336 17.3947 -12.9459 21.2079 -2.4337 0.0000 -0.0000 -4.5926 -9.8666 -30.4650 5.0395 7.1250 -0.0000 -0.0000 24.3800 -59.1210 -8.7344
5.2594 16.9904 -1.4971 120.2760 -85.1082 -116.5360 0.0000 0.0000 0.0000 -18.0329 -8.4491 2.3833 0.5131 4.5912 12.7462 0.3691 16.5144 -26.5963 0.0809 1.8346 5.0488 0.0000 0.0000 0.0000 11.8845 -1.8566 -0.9693 -0.3413 -3.7539 10.3852 -0.1098 -13.8910 -20.9459 -0.0305 -1.1273 3.0991 -5.2976 -0.9946 -8.2080 0.1382 -0.7858 1.5070 3.0196 -0.5841 6.2752 -10.4000 -6.7125 -18.5239 4.0577 -8.5257 31.3231 1.8097 -4.6132 14.5534 -0.0000 -0.0000 0.0000 -91.7322 -3.6155 24.6339 11.2586 -18.6835 -1.8579 -0.0000 0.0000 -2.9558 21.3158 -11.7306 -4.5359 -7.1250 0.0000 -0.0000 -4.0880 17.4341 2.6823 -0.0000 -0.0000 0.0000 87.6268 2.0621 17.4770 -13.1369 21.4875 -2.5032 0.0000 -0.0000 -4.7660 -9.9537 -29.9249 5.0033 7.1250 -0.0000 -0.0000 23.8638 -58.6521 -8.2644
5.2494 16.9889 -1.5297 120.1090 -85.3527 -116.5730 0.0000 0.0000 0.0000 -17.6266 -8.0209 2.3048 0.5338 4.6814 13.0021 0.3770 16.1116 -26.1740 0.0458 1.3809 3.7975 0.0000 0.0000 0.0000 12.1724 -2.5127 -0.7781 -0.3227 -3.6513 10.0977 -0.1090 -13.6411 -20.6079 -0.0169 -0.8405 2.3101 -5.1127 -0.9743 -8.2218 0.1627 -0.7748 1.6334 2.9420 -0.5780 6.4132 -10.4809 -6.7511 -18.3934 4.1892 -8.6109 31.2405 1.8644 -4.6424 14.5078 0.0000 -0.0000 0.0000 -91.5950 -3.5870 24.8823 11.3866 -18.8783 -1.8991 -0.0000 0.0000 -3.3076 21.4923 -11.8830 -4.6354 -7.1250 0.0000 -0.0000 -3.9699 17.2557 2.6199 0.0000 -0.0000 0.0000 87.7036 2.0634 17.5387 -13.2335 21.6284 -2.5387 0.0000 -0.0000 -4.6022 -9.3910 -30.5772 4.8091 7.1250 -0.0000 -0.0000 24.9561 -59.1147 -8.9534
5.2735 16.9918 -1.5506 120.2890 -85.3835 -116.6880 0.0000 0.0000 0.0000 -17.4037 -7.7637 1.5898 0.5954 4.9400 13.7375 0.4437 15.6003 -26.1060 0.0338 1.1864 3.2619 0.0000 0.0000 0.0000 12.2745 -2.8581 -0.2314 -0.2330 -3.1064 8.5752 0.0046 -13.9482 -19.7666 -0.0194 -0.9003 2.4746 -5.0290 -0.8715 -7.7574 0.2303 -0.6838 1.3740 2.9831 -0.5132 5.8643 -10.5767 -6.7349 -18.0536 4.1995 -8.5933 31.1072 1.8979 -4.6518 14.3783 -0.0000 -0.0000 0.0000 -91.8749 -3.1512 24.3875 11.5724 -19.1603 -1.9597 -0.0000 0.0000 -3.0414 20.9845 -11.5923 -4.4073 -7.1250 0.0000 -0.0000 -4.3154 17.6101 2.8157 -0.0000 -0.0000 0.0000 87.5380 1.5719 18.0008 -13.5033 22.0202 -2.6390 0.0000 -0.0000 -4.9991 -9.1149 -31.1428 4.7433 7.1250 -0.0000 -0.0000 25.7075 -59.5576 -9.5213
5.4412 17.0386 -1.6255 139.1610 -86.4322 -135.0300 0.0000 0.0000 0.0000 -14.7632 -7.2872 -0.5908 0.6537 5.1716 14.3987 0.3645 15.2880 -25.0847 0.0407 1.3025 3.5815 0.0000 0.0000 0.0000 15.1234 -2.3346 -0.7878 -0.1776 -2.7146 7.4851 0.0278 -13.7728 -19.2472 -0.1083 -2.1222 5.8435 -4.2501 -0.6281 -5.8564 0.9510 -0.5671 0.8342 3.3227 -0.3945 4.2062 -10.3991 -6.7053 -18.3976 3.8440 -8.4420 31.2276 1.7428 -4.6058 14.4638 -0.0000 0.0000 0.0000 -91.9866 -3.1232 23.8763 11.8103 -19.5196 -2.0385 -0.0000 0.0000 -3.6917 20.6048 -11.4889 -4.2826 -7.1250 0.0000 -0.0000 -4.5785 17.7523 2.9740 -0.0000 0.0000 0.0000 87.2857 1.7699 18.9246 -13.3856 21.8496 -2.5950 0.0000 -0.0000 -6.6184 -11.1365 -29.8206 5.5910 7.1250 -0.0000 -0.0000 22.5739 -58.8198 -7.8789
5.3243 16.9936 -1.5769 119.7810 -86.0332 -116.4370 0.0000 0.0000 0.0000 -16.2511 -5.8334 0.0394 0.6928 5.3211 14.8266 0.4893 13.6392 -24.2535 0.0208 0.9316 2.5607 0.0000 0.0000 0.0000 13.0697 -3.5858 0.1734 -0.1900 -2.8073 7.7426 0.0218 -13.7401 -19.2715 -0.0243 -1.0066 2.7671 -4.2857 -0.8705 -7.0213 0.4574 -0.7965 1.6338 2.7927 -0.5484 5.7189 -10.4524 -6.7832 -18.4920 3.9759 -8.5339 30.9624 1.7868 -4.6200 14.3852 0.0000 0.0000 0.0000 -92.2230 -3.3570 22.8399 11.9508 -19.7309 -2.0857 -0.0000 0.0000 -3.8313 20.4806 -11.4174 -4.2285 -7.1250 0.0000 -0.0000 -4.6637 17.8384 3.0209 0.0000 0.0000 0.0000 87.2523 2.2556 18.0475 -13.4284 21.9117 -2.6110 0.0000 -0.0000 -4.8609 -9.4191 -30.9159 4.8716 7.1250 -0.0000 -0.0000 25.2064 -59.4245 -9.2396
5.4806 17.0174 -1.6081 134.5210 -86.5556 -130.9860 0.0000 0.0000 0.0000 -14.6103 -4.4916 -1.8256 0.7298 5.4581 15.2199 0.3593 13.2155 -22.6002 0.0075 0.5610 1.5417 0.0000 0.0000 0.0000 14.9100 -2.6981 -1.2362 -0.2589 -3.2733 9.0407 -0.0957 -13.0057 -19.6228 -0.1073 -2.1120 5.8153 -3.6433 -0.5302 -4.9764 0.8916 -0.5059 1.2104 2.9270 -0.3524 4.0869 -10.5534 -6.8964 -18.4566 3.9996 -8.6618 30.8263 1.7902 -4.6782 14.3369 -0.0000 -0.0000 0.0000 -92.4830 -3.4585 22.0180 12.0209 -19.8360 -2.1094 -0.0000 0.0000 -4.3529 20.1437 -11.1262 -4.0489 -7.1250 0.0000 -0.0000 -4.8937 18.1737 3.1347 -0.0000 -0.0000 0.0000 87.0853 2.4053 17.8969 -13.4711 21.9735 -2.6269 0.0000 -0.0000 -4.8398 -9.3289 -31.0279 4.8400 7.1250 -0.0000 -0.0000 25.3920 -59.5040 -9.3620
5.3679 16.9720 -1.5362 114.7860 -85.5903 -112.0660 0.0000 0.0000 0.0000 -16.5802 -2.8005 -1.9553 0.8833 5.9913 16.7590 0.5458 11.1451 -22.1101 0.0001 -0.0777 -0.2134 0.0000 0.0000 0.0000 12.1512 -3.8508 -0.0408 -0.2450 -3.1849 8.7940 -0.0265 -13.3052 -19.2292 -0.0189 -0.8870 2.4379 -4.1153 -0.6972 -6.0342 0.3233 -0.6143 1.9661 2.5830 -0.4519 5.4863 -10.2415 -6.8654 -18.3547 3.7514 -8.6028 30.4689 1.6561 -4.6414 14.1185 -0.0000 -0.0000 0.0000 -92.5897 -3.4387 21.6614 12.2804 -20.2238 -2.1983 -0.0000 0.0000 -4.7181 20.2025 -11.5735 -4.2222 -7.1250 0.0000 -0.0000 -4.8624 17.6967 3.1657 -0.0000 -0.0000 0.0000 86.8554 2.5556 17.9929 -13.5411 22.0749 -2.6532 0.0000 -0.0000 -5.3367 -9.7739 -30.6975 5.0257 7.1250 -0.0000 -0.0000 24.6635 -59.3092 -8.9563
5.3693 16.9533 -1.4949 116.1800 -86.0522 -113.7470 0.0000 0.0000 0.0000 -16.0737 -1.7482 -2.6390 0.9905 6.3344 17.7577 0.6133 9.9145 -21.5437 0.0002 0.0982 0.2698 0.0000 0.0000 0.0000 12.3771 -4.0308 -0.0417 -0.2734 -3.3630 9.2911 -0.0500 -13.2451 -19.4201 -0.0077 -0.5652 1.5530 -3.2082 -0.6374 -5.7570 0.5064 -0.6262 2.0933 2.2636 -0.4312 5.4509 -10.1958 -6.8622 -17.9989 3.6165 -8.5771 30.1102 1.6130 -4.6431 13.8734 -0.0000 -0.0000 0.0000 -92.7335 -3.1196 21.3348 12.5473 -20.6203 -2.2914 -0.0000 0.0000 -4.7906 19.5202 -11.7391 -4.1255 -7.1250 0.0000 -0.0000 -5.3435 17.5794 3.4954 -0.0000 -0.0000 0.0000 86.4292 2.5547 18.0340 -13.5992 22.1588 -2.6751 0.0000 -0.0000 -5.4619 -10.7091 -30.1424 5.4248 7.1250 -0.0000 -0.0000 23.2611 -59.0180 -8.2471
5.3937 16.9417 -1.4533 116.2320 -85.9654 -114.1250 0.0000 0.0000 0.0000 -16.1528 -0.7721 -3.2800 1.0772 6.5972 18.5275 0.6197 9.1151 -20.8642 0.0000 -0.0112 -0.0309 0.0000 0.0000 0.0000 12.1624 -4.0845 -0.0184 -0.2986 -3.5138 9.7127 -0.0836 -12.9923 -19.4675 -0.0084 -0.5910 1.6239 -3.1424 -0.7217 -5.1345 0.7482 -0.7771 2.3267 2.4667 -0.5111 5.3532 -10.5071 -6.8348 -18.4681 3.5755 -8.3340 30.0323 1.6800 -4.5612 13.9372 0.0000 0.0000 0.0000 -93.1183 -3.1934 21.1046 12.7137 -20.8663 -2.3503 -0.0000 0.0000 -5.3112 19.5446 -11.6190 -4.0895 -7.1250 0.0000 -0.0000 -5.3241 17.7035 3.4680 0.0000 0.0000 0.0000 85.8197 2.9745 18.2986 -13.5833 22.1359 -2.6691 0.0000 -0.0000 -5.2146 -11.3991 -30.4074 5.8268 7.1250 -0.0000 -0.0000 22.7586 -59.4158 -8.2759
5.4124 16.9352 -1.4028 120.1110 -86.0512 -118.0790 0.0000 0.0000 0.0000 -15.9733 -0.1177 -4.0465 1.1914 6.9262 19.4970 0.7069 8.1907 -20.9050 0.0038 0.3990 1.0962 0.0000 0.0000 0.0000 12.1977 -3.9953 0.0697 -0.2917 -3.4729 9.5984 -0.0782 -12.9604 -19.3622 -0.0116 -0.6951 1.9103 -2.7942 -0.6362 -5.0060 0.8426 -0.6980 2.6490 2.3768 -0.4711 5.6086 -9.9083 -6.7146 -18.8129 3.2530 -8.1593 29.7365 1.4801 -4.4416 13.8160 0.0000 0.0000 0.0000 -92.8727 -3.8889 21.3554 12.5691 -20.6526 -2.2991 -0.0000 0.0000 -5.5434 19.4096 -11.9868 -4.1853 -7.1250 0.0000 -0.0000 -5.4258 17.3285 3.5797 0.0000 0.0000 0.0000 85.6795 3.7954 17.7666 -13.3474 21.7941 -2.5808 0.0000 -0.0000 -4.7525 -9.9463 -31.2032 5.1911 7.1250 -0.0000 -0.0000 24.9069 -59.8027 -9.3486
5.4159 16.9271 -1.3401 123.7240 -86.1622 -121.8530 0.0000 0.0000 0.0000 -15.8561 0.3325 -4.5852 1.3183 7.2720 20.5237 0.7855 7.4513 -21.0561 0.0083 0.5892 1.6191 0.0000 0.0000 0.0000 12.2230 -3.9070 0.5228 -0.2624 -3.2954 9.1023 -0.0221 -13.1922 -19.0199 -0.0051 -0.4626 1.2712 -2.5358 -0.6850 -4.5692 1.0909 -0.8072 2.6019 2.4827 -0.5166 5.3159 -9.8714 -6.4551 -18.6947 3.0869 -7.7724 29.8881 1.4823 -4.3033 13.8141 0.0000 0.0000 0.0000 -92.9794 -3.6270 21.2230 12.6381 -20.7546 -2.3235 -0.0000 0.0000 -5.7191 19.5658 -12.0517 -4.2440 -7.1250 0.0000 -0.0000 -5.3184 17.2472 3.5176 0.0000 0.0000 0.0000 85.2538 3.8261 17.5331 -13.1900 21.5650 -2.5227 0.0000 -0.0000 -4.3229 -10.4501 -30.8133 5.3971 7.1250 -0.0000 -0.0000 24.0644 -59.5678 -8.8729
5.5632 16.9546 -1.3241 151.7080 -86.5883 -149.2860 0.0000 0.0000 0.0000 -13.9665 0.4512 -6.3528 1.3813 7.4369 21.0163 0.6890 8.0250 -20.5910 0.0034 0.3771 1.0362 0.0000 0.0000 0.0000 14.7152 -2.6549 -0.3718 -0.2526 -3.2339 8.9307 -0.0130 -13.1178 -18.8082 -0.0669 -1.6686 4.5906 -1.7276 -0.3135 -2.6114 1.7394 -0.4159 1.9010 2.7393 -0.2769 3.4473 -9.1385 -6.0415 -18.4570 2.5504 -7.2754 29.9646 1.2472 -4.0899 13.6925 0.0000 -0.0000 0.0000 -92.8077 -3.1972 21.4858 12.5659 -20.6479 -2.2980 -0.0000 0.0000 -5.6213 20.0805 -11.8506 -4.2932 -7.1250 0.0000 -0.0000 -4.9545 17.4149 3.2568 0.0000 -0.0000 0.0000 85.2826 3.6617 16.4520 -13.2119 21.5969 -2.5308 0.0000 -0.0000 -3.5754 -9.9456 -31.2806 5.2022 7.1250 -0.0000 -0.0000 24.9730 -59.8718 -9.4170
5.4359 16.9307 -1.1963 127.6550 -85.6580 -125.8100 0.0000 0.0000 0.0000 -16.5874 0.9672 -5.4472 1.4306 7.5629 21.3942 0.8027 7.2769 -21.0835 0.0004 0.1332 0.3660 0.0000 0.0000 0.0000 11.4637 -3.3507 0.6749 -0.2475 -3.2015 8.8403 0.0550 -13.6436 -18.7321 -0.0000 -0.0438 0.1202 -2.6708 -0.6346 -4.2005 1.1164 -0.7435 2.7815 2.5931 -0.4939 5.2924 -8.7996 -5.5318 -18.7820 2.4645 -6.5610 29.9544 1.2804 -3.7464 13.6850 0.0000 -0.0000 0.0000 -92.6490 -3.5358 21.1339 12.5584 -20.6368 -2.2953 -0.0000 0.0000 -5.0271 19.7955 -11.5579 -4.1248 -7.1250 0.0000 -0.0000 -5.1471 17.7472 3.3468 0.0000 -0.0000 0.0000 85.0945 4.1145 16.3092 -13.2109 21.5955 -2.5304 0.0000 -0.0000 -3.9246 -9.9276 -31.2466 5.1876 7.1250 -0.0000 -0.0000 24.9628 -59.8373 -9.3921
5.4512 16.9258 -1.1168 134.5920 -85.6786 -132.6670 0.0000 0.0000 0.0000 -16.4270 1.1536 -5.8716 1.4842 7.6970 21.7974 0.8549 7.0397 -21.3906 0.0050 0.4573 1.2565 0.0000 0.0000 0.0000 11.6119 -2.8882 0.5984 -0.2456 -3.1888 8.8049 0.0982 -13.8187 -18.4559 -0.0010 0.2080 -0.5714 -2.3852 -0.5450 -3.7135 1.2264 -0.6589 2.6903 2.5569 -0.4378 4.9104 -8.0803 -4.8611 -19.1779 2.0838 -5.6850 30.4330 1.1564 -3.3461 13.8694 0.0000 0.0000 0.0000 -92.4064 -3.5851 20.8698 12.2793 -20.2221 -2.1979 -0.0000 0.0000 -4.3789 19.8738 -12.1175 -4.3393 -7.1250 0.0000 -0.0000 -5.1053 17.1516 3.3863 0.0000 0.0000 0.0000 85.1257 4.0969 16.4303 -13.2920 21.7136 -2.5603 0.0000 -0.0000 -4.0466 -10.0405 -32.0245 5.3638 7.1250 -0.0000 -0.0000 25.5215 -60.5585 -10.0616
5.4733 16.9209 -1.0237 145.0540 -85.8461 -142.9710 0.0000 0.0000 0.0000 -15.9357 1.3897 -6.6435 1.5927 7.9604 22.5939 0.9056 6.7357 -21.6325 0.0062 0.5097 1.4006 0.0000 0.0000 0.0000 12.1088 -2.5229 0.7667 -0.2100 -2.9503 8.1403 0.1455 -14.0085 -18.1434 -0.0004 -0.1303 0.3579 -1.7185 -0.5059 -3.2403 1.4239 -0.6634 2.6517 2.3890 -0.4184 4.5939 -7.1995 -4.2003 -19.9101 1.3938 -4.7468 31.0353 0.8839 -2.9416 14.1788 -0.0000 -0.0000 0.0000 -92.2642 -3.5180 20.5867 12.4251 -20.4391 -2.2485 -0.0000 0.0000 -4.1994 20.1328 -11.6879 -4.2473 -7.1250 0.0000 -0.0000 -4.9140 17.5821 3.2119 -0.0000 -0.0000 0.0000 85.0034 3.8268 17.0592 -13.4518 21.9456 -2.6197 0.0000 -0.0000 -4.9775 -10.0956 -31.3156 5.2871 7.1250 -0.0000 -0.0000 24.8483 -59.9380 -9.4060
5.4473 16.9147 -0.9233 145.2140 -85.5289 -143.1860 0.0000 0.0000 0.0000 -16.5131 1.8547 -6.9824 1.6967 8.2035 23.3340 0.9846 6.2053 -21.9711 0.0064 0.5154 1.4163 0.0000 0.0000 0.0000 11.3733 -2.4426 1.4318 -0.1615 -2.5891 7.1368 0.2590 -14.5246 -17.4665 -0.0046 0.4392 -1.2069 -1.8518 -0.4194 -3.5715 1.2130 -0.5288 2.9341 2.2537 -0.3611 5.0692 -6.3677 -3.4372 -20.0466 1.2617 -3.8629 31.1470 0.8500 -2.4834 14.1788 0.0000 -0.0000 0.0000 -91.7281 -3.9402 20.6802 12.1680 -20.0561 -2.1596 -0.0000 0.0000 -3.6305 20.4098 -12.6641 -4.6636 -7.1250 0.0000 -0.0000 -4.7484 16.5274 3.2126 0.0000 -0.0000 0.0000 85.2444 3.8191 17.2266 -13.6922 22.2929 -2.7102 0.0000 -0.0000 -4.7818 -9.8960 -32.0710 5.2922 7.1250 -0.0000 -0.0000 25.7123 -60.5655 -10.1471
5.4762 16.9251 -0.8341 153.1330 -85.2460 -150.9460 0.0000 0.0000 0.0000 -16.3691 2.1152 -7.6991 1.7883 8.4103 23.9675 1.0128 6.2211 -22.2302 0.0064 0.5180 1.4235 0.0000 0.0000 0.0000 11.6344 -1.9150 1.7334 -0.1210 -2.2421 6.1753 0.3247 -14.7704 -16.9641 -0.0002 0.0915 -0.2513 -1.8941 -0.3255 -2.4797 1.4080 -0.4223 2.5018 2.4904 -0.2950 3.9942 -5.6463 -2.5575 -19.9643 0.5984 -2.6465 31.6586 0.6759 -1.9929 14.3020 -0.0000 -0.0000 0.0000 -91.5853 -3.3550 20.7383 12.3133 -20.2728 -2.2096 -0.0000 0.0000 -3.7186 20.0273 -11.8207 -4.2703 -7.1250 0.0000 -0.0000 -4.9910 17.4509 3.2770 -0.0000 -0.0000 0.0000 85.0800 3.2829 17.8610 -13.6298 22.2030 -2.6866 0.0000 -0.0000 -5.1053 -10.1564 -31.8488 5.4001 7.1250 -0.0000 -0.0000 25.2462 -60.4293 -9.8666
5.4902 16.9209 -0.7353 161.2510 -85.0890 -158.7650 0.0000 0.0000 0.0000 -16.0766 2.3963 -8.4967 1.8742 8.5990 24.5487 1.0489 5.9899 -22.3901 0.0040 0.4097 1.1256 0.0000 0.0000 0.0000 11.9670 -1.4506 1.6881 -0.1032 -2.0714 5.7030 0.3691 -15.0349 -16.7958 -0.0000 0.0089 -0.0244 -1.5244 -0.1962 -2.8686 1.4153 -0.2689 2.8749 2.2997 -0.2202 4.5917 -5.0230 -1.9287 -20.4981 0.5366 -1.8627 31.6937 0.6833 -1.5813 14.3913 0.0000 0.0000 0.0000 -91.1781 -4.1959 20.9902 12.2861 -20.2323 -2.2002 -0.0000 0.0000 -3.9464 20.1320 -12.0603 -4.3799 -7.1250 0.0000 -0.0000 -4.9239 17.1894 3.2610 0.0000 0.0000 0.0000 85.3662 3.7225 17.9371 -13.7616 22.3929 -2.7366 0.0000 -0.0000 -5.0953 -10.1429 -31.6316 5.3601 7.1250 -0.0000 -0.0000 25.0706 -60.2320 -9.6739
5.4892 16.9119 -0.6309 159.3510 -84.5426 -156.8680 0.0000 0.0000 0.0000 -16.8600 2.5826 -8.6526 1.9279 8.7143 24.9057 1.1216 5.7824 -22.8769 0.0230 0.9781 2.6886 0.0000 0.0000 0.0000 11.1783 -0.9312 1.6246 -0.1094 -2.1324 5.8717 0.3762 -15.0877 -16.7892 -0.0001 0.0744 -0.2044 -2.0760 -0.1288 -2.7458 1.2017 -0.1446 2.9974 2.3973 -0.1750 4.6450 -4.4786 -1.1810 -20.5566 0.3581 -0.9006 31.8797 0.6914 -1.1358 14.4458 0.0000 -0.0000 0.0000 -90.8573 -4.4213 21.1660 12.2971 -20.2487 -2.2040 -0.0000 0.0000 -3.8659 20.1519 -11.6784 -4.2483 -7.1250 0.0000 -0.0000 -4.9004 17.5905 3.2021 0.0000 -0.0000 0.0000 85.5761 3.8376 17.9469 -13.7787 22.4175 -2.7432 0.0000 -0.0000 -5.0923 -9.7956 -31.6462 5.1760 7.1250 -0.0000 -0.0000 25.4414 -60.1637 -9.7865
5.4995 16.9058 -0.5300 160.0650 -83.9567 -157.6410 0.0000 0.0000 0.0000 -17.3900 2.8074 -8.7607 1.9604 8.7831 25.1190 1.1633 5.7678 -23.2167 0.0550 1.5135 4.1629 0.0000 0.0000 0.0000 10.7194 -0.2612 1.5218 -0.1240 -2.2699 6.2520 0.3725 -15.1785 -17.0135 -0.0000 0.0118 -0.0323 -2.5890 0.0404 -2.1808 1.0775 0.0983 2.9272 2.5706 -0.0620 4.2374 -3.9682 -0.5085 -20.8739 0.0838 -0.0069 32.4999 0.6513 -0.7532 14.7675 -0.0000 -0.0000 0.0000 -90.6676 -4.4100 21.5008 12.3956 -20.3953 -2.2383 -0.0000 0.0000 -3.4847 20.4726 -10.9255 -4.0475 -7.1250 0.0000 -0.0000 -4.6578 18.3593 2.9634 -0.0000 -0.0000 0.0000 85.8053 3.4362 17.8660 -13.8079 22.4594 -2.7543 0.0000 -0.0000 -5.2443 -9.9846 -31.0248 5.1847 7.1250 -0.0000 -0.0000 24.7179 -59.6514 -9.1821
5.5026 16.9084 -0.4265 161.2820 -83.5118 -158.7100 0.0000 0.0000 0.0000 -17.7581 2.7791 -9.0848 2.0130 8.8932 25.4617 1.2456 5.4936 -23.7204 0.1398 2.4094 6.6386 0.0000 0.0000 0.0000 10.3155 0.0992 1.9208 -0.0846 -1.8760 5.1631 0.4919 -15.7471 -16.3035 -0.0026 0.3324 -0.9133 -2.9309 0.1151 -2.0475 0.9932 0.2121 2.9136 2.6813 -0.0129 4.1405 -3.6155 0.0724 -20.8657 -0.2799 0.8397 32.7161 0.5953 -0.4134 14.8466 0.0000 -0.0000 0.0000 -90.4117 -4.6446 21.7980 12.2436 -20.1689 -2.1855 -0.0000 0.0000 -3.7621 20.4128 -11.3928 -4.2044 -7.1250 0.0000 -0.0000 -4.7107 17.8701 3.0483 0.0000 -0.0000 0.0000 85.9648 3.5084 17.8479 -13.7027 22.3081 -2.7142 0.0000 -0.0000 -5.1125 -9.4623 -30.8503 4.8850 7.1250 -0.0000 -0.0000 25.1079 -59.3757 -9.1709
5.4954 16.9163 -0.3193 164.3280 -83.1818 -161.6760 0.0000 0.0000 0.0000 -17.9169 2.7421 -9.3139 2.0721 9.0147 25.8413 1.3042 5.5626 -24.2297 0.1887 2.7978 7.7163 0.0000 0.0000 0.0000 10.1202 0.1527 3.1865 -0.0215 -0.9460 2.6001 0.6872 -16.6622 -15.0106 -0.0015 0.2489 -0.6839 -2.8400 0.2432 -1.9311 0.8778 0.3806 2.8905 2.5188 0.0778 4.0395 -3.0112 0.5640 -20.7333 -0.7564 1.4919 32.8812 0.4120 -0.1394 14.8893 -0.0000 0.0000 0.0000 -90.0842 -4.6774 22.4313 12.2375 -20.1599 -2.1835 -0.0000 0.0000 -4.0029 20.8288 -11.3864 -4.2953 -7.1250 0.0000 -0.0000 -4.4187 17.8418 2.8609 -0.0000 0.0000 0.0000 86.2255 3.3959 17.9513 -13.6812 22.2771 -2.7061 0.0000 -0.0000 -5.1881 -9.6167 -30.6958 4.9435 7.1250 -0.0000 -0.0000 24.8227 -59.2721 -8.9963
5.4751 16.9149 -0.2173 168.2440 -82.8999 -165.5670 0.0000 0.0000 0.0000 -17.8853 2.8061 -9.4402 2.1224 9.1166 26.1606 1.3442 5.5310 -24.5246 0.2503 3.2194 8.8901 0.0000 0.0000 0.0000 10.1368 0.1616 4.5540 0.0000 0.0000 -0.0000 0.8854 -17.6714 -13.7419 -0.0139 0.7609 -2.0912 -2.7256 0.2672 -2.0338 0.8643 0.4102 3.0239 2.4437 0.0905 4.2351 -2.5663 1.1267 -20.9033 -1.0504 2.2684 33.1132 0.3567 0.1920 15.0352 0.0000 -0.0000 0.0000 -90.0152 -4.9690 22.1096 12.2526 -20.1825 -2.1887 -0.0000 0.0000 -3.8650 20.8217 -11.1880 -4.2202 -7.1250 0.0000 -0.0000 -4.4184 18.0528 2.8401 0.0000 -0.0000 0.0000 86.4043 3.4599 18.3582 -13.6936 22.2950 -2.7108 0.0000 -0.0000 -5.3514 -9.5659 -30.8566 4.9401 7.1250 -0.0000 -0.0000 25.0071 -59.4049 -9.1489
5.4806 16.9192 -0.1121 169.5270 -82.6051 -166.7900 0.0000 0.0000 0.0000 -18.2183 2.7959 -9.6721 2.1390 9.1498 26.2652 1.3224 6.0641 -24.6784 0.2087 2.9415 8.1159 0.0000 0.0000 0.0000 9.8826 0.5712 4.4322 0.0000 -0.0000 0.0000 0.9428 -17.9610 -13.3298 -0.0181 0.8691 -2.3888 -2.7689 0.3813 -1.5427 0.7934 0.5539 2.7768 2.3960 0.1750 3.6910 -2.2849 1.5975 -20.7905 -1.4562 2.9792 33.6105 0.2661 0.4414 15.2517 0.0000 0.0000 0.0000 -90.0313 -4.6492 22.2441 12.2559 -20.1874 -2.1898 -0.0000 0.0000 -3.6804 21.0376 -11.6388 -4.4369 -7.1250 0.0000 -0.0000 -4.2796 17.5561 2.7972 0.0000 0.0000 0.0000 86.3873 2.9808 18.7418 -13.7684 22.4026 -2.7392 0.0000 -0.0000 -5.6667 -9.5023 -30.4185 4.8442 7.1250 -0.0000 -0.0000 24.7142 -58.9973 -8.7894
5.4632 16.9098 -0.0123 166.8180 -82.0901 -164.2190 0.0000 0.0000 0.0000 -19.1563 3.1048 -9.6090 2.1450 9.1618 26.3029 1.3421 6.3117 -24.9855 0.2252 3.0548 8.4314 0.0000 0.0000 0.0000 8.9878 1.0015 4.5965 0.0000 0.0000 -0.0000 0.9998 -18.2442 -12.8773 -0.0320 1.1556 -3.1770 -3.4646 0.4464 -1.7476 0.5440 0.6802 3.0272 2.5389 0.2096 4.0571 -1.8968 2.1337 -20.5462 -1.9042 3.7906 33.2452 0.1631 0.7836 15.0440 -0.0000 0.0000 0.0000 -89.9502 -5.2140 22.2019 12.0635 -19.8998 -2.1238 -0.0000 0.0000 -3.3283 20.9077 -11.6564 -4.4136 -7.1250 0.0000 -0.0000 -4.3710 17.5487 2.8580 -0.0000 0.0000 0.0000 86.5168 3.2791 19.0406 -13.7569 22.3860 -2.7348 0.0000 -0.0000 -5.7373 -9.7462 -30.9775 5.0522 7.1250 -0.0000 -0.0000 24.9229 -59.5544 -9.2057
5.4578 16.8967 0.0838 166.5550 -81.6588 -163.9440 0.0000 0.0000 0.0000 -19.7016 3.2352 -9.6788 2.1573 9.1863 26.3798 1.3654 6.4203 -25.2315 0.2629 3.2986 9.1111 0.0000 0.0000 0.0000 8.4709 1.4627 4.5810 0.0000 0.0000 -0.0000 1.0411 -18.6737 -13.4201 -0.0000 -0.0283 0.0778 -3.6557 0.6172 -1.4088 0.3523 0.9068 2.8178 2.4526 0.3321 3.6321 -1.9439 2.3927 -20.7247 -1.5878 4.0738 33.8937 0.3554 0.9111 15.3775 0.0000 -0.0000 0.0000 -89.9027 -5.0969 22.6210 12.0469 -19.8749 -2.1182 -0.0000 0.0000 -3.2113 20.8655 -11.0015 -4.1604 -7.1250 0.0000 -0.0000 -4.3828 18.2470 2.7983 0.0000 -0.0000 0.0000 86.7691 2.8334 18.6719 -13.9064 22.6007 -2.7920 0.0000 -0.0000 -5.5151 -9.2250 -30.9271 4.7715 7.1250 -0.0000 -0.0000 25.4138 -59.3903 -9.3008
5.4257 16.8920 0.1772 165.7250 -81.2488 -163.1100 0.0000 0.0000 0.0000 -20.3532 3.5686 -9.7862 2.1828 9.2369 26.5393 1.3834 6.4870 -25.4101 0.2840 3.4276 9.4716 0.0000 0.0000 0.0000 7.8798 1.8637 4.5983 0.0000 0.0000 -0.0000 1.0931 -18.8420 -12.6592 -0.0311 1.1385 -3.1299 -3.9517 0.6129 -1.8791 0.1595 0.9393 2.9191 2.4284 0.3330 4.0016 -1.1850 2.8277 -20.7565 -2.4076 4.7263 34.1197 -0.0002 1.1469 15.5485 -0.0000 0.0000 0.0000 -89.7894 -5.3026 22.8488 11.8032 -19.5088 -2.0361 -0.0000 0.0000 -3.6993 21.7992 -12.0651 -4.7788 -7.1250 0.0000 -0.0000 -3.7625 17.0334 2.5007 -0.0000 0.0000 0.0000 86.9495 3.1876 18.8704 -13.7752 22.4124 -2.7418 0.0000 -0.0000 -5.3754 -9.2894 -31.3637 4.8659 7.1250 -0.0000 -0.0000 25.7172 -59.7944 -9.6723
5.4038 16.8881 0.2653 166.4620 -81.0424 -163.8550 0.0000 0.0000 0.0000 -20.6368 3.4938 -9.7446 2.2040 9.2786 26.6708 1.4161 6.6032 -25.7295 0.3329 3.7082 10.2571 0.0000 0.0000 0.0000 7.6329 2.1172 4.6706 0.0000 0.0000 -0.0000 1.1452 -19.1819 -12.5889 -0.0409 1.3053 -3.5893 -3.8927 0.6925 -1.8688 0.1231 1.0438 2.8820 2.3625 0.3892 3.9510 -1.3246 3.0148 -20.9475 -2.2925 5.0222 34.5379 0.1292 1.2456 15.7896 -0.0000 -0.0000 0.0000 -89.9990 -5.3156 22.9170 11.8507 -19.5804 -2.0520 -0.0000 0.0000 -3.2386 21.8312 -11.9825 -4.7544 -7.1250 0.0000 -0.0000 -3.7371 17.1187 2.4768 -0.0000 -0.0000 0.0000 86.8873 3.2664 18.9739 -13.7093 22.3176 -2.7167 0.0000 -0.0000 -5.6323 -9.3850 -30.5559 4.8030 7.1250 -0.0000 -0.0000 24.9449 -59.0943 -8.9367
5.3813 16.8802 0.3476 164.4180 -80.8197 -161.8270 0.0000 0.0000 0.0000 -21.3919 3.4841 -9.7698 2.2354 9.3402 26.8653 1.4281 6.6839 -25.8697 0.3489 3.7951 10.5008 0.0000 0.0000 0.0000 6.9081 2.2681 4.6908 0.0000 -0.0000 0.0000 1.1291 -19.1789 -13.0535 -0.0323 1.1606 -3.1909 -4.2000 0.7661 -1.8789 -0.1348 1.1593 2.6499 2.2719 0.4512 3.7079 -0.8202 3.1111 -20.7048 -2.7138 5.1001 34.8362 -0.1314 1.2651 15.9149 0.0000 0.0000 0.0000 -89.8258 -4.9655 23.5931 11.7752 -19.4667 -2.0268 -0.0000 0.0000 -3.6034 21.3637 -11.5024 -4.4602 -7.1250 0.0000 -0.0000 -4.0471 17.6724 2.6341 0.0000 0.0000 0.0000 87.1018 2.7008 19.1727 -13.9627 22.6814 -2.8137 0.0000 -0.0000 -5.8719 -9.4669 -30.9417 4.9004 7.1250 -0.0000 -0.0000 25.1789 -59.4585 -9.2495
5.3622 16.8833 0.4230 163.8740 -80.6264 -161.1290 0.0000 0.0000 0.0000 -21.8105 3.4334 -9.9980 2.2479 9.3645 26.9423 1.4379 6.7179 -25.9634 0.4748 4.4189 12.2583 0.0000 0.0000 0.0000 6.4822 2.4703 4.5647 0.0000 -0.0000 0.0000 1.1636 -19.3526 -12.8021 -0.0342 1.1931 -3.2803 -4.3219 0.7113 -2.3681 -0.1510 1.1196 2.8083 2.3312 0.4153 4.1517 -0.9383 3.2920 -20.9594 -2.8711 5.4979 34.7709 -0.0961 1.3916 15.9534 -0.0000 0.0000 0.0000 -90.0699 -5.3975 23.6114 11.6905 -19.3388 -1.9986 -0.0000 0.0000 -3.4911 21.7331 -11.3775 -4.4963 -7.1250 0.0000 -0.0000 -3.7841 17.7730 2.4538 -0.0000 0.0000 0.0000 86.9855 3.3274 19.3337 -13.8675 22.5450 -2.7771 0.0000 -0.0000 -5.5512 -9.4395 -30.6849 4.8496 7.1250 -0.0000 -0.0000 24.9947 -59.2223 -9.0335
5.3281 16.8741 0.4756 164.6600 -80.4399 -161.9630 0.0000 0.0000 0.0000 -22.0064 3.8309 -10.0045 2.2515 9.3715 26.9644 1.4731 6.4184 -26.0365 0.3220 3.6473 10.0863 0.0000 0.0000 0.0000 6.3972 2.6837 4.7337 0.0000 0.0000 -0.0000 1.1418 -19.2562 -13.0193 -0.0165 0.8292 -2.2790 -4.2956 0.8443 -2.5429 -0.1984 1.3065 2.7496 2.2808 0.5107 4.1779 -0.8214 3.4037 -21.1252 -2.8997 5.6371 35.1519 -0.1027 1.4390 16.1903 0.0000 0.0000 0.0000 -90.0348 -5.4851 23.7160 11.5057 -19.0592 -1.9378 -0.0000 0.0000 -3.1310 22.0908 -11.8898 -4.7800 -7.1250 0.0000 -0.0000 -3.5524 17.1933 2.3481 0.0000 0.0000 0.0000 87.0655 3.3542 19.4115 -13.8096 22.4618 -2.7549 0.0000 -0.0000 -5.8856 -9.8780 -30.1828 5.0033 7.1250 -0.0000 -0.0000 24.1431 -58.8688 -8.4955
5.3111 16.8736 0.5323 162.2380 -80.3063 -159.5890 0.0000 0.0000 0.0000 -22.7418 3.9297 -9.9684 2.2488 9.3662 26.9476 1.4860 6.2942 -26.0554 0.2719 3.3542 9.2665 0.0000 0.0000 0.0000 5.7153 2.6959 4.7872 0.0000 0.0000 -0.0000 1.1306 -19.2300 -13.2242 -0.0069 0.5373 -1.4763 -4.6686 0.8239 -2.4465 -0.3139 1.2893 2.5075 2.3648 0.5046 3.8685 -1.0194 3.4186 -20.6037 -2.7727 5.6465 35.2479 -0.0234 1.4293 16.1000 -0.0000 -0.0000 0.0000 -90.1859 -4.9604 23.9704 11.5435 -19.1166 -1.9502 -0.0000 0.0000 -3.3876 20.6590 -11.5990 -4.3353 -7.1250 0.0000 -0.0000 -4.5435 17.6311 2.9633 -0.0000 -0.0000 0.0000 87.0625 2.8903 19.7137 -14.0262 22.7722 -2.8382 0.0000 -0.0000 -6.1276 -9.7309 -30.3381 4.9505 7.1250 -0.0000 -0.0000 24.4166 -58.9760 -8.6627
5.2797 16.8736 0.5737 160.7460 -80.3012 -158.1320 0.0000 0.0000 0.0000 -23.1898 3.9850 -9.7914 2.2322 9.3338 26.8452 1.5058 5.9718 -26.0074 0.2431 3.1728 8.7603 0.0000 0.0000 0.0000 5.2639 2.6009 4.9274 0.0000 0.0000 -0.0000 1.0998 -19.0995 -13.5280 -0.0001 0.0752 -0.2065 -4.8250 0.8470 -2.6977 -0.4103 1.3440 2.4754 2.3603 0.5267 3.9729 -1.0019 3.4330 -20.6772 -2.7573 5.6562 35.5144 -0.0194 1.4226 16.2516 -0.0000 0.0000 0.0000 -90.0489 -4.8225 24.9743 11.5421 -19.1145 -1.9498 -0.0000 0.0000 -3.9398 21.4878 -11.4232 -4.4582 -7.1250 0.0000 -0.0000 -3.9576 17.7458 2.5692 -0.0000 0.0000 0.0000 87.1701 2.8960 19.6240 -13.9935 22.7254 -2.8256 0.0000 -0.0000 -5.9821 -9.6816 -30.0194 4.8784 7.1250 -0.0000 -0.0000 24.2146 -58.6776 -8.4101
5.2612 16.8690 0.6051 158.9610 -80.2632 -156.3620 0.0000 0.0000 0.0000 -23.6521 3.8942 -9.5380 2.2125 9.2953 26.7234 1.5449 5.7296 -26.1510 0.3204 3.6384 10.0614 0.0000 0.0000 0.0000 4.8083 2.5281 4.9868 0.0000 -0.0000 0.0000 1.0843 -19.0350 -13.6770 -0.0024 -0.3154 0.8666 -5.0387 0.8116 -2.9067 -0.5073 1.3226 2.5030 2.3825 0.5065 4.1206 -0.9580 3.5289 -20.7510 -2.7248 5.7749 35.6487 0.0107 1.4748 16.3388 0.0000 0.0000 0.0000 -90.1250 -4.9306 24.8874 11.4532 -18.9796 -1.9207 -0.0000 0.0000 -3.6181 20.4493 -11.7393 -4.3385 -7.1250 0.0000 -0.0000 -4.6939 17.5007 3.0755 0.0000 0.0000 0.0000 87.1590 3.0079 20.1826 -14.2098 23.0339 -2.9097 0.0000 -0.0000 -6.5397 -9.8279 -30.3550 5.0031 7.1250 -0.0000 -0.0000 24.3313 -59.0131 -8.6520
5.2443 16.8700 0.6191 157.0640 -80.2699 -154.5330 0.0000 0.0000 0.0000 -24.0446 3.8327 -9.3032 2.1731 9.2176 26.4784 1.5254 5.8475 -26.0779 0.2852 3.4348 9.4918 0.0000 0.0000 0.0000 4.4119 2.3816 5.1271 0.0000 0.0000 0.0000 1.0772 -19.0081 -13.7559 -0.0001 -0.0555 0.1526 -5.2792 0.8553 -3.3720 -0.6113 1.4330 2.8032 2.4284 0.5332 4.6886 -0.8543 3.5296 -21.2631 -2.8916 5.8320 35.9677 -0.0621 1.4681 16.6412 -0.0000 0.0000 0.0000 -90.0621 -5.6477 25.2332 11.2482 -18.6676 -1.8546 -0.0000 0.0000 -3.1117 20.4737 -11.3247 -4.1932 -7.1250 0.0000 -0.0000 -4.6663 17.9369 3.0124 -0.0000 0.0000 0.0000 87.1822 3.4819 20.6300 -14.2184 23.0460 -2.9131 0.0000 -0.0000 -7.4308 -10.5483 -29.8079 5.2885 7.1250 -0.0000 -0.0000 23.1670 -58.6775 -8.0201
5.2304 16.8604 0.6167 156.5630 -80.5047 -153.9270 0.0000 0.0000 0.0000 -24.0114 3.7265 -9.2897 2.1598 9.1912 26.3953 1.5281 5.6444 -25.9795 0.3073 3.5639 9.8528 0.0000 0.0000 0.0000 4.4119 2.1439 5.0793 0.0000 0.0000 -0.0000 1.1202 -19.2606 -13.6235 -0.0037 0.3923 -1.0780 -5.3332 0.8287 -3.1892 -0.5613 1.3777 2.4145 2.4994 0.5262 4.1806 -1.0513 3.5594 -20.9507 -2.6236 5.8168 36.4293 0.0751 1.4481 16.7818 0.0000 0.0000 0.0000 -90.0626 -5.1090 25.3932 11.2254 -18.6330 -1.8473 -0.0000 0.0000 -2.6249 20.3543 -11.1281 -4.0955 -7.1250 0.0000 -0.0000 -4.7455 18.1547 3.0411 0.0000 0.0000 0.0000 87.2145 2.9502 20.7569 -14.4151 23.3251 -2.9905 0.0000 -0.0000 -7.1502 -9.0855 -32.4089 4.8987 7.1250 -0.0000 -0.0000 26.8542 -60.6711 -10.7040
5.2210 16.8725 0.6065 158.4930 -80.9721 -155.6550 0.0000 0.0000 0.0000 -23.4495 3.6428 -9.4780 2.1552 9.1822 26.3670 1.4610 6.0068 -25.6972 0.2582 3.2694 9.0298 0.0000 0.0000 0.0000 4.9883 1.8768 4.9234 0.0000 -0.0000 0.0000 1.1541 -19.4584 -13.5201 -0.0158 0.8118 -2.2310 -4.8867 0.7918 -3.3291 -0.4173 1.3093 2.2837 2.3960 0.5087 4.1334 -1.1700 3.6003 -20.9187 -2.3362 5.8007 36.8336 0.2155 1.4451 16.9655 0.0000 -0.0000 0.0000 -90.0358 -5.0735 25.1733 11.1991 -18.5927 -1.8389 -0.0000 0.0000 -2.1976 22.1793 -10.6474 -4.3076 -7.1250 0.0000 -0.0000 -3.4460 18.5153 2.1773 0.0000 -0.0000 0.0000 87.3082 2.8467 20.7462 -14.4322 23.3492 -2.9973 0.0000 -0.0000 -6.8294 -9.0714 -31.1296 4.7186 7.1250 -0.0000 -0.0000 25.7406 -59.5359 -9.5211
5.2001 16.8642 0.5879 155.6560 -80.9274 -152.9620 0.0000 0.0000 0.0000 -23.8687 3.5904 -9.1085 2.1318 9.1353 26.2196 1.4806 5.9644 -25.8175 0.2521 3.2307 8.9217 0.0000 0.0000 0.0000 4.5573 1.7027 5.1448 0.0000 -0.0000 0.0000 1.1555 -19.4752 -13.5514 -0.0303 1.1239 -3.0899 -5.2341 0.9132 -3.6620 -0.5674 1.5188 2.4486 2.4574 0.5914 4.4755 -1.1578 3.5336 -20.9346 -2.2375 5.6527 37.0642 0.2264 1.3906 17.0857 0.0000 0.0000 0.0000 -89.8561 -5.3977 25.5908 11.1328 -18.4915 -1.8178 -0.0000 0.0000 -2.6518 22.3701 -11.5658 -4.7171 -7.1250 0.0000 -0.0000 -3.3447 17.5142 2.1869 0.0000 0.0000 0.0000 87.3572 2.9255 21.3995 -14.3716 23.2635 -2.9733 0.0000 -0.0000 -8.2480 -10.1596 -30.8885 5.2562 7.1250 -0.0000 -0.0000 24.4249 -59.5690 -9.0165
5.2040 16.8691 0.5545 156.3620 -81.0046 -153.6880 0.0000 0.0000 0.0000 -23.5899 3.4908 -8.9284 2.0972 9.0657 26.0012 1.4880 5.7563 -25.7492 0.2416 3.1633 8.7336 0.0000 0.0000 0.0000 4.8518 1.6909 5.2006 0.0000 -0.0000 0.0000 1.1398 -19.4104 -13.7043 -0.0241 1.0022 -2.7547 -5.1631 0.9498 -3.4891 -0.5298 1.5506 2.4178 2.4547 0.6131 4.3429 -1.0839 3.5796 -21.1334 -2.1793 5.6760 37.3636 0.2462 1.4019 17.2965 -0.0000 0.0000 0.0000 -89.7340 -5.3895 25.7505 11.1737 -18.5540 -1.8308 -0.0000 0.0000 -2.8856 21.9818 -11.7561 -4.7016 -7.1250 0.0000 -0.0000 -3.6234 17.3464 2.3831 -0.0000 0.0000 0.0000 87.4046 2.9473 21.4942 -14.6036 23.5910 -3.0655 0.0000 -0.0000 -7.5874 -10.3718 -25.1084 4.4409 7.1250 -0.0000 -0.0000 20.2230 -54.2915 -4.7657
5.1940 16.8770 0.5180 157.0240 -81.1786 -154.0810 0.0000 0.0000 0.0000 -23.3119 3.1541 -8.9505 2.0678 9.0060 25.8140 1.4746 6.0034 -25.7963 0.2123 2.9665 8.1854 0.0000 0.0000 0.0000 5.1544 1.6100 4.9718 0.0000 -0.0000 0.0000 1.1512 -19.4640 -13.6200 -0.0291 1.1003 -3.0248 -4.9821 0.9463 -3.7997 -0.5244 1.5545 2.3380 2.3654 0.6203 4.4394 -1.0542 3.6904 -21.0650 -2.0868 5.7827 37.6360 0.3010 1.4476 17.4241 0.0000 -0.0000 0.0000 -89.5730 -5.1134 25.9193 11.3522 -18.8261 -1.8880 -0.0000 0.0000 -3.5090 20.1303 -11.0480 -4.0180 -7.1250 0.0000 -0.0000 -4.9015 18.2574 3.1307 0.0000 -0.0000 0.0000 87.5407 2.9927 21.7725 -14.7055 23.7343 -3.1064 0.0000 -0.0000 -7.6453 -9.5878 -32.2493 5.1505 7.1250 -0.0000 -0.0000 26.1909 -60.6501 -10.4046
5.1948 16.8802 0.4721 154.4560 -81.2403 -151.5460 0.0000 0.0000 0.0000 -23.4974 2.8976 -8.6881 2.0269 8.9219 25.5515 1.4132 6.4206 -25.5933 0.2363 3.1285 8.6368 0.0000 0.0000 0.0000 4.9494 1.3774 5.0186 0.0000 -0.0000 0.0000 1.1516 -19.5029 -13.7641 -0.0293 1.1052 -3.0383 -5.3015 0.9702 -3.6245 -0.5820 1.5916 2.2584 2.4820 0.6360 4.2485 -1.0445 3.7687 -21.0734 -2.0460 5.8622 38.2181 0.3296 1.4516 17.7474 -0.0000 -0.0000 0.0000 -89.5847 -5.0769 25.9116 11.2528 -18.6747 -1.8561 -0.0000 0.0000 -2.9772 21.6272 -11.6454 -4.5756 -7.1250 0.0000 -0.0000 -3.8674 17.4968 2.5315 -0.0000 -0.0000 0.0000 87.4219 2.9683 22.2566 -14.4634 23.3933 -3.0097 0.0000 -0.0000 -8.7141 -10.7953 -30.7890 5.5746 7.1250 -0.0000 -0.0000 23.6887 -59.6250 -8.7573
5.2068 16.8870 0.4135 153.8730 -81.4909 -150.9270 0.0000 0.0000 0.0000 -23.1910 2.7019 -8.5482 2.0019 8.8699 25.3893 1.3463 7.0183 -25.4700 0.3268 3.6742 10.1618 0.0000 0.0000 0.0000 5.2112 1.1404 4.9408 0.0000 -0.0000 0.0000 1.1333 -19.3795 -13.7509 -0.0163 0.8234 -2.2631 -5.3234 0.9801 -3.5058 -0.5895 1.5985 2.2729 2.4844 0.6398 4.1954 -1.0933 3.8711 -21.2278 -1.6573 5.8670 38.8560 0.5182 1.4673 18.1234 -0.0000 0.0000 0.0000 -89.4384 -5.2519 26.0946 11.1767 -18.5587 -1.8318 -0.0000 0.0000 -2.6282 22.3971 -11.7324 -4.7902 -7.1250 0.0000 -0.0000 -3.3324 17.3332 2.1920 -0.0000 0.0000 0.0000 87.4888 3.1009 21.6789 -14.5901 23.5721 -3.0602 0.0000 -0.0000 -7.3551 -9.5058 -30.7446 4.8926 7.1250 -0.0000 -0.0000 24.9761 -59.2909 -9.0677
5.2027 16.8901 0.3540 153.8310 -81.7783 -150.9510 0.0000 0.0000 0.0000 -22.8251 2.6178 -8.4044 2.0053 8.8771 25.4117 1.3413 6.8951 -25.3519 0.2717 3.3529 9.2629 0.0000 0.0000 0.0000 5.5392 0.8857 5.0235 0.0000 0.0000 -0.0000 1.1266 -19.2933 -13.5854 -0.0106 0.6661 -1.8304 -5.2313 0.9583 -3.4489 -0.5328 1.5600 2.2949 2.4880 0.6226 4.1896 -1.0358 4.1156 -21.0730 -1.4354 6.0957 39.3572 0.6543 1.5701 18.3622 -0.0000 -0.0000 0.0000 -89.5174 -4.9830 26.0240 11.3141 -18.7681 -1.8757 -0.0000 0.0000 -2.5193 22.3482 -11.7806 -4.7978 -7.1250 0.0000 -0.0000 -3.3685 17.2862 2.2193 -0.0000 -0.0000 0.0000 87.3022 3.0812 21.9162 -14.6943 23.7185 -3.1019 0.0000 -0.0000 -7.5787 -9.3086 -31.0516 4.8327 7.1250 -0.0000 -0.0000 25.4327 -59.5206 -9.3885
5.2219 16.8933 0.2762 155.9430 -82.2265 -153.0410 0.0000 0.0000 0.0000 -21.9885 2.3720 -8.3845 2.0193 8.9061 25.5020 1.3537 6.5266 -25.2093 0.2864 3.4419 9.5115 0.0000 0.0000 0.0000 6.3691 0.6553 4.9445 0.0000 0.0000 0.0000 1.1161 -19.2674 -13.7564 -0.0037 0.3930 -1.0798 -4.8708 0.9850 -3.3204 -0.4102 1.5697 2.4691 2.4132 0.6303 4.3019 -0.8715 4.1602 -21.4499 -1.4461 6.1023 39.9079 0.6307 1.5612 18.7997 0.0000 -0.0000 0.0000 -89.4388 -5.4245 26.0306 11.2573 -18.6815 -1.8575 -0.0000 0.0000 -2.4336 21.7154 -11.0101 -4.3496 -7.1250 0.0000 -0.0000 -3.7847 18.1666 2.4213 0.0000 -0.0000 0.0000 87.2792 3.6761 21.8786 -14.4008 23.3048 -2.9849 0.0000 -0.0000 -7.7740 -9.7805 -30.7760 5.0407 7.1250 -0.0000 -0.0000 24.7210 -59.3814 -9.0220
5.2387 16.9025 0.2098 153.3200 -82.6620 -150.3930 0.0000 0.0000 0.0000 -21.8432 2.1845 -8.4563 2.0176 8.9027 25.4915 1.3107 6.4413 -24.8242 0.2406 3.1567 8.7154 0.0000 0.0000 0.0000 6.4625 0.1209 4.8785 0.0000 -0.0000 0.0000 1.1377 -19.2953 -13.2979 -0.0281 1.0815 -2.9730 -4.9497 0.8613 -3.2419 -0.4428 1.4055 2.5137 2.4115 0.5453 4.3158 -0.8957 4.2888 -21.1655 -1.0944 6.1094 40.4054 0.7952 1.5830 18.9995 -0.0000 -0.0000 0.0000 -89.4571 -5.4542 26.2064 11.3138 -18.7677 -1.8756 -0.0000 0.0000 -2.6874 21.7595 -11.8203 -4.6743 -7.1250 0.0000 -0.0000 -3.7811 17.2982 2.4912 -0.0000 -0.0000 0.0000 87.1733 3.7530 21.8924 -14.7698 23.8244 -3.1323 0.0000 -0.0000 -7.1488 -8.2348 -32.5289 4.4498 7.1250 -0.0000 -0.0000 27.8373 -60.5734 -11.0664
5.2489 16.9073 0.1266 154.7470 -82.9441 -151.9300 0.0000 0.0000 0.0000 -21.1927 2.0289 -8.2243 1.9964 8.8587 25.3542 1.3054 6.4207 -24.7703 0.2576 3.2655 9.0188 0.0000 0.0000 0.0000 7.1069 -0.0402 4.9680 0.0000 -0.0000 0.0000 1.1420 -19.2857 -13.1384 -0.0223 0.9647 -2.6518 -4.8353 0.8562 -3.3173 -0.3096 1.3996 2.8468 2.4904 0.5270 4.7063 -0.7967 4.4146 -21.3061 -1.0667 6.2416 40.7590 0.8246 1.6318 19.2605 -0.0000 -0.0000 0.0000 -89.5811 -5.9714 26.1545 11.2771 -18.7117 -1.8638 -0.0000 0.0000 -2.5780 21.6031 -11.8803 -4.6605 -7.1250 0.0000 -0.0000 -3.8924 17.2486 2.5692 -0.0000 -0.0000 0.0000 87.0147 4.2239 22.1060 -14.5558 23.5237 -3.0464 0.0000 -0.0000 -7.6827 -9.5404 -30.5626 4.8846 7.1250 -0.0000 -0.0000 24.7920 -59.1353 -8.9022
5.2760 16.9193 0.0524 153.8850 -83.3129 -150.8960 0.0000 0.0000 0.0000 -20.8212 1.5991 -8.3317 1.9778 8.8198 25.2331 1.2875 6.4598 -24.6553 0.2684 3.3325 9.2060 0.0000 0.0000 0.0000 7.4769 -0.3455 4.6501 0.0000 -0.0000 0.0000 1.1526 -19.3114 -12.9457 -0.0187 0.8834 -2.4281 -4.6810 0.8759 -2.8273 -0.3144 1.3841 2.5709 2.3848 0.5441 4.1434 -0.7189 4.5935 -20.9625 -0.7306 6.2754 41.4245 0.9720 1.6658 19.5652 -0.0000 -0.0000 0.0000 -89.5492 -5.6067 26.9090 11.4044 -18.9054 -1.9049 -0.0000 0.0000 -3.1147 21.4961 -11.4105 -4.4552 -7.1250 0.0000 -0.0000 -3.9514 17.7587 2.5640 -0.0000 -0.0000 0.0000 86.9134 3.8560 21.9298 -14.4714 23.4046 -3.0128 0.0000 -0.0000 -7.7077 -9.7705 -30.4251 4.9838 7.1250 -0.0000 -0.0000 24.4460 -59.0634 -8.7258
5.2983 16.9221 -0.0400 153.0610 -83.6576 -150.2270 0.0000 0.0000 0.0000 -20.3295 1.4131 -8.1381 1.9485 8.7580 25.0412 1.2780 6.2482 -24.4464 0.2932 3.4819 9.6235 0.0000 0.0000 0.0000 7.9225 -0.7023 4.7600 0.0000 0.0000 -0.0000 1.1425 -19.2723 -13.0691 -0.0183 0.8734 -2.4005 -4.7482 0.9205 -2.5413 -0.2741 1.4308 2.7375 2.4628 0.5605 4.1488 -0.7872 4.4967 -20.8392 -0.3865 5.9637 41.7346 1.0815 1.5681 19.7036 0.0000 0.0000 0.0000 -89.6597 -5.7489 27.3368 11.4717 -19.0077 -1.9268 -0.0000 0.0000 -3.4256 21.6719 -11.3842 -4.4850 -7.1250 0.0000 -0.0000 -3.8273 17.7712 2.4821 0.0000 0.0000 0.0000 86.9517 4.0893 21.3727 -14.3924 23.2928 -2.9815 0.0000 -0.0000 -7.0644 -9.5400 -30.5462 4.8820 7.1250 -0.0000 -0.0000 24.7790 -59.1204 -8.8882
5.3171 16.9284 -0.1170 149.3300 -84.1286 -146.4600 0.0000 0.0000 0.0000 -20.1412 1.1039 -7.9663 1.8898 8.6327 24.6531 1.2337 6.1587 -24.0379 0.3079 3.5674 9.8626 0.0000 0.0000 0.0000 8.0652 -1.2963 4.6590 0.0000 -0.0000 0.0000 1.1135 -19.1622 -13.4128 -0.0065 0.5209 -1.4314 -4.7676 0.8377 -2.2331 -0.2733 1.3023 2.7275 2.4610 0.5002 3.9730 -0.8248 4.5795 -20.7128 -0.2363 6.0065 42.1403 1.1702 1.5751 19.9202 0.0000 -0.0000 0.0000 -89.7388 -5.7644 28.0239 11.5360 -19.1052 -1.9478 -0.0000 0.0000 -3.8298 21.7181 -11.5170 -4.5470 -7.1250 0.0000 -0.0000 -3.7994 17.6255 2.4761 0.0000 -0.0000 0.0000 86.7737 3.9002 21.3484 -14.4667 23.3979 -3.0110 0.0000 -0.0000 -6.9402 -9.5987 -30.3394 4.8825 7.1250 -0.0000 -0.0000 24.5525 -58.9477 -8.6978
5.3312 16.9207 -0.2009 143.9030 -84.2370 -141.0660 0.0000 0.0000 0.0000 -20.3001 0.9387 -7.8369 1.8606 8.5695 24.4576 1.1892 6.2483 -23.7352 0.2515 3.2268 8.9107 0.0000 0.0000 0.0000 7.9545 -1.0597 2.6551 -0.0438 -1.3510 3.7152 0.9070 -18.1721 -14.8242 -0.0124 0.7183 -1.9741 -5.1826 0.7663 -2.3026 -0.3388 1.2331 2.9328 2.6249 0.4421 4.2272 -0.7313 4.6459 -20.7508 -0.2098 6.0276 42.5529 1.1759 1.5749 20.2098 -0.0000 0.0000 0.0000 -89.8274 -5.8385 28.3240 11.7154 -19.3764 -2.0069 -0.0000 0.0000 -4.2002 21.2812 -11.3583 -4.3866 -7.1250 0.0000 -0.0000 -4.1005 17.8329 2.6546 -0.0000 0.0000 0.0000 86.6040 4.1986 21.3745 -14.2784 23.1312 -2.9366 0.0000 -0.0000 -6.6740 -9.8914 -30.2887 5.0260 7.1250 -0.0000 -0.0000 24.2136 -58.9675 -8.5802
5.3613 16.9228 -0.2860 146.2620 -84.8724 -143.2890 0.0000 0.0000 0.0000 -19.3465 0.7439 -8.0323 1.8546 8.5565 24.4176 1.1592 6.1060 -23.3978 0.2344 3.1160 8.6019 0.0000 0.0000 0.0000 8.9289 -1.1693 1.8089 -0.0763 -1.7816 4.9026 0.8142 -17.7918 -15.5646 -0.0026 0.3281 -0.9015 -4.6431 0.7672 -1.5547 -0.1328 1.1563 2.4594 2.5147 0.4508 3.3202 -0.6605 4.8916 -20.1153 0.0077 6.1882 43.2223 1.2911 1.6338 20.4647 0.0000 -0.0000 0.0000 -90.0072 -4.9667 28.5746 11.8965 -19.6492 -2.0673 -0.0000 0.0000 -4.4874 21.2962 -11.3285 -4.3787 -7.1250 0.0000 -0.0000 -4.0891 17.8634 2.6444 0.0000 -0.0000 0.0000 86.4769 3.4664 21.3157 -14.2277 23.0593 -2.9167 0.0000 -0.0000 -6.6571 -9.7311 -30.8073 5.0194 7.1250 -0.0000 -0.0000 24.7974 -59.3982 -9.0622
5.3492 16.9345 -0.3556 137.6610 -85.0854 -134.9330 0.0000 0.0000 0.0000 -19.6139 0.5660 -7.7334 1.8564 8.5604 24.4297 1.1245 6.1481 -23.1370 0.1556 2.5417 7.0054 0.0000 0.0000 0.0000 8.5619 -1.8064 1.8674 -0.0868 -1.9006 5.2309 0.8109 -17.7801 -15.5956 -0.0064 0.5169 -1.4203 -4.8254 0.6526 -1.5826 -0.2739 1.0166 2.6617 2.4673 0.3673 3.5572 -0.3922 4.8956 -19.8229 -0.1128 6.0728 43.5652 1.1494 1.5945 20.6412 0.0000 -0.0000 0.0000 -90.0753 -4.7872 28.9493 12.0492 -19.8783 -2.1190 -0.0000 0.0000 -4.7918 21.1661 -11.5917 -4.4487 -7.1250 0.0000 -0.0000 -4.1883 17.5948 2.7337 0.0000 -0.0000 0.0000 86.4256 3.4839 21.0587 -14.1374 22.9308 -2.8814 0.0000 -0.0000 -6.3826 -9.9090 -31.1528 5.1639 7.1250 -0.0000 -0.0000 24.9028 -59.7490 -9.3147
5.3962 16.9458 -0.4490 139.0400 -85.3629 -136.1650 0.0000 0.0000 0.0000 -18.9000 0.3408 -8.0129 1.8252 8.4921 24.2189 1.0700 6.2553 -22.7473 0.1645 2.6134 7.2041 0.0000 0.0000 0.0000 9.2989 -1.5871 0.8065 -0.1327 -2.3480 6.4685 0.6848 -17.0898 -16.1000 -0.0162 0.8218 -2.2586 -4.7228 0.7363 -1.6561 -0.0947 1.1291 2.9919 2.6040 0.4071 3.9317 -0.4516 4.8756 -20.2341 0.0489 5.9963 43.8761 1.2438 1.5607 20.9731 0.0000 0.0000 0.0000 -90.2836 -5.5528 29.1909 12.0111 -19.8213 -2.1060 -0.0000 0.0000 -5.0463 21.0605 -11.4339 -4.3653 -7.1250 0.0000 -0.0000 -4.2575 17.7716 2.7625 0.0000 0.0000 0.0000 86.2696 4.1437 20.9393 -14.0402 22.7922 -2.8437 0.0000 -0.0000 -6.2167 -9.9581 -30.6478 5.1144 7.1250 -0.0000 -0.0000 24.4343 -59.3063 -8.8650
5.4211 16.9486 -0.5342 136.6130 -85.5844 -133.7860 0.0000 0.0000 0.0000 -18.5473 0.5442 -8.1498 1.8166 8.4731 24.1605 1.0216 6.0985 -22.2244 0.1159 2.1947 6.0440 0.0000 0.0000 0.0000 9.6508 -1.6365 0.1268 -0.1838 -2.7614 7.6150 0.5925 -16.6548 -16.6302 -0.0151 0.7941 -2.1825 -4.7337 0.7565 -1.1786 -0.0593 1.1261 2.9214 2.6380 0.4143 3.5869 -0.4469 4.9036 -20.0145 0.4494 5.7977 44.2274 1.4004 1.5224 21.1322 -0.0000 0.0000 0.0000 -90.3002 -5.4118 29.5879 12.0696 -19.9090 -2.1259 -0.0000 0.0000 -5.2979 20.9660 -11.1821 -4.2498 -7.1250 0.0000 -0.0000 -4.3168 18.0471 2.7750 -0.0000 0.0000 0.0000 86.3137 4.0878 20.5269 -13.9464 22.6581 -2.8074 0.0000 -0.0000 -5.9985 -9.9207 -30.8181 5.1202 7.1250 -0.0000 -0.0000 24.6120 -59.4510 -9.0206
5.4509 16.9492 -0.6163 137.1170 -86.0452 -134.2930 0.0000 0.0000 0.0000 -17.8778 0.2181 -8.2833 1.8319 8.5067 24.2641 0.9644 6.4677 -21.9722 0.0642 1.6352 4.4985 0.0000 0.0000 0.0000 10.3722 -1.8192 -0.1749 -0.2039 -2.9077 8.0220 0.5453 -16.4583 -16.9471 -0.0106 0.6636 -1.8236 -4.3519 0.7627 -1.2316 0.0822 1.1245 3.2376 2.5740 0.4069 3.9485 -0.2230 4.9645 -20.0347 0.2498 5.8845 44.3123 1.2808 1.5628 21.2275 0.0000 0.0000 0.0000 -90.3199 -5.8125 30.0903 12.0913 -19.9414 -2.1333 -0.0000 0.0000 -5.5722 21.3196 -11.9063 -4.6035 -7.1250 0.0000 -0.0000 -4.0911 17.2468 2.7012 0.0000 0.0000 0.0000 86.1509 4.6246 20.6022 -13.9026 22.5953 -2.7906 0.0000 -0.0000 -6.0766 -10.0325 -30.5940 5.1450 7.1250 -0.0000 -0.0000 24.3146 -59.2748 -8.7998
5.4774 16.9440 -0.6950 136.2250 -86.3732 -133.4180 0.0000 0.0000 0.0000 -17.3555 -0.0367 -8.2924 1.8245 8.4905 24.2140 0.9316 6.5705 -21.7498 0.0515 1.4649 4.0288 0.0000 0.0000 0.0000 10.8747 -1.9504 -0.5451 -0.2316 -3.0975 8.5504 0.4938 -16.2486 -17.2936 -0.0013 0.2308 -0.6340 -4.2347 0.7415 -0.8448 0.2529 1.0669 3.1337 2.6751 0.3888 3.6241 -0.3110 5.0444 -19.5727 0.5929 5.8098 44.7070 1.4451 1.5421 21.3442 -0.0000 -0.0000 0.0000 -90.4852 -5.4461 30.0965 12.2503 -20.1789 -2.1879 -0.0000 0.0000 -5.5261 21.1174 -11.8722 -4.5430 -7.1250 0.0000 -0.0000 -4.2312 17.3011 2.7891 -0.0000 -0.0000 0.0000 85.9774 4.2822 20.7673 -14.0236 22.7685 -2.8372 0.0000 -0.0000 -6.1244 -10.1812 -30.3282 5.1817 7.1250 -0.0000 -0.0000 23.9487 -59.0682 -8.5378
5.5105 16.9559 -0.7747 133.9230 -86.4566 -131.0490 0.0000 0.0000 0.0000 -17.0857 -0.1044 -8.3568 1.7720 8.3740 23.8559 0.8551 6.7533 -21.1814 0.0441 1.3550 3.7261 0.0000 0.0000 0.0000 11.1366 -1.8461 -1.3035 -0.2892 -3.4583 9.5575 0.4204 -15.9449 -17.7602 -0.0000 -0.0181 0.0497 -4.2917 0.7639 -0.6242 0.3048 1.0852 3.1687 2.7579 0.3964 3.5324 -0.1726 5.1520 -19.4172 0.6486 5.8480 45.0326 1.4580 1.5672 21.5428 -0.0000 0.0000 0.0000 -90.5736 -5.6045 29.8409 12.2265 -20.1434 -2.1797 -0.0000 0.0000 -5.3357 21.0951 -11.5170 -4.4043 -7.1250 0.0000 -0.0000 -4.2358 17.6804 2.7568 -0.0000 0.0000 0.0000 85.9218 4.3828 20.8010 -14.1509 22.9501 -2.8867 0.0000 -0.0000 -6.3113 -9.9487 -30.4868 5.0853 7.1250 -0.0000 -0.0000 24.3135 -59.1591 -8.7312
5.5322 16.9622 -0.8449 128.9380 -86.5555 -126.0640 0.0000 0.0000 0.0000 -16.9546 -0.3455 -8.1758 1.7086 8.2308 23.4172 0.8172 6.9150 -20.9452 0.0344 1.1971 3.2912 0.0000 0.0000 0.0000 11.2549 -2.2126 -1.8404 -0.3315 -3.7003 10.2350 0.3600 -15.5837 -17.9326 -0.0000 0.0153 -0.0421 -4.2334 0.7821 -0.4365 0.2433 1.0998 3.1522 2.6589 0.4091 3.4097 -0.1198 5.1545 -19.2353 0.8815 5.6608 45.3838 1.5273 1.5160 21.7413 -0.0000 -0.0000 0.0000 -90.3342 -5.3876 30.3223 12.2765 -20.2180 -2.1969 -0.0000 0.0000 -5.6155 20.9106 -11.9817 -4.5351 -7.1250 0.0000 -0.0000 -4.3789 17.2036 2.8964 -0.0000 -0.0000 0.0000 85.9911 4.3271 20.8001 -14.1761 22.9859 -2.8965 0.0000 -0.0000 -6.5745 -9.9083 -30.5583 5.0751 7.1250 -0.0000 -0.0000 24.4127 -59.2145 -8.8023
5.5527 16.9626 -0.9183 125.8920 -86.9007 -123.0900 0.0000 0.0000 0.0000 -16.4734 -0.5743 -7.9285 1.6503 8.0961 23.0064 0.7701 7.0082 -20.5656 0.0272 1.0637 2.9242 0.0000 0.0000 0.0000 11.7380 -2.4636 -1.9826 -0.3505 -3.8038 10.5252 0.3199 -15.4398 -18.2196 -0.0010 -0.2046 0.5622 -4.0165 0.6922 -0.3729 0.3570 0.9685 3.3754 2.6515 0.3382 3.6163 -0.1010 5.1769 -19.2971 0.8292 5.7167 45.3882 1.5126 1.5346 21.7688 -0.0000 -0.0000 0.0000 -90.3373 -5.5080 30.0854 12.3789 -20.3704 -2.2324 -0.0000 0.0000 -5.5292 20.8678 -11.7658 -4.4449 -7.1250 0.0000 -0.0000 -4.4022 17.4363 2.8894 -0.0000 -0.0000 0.0000 85.9909 4.5926 20.8167 -14.2284 23.0603 -2.9170 0.0000 -0.0000 -6.4394 -9.7235 -30.4104 4.9574 7.1250 -0.0000 -0.0000 24.4822 -59.0396 -8.7255
5.5582 16.9586 -0.9871 119.6640 -86.7978 -116.9800 0.0000 0.0000 0.0000 -16.5638 -0.7594 -7.4773 1.5822 7.9355 22.5183 0.7283 7.3074 -20.3913 0.0211 0.9375 2.5769 0.0000 0.0000 0.0000 11.6526 -2.9551 -2.2309 -0.3788 -3.9530 10.9445 0.2587 -15.0288 -18.3234 -0.0025 -0.3206 0.8810 -4.2760 0.6144 -0.4804 0.4042 0.8749 3.5090 2.8455 0.2748 3.8204 -0.2695 5.1629 -18.9723 0.9625 5.6588 45.5007 1.5885 1.4944 21.7311 0.0000 -0.0000 0.0000 -90.4375 -5.7004 29.8613 12.1768 -20.0692 -2.1626 -0.0000 0.0000 -5.4572 21.1041 -11.9704 -4.5767 -7.1250 0.0000 -0.0000 -4.2436 17.1983 2.8069 0.0000 -0.0000 0.0000 85.8372 4.5123 21.2709 -14.3555 23.2406 -2.9669 0.0000 -0.0000 -6.7633 -9.9396 -30.6040 5.0982 7.1250 -0.0000 -0.0000 24.4178 -59.2627 -8.8328
5.5868 16.9677 -1.0604 117.1570 -86.8062 -114.2510 0.0000 0.0000 0.0000 -16.3554 -0.9487 -7.5372 1.5131 7.7683 22.0125 0.6832 7.5510 -20.1411 0.0184 0.8758 2.4071 0.0000 0.0000 0.0000 11.9191 -2.6545 -2.8321 -0.4223 -4.1710 11.5582 0.2410 -15.1022 -18.6736 -0.0046 -0.4374 1.2020 -4.2706 0.6861 -0.5564 0.4188 0.9741 3.5353 2.8625 0.3222 3.8828 -0.2155 5.1349 -18.9460 0.9634 5.5980 45.4588 1.5657 1.4893 21.6949 -0.0000 -0.0000 0.0000 -90.3652 -5.8413 29.9458 12.1057 -19.9630 -2.1383 -0.0000 0.0000 -5.3028 21.0407 -12.1394 -4.6249 -7.1250 0.0000 -0.0000 -4.2933 17.0245 2.8563 -0.0000 -0.0000 0.0000 85.8484 4.6391 21.2517 -14.4665 23.3977 -3.0109 0.0000 -0.0000 -6.8837 -10.1216 -30.4925 5.1760 7.1250 -0.0000 -0.0000 24.1412 -59.2032 -8.6905
5.6102 16.9687 -1.1225 113.1510 -86.7869 -110.1800 0.0000 0.0000 0.0000 -16.3026 -1.2676 -7.3205 1.4605 7.6382 21.6203 0.6601 7.7831 -20.1018 0.0135 0.7501 2.0614 0.0000 0.0000 0.0000 12.0373 -2.8849 -3.0955 -0.4299 -4.2078 11.6620 0.2239 -14.9498 -18.6415 -0.0038 -0.3985 1.0951 -4.2611 0.6674 -0.1447 0.4301 0.9275 3.3079 2.8592 0.3151 3.4167 -0.2089 5.1421 -18.7513 1.0807 5.4970 45.7531 1.6009 1.4474 21.8534 -0.0000 0.0000 0.0000 -90.3786 -5.4415 29.5864 12.2252 -20.1416 -2.1792 -0.0000 0.0000 -5.2789 20.8100 -11.5304 -4.3444 -7.1250 0.0000 -0.0000 -4.4358 17.6908 2.8868 -0.0000 0.0000 0.0000 85.8451 4.3663 21.2506 -14.4016 23.3059 -2.9852 0.0000 -0.0000 -6.7804 -9.9164 -30.7110 5.1020 7.1250 -0.0000 -0.0000 24.5286 -59.3538 -8.9300
5.6126 16.9720 -1.1867 107.9150 -86.9203 -105.0190 0.0000 0.0000 0.0000 -16.0701 -1.6326 -6.8995 1.4023 7.4909 21.1782 0.6279 8.0418 -19.9961 0.0094 0.6251 1.7177 0.0000 0.0000 0.0000 12.2842 -3.2194 -3.0305 -0.4250 -4.1839 11.5945 0.2156 -14.8896 -18.6482 -0.0033 -0.3708 1.0189 -4.1646 0.5941 -0.3023 0.5098 0.8334 3.4446 2.8880 0.2612 3.6555 -0.2205 5.1437 -18.7038 1.0869 5.4966 45.7713 1.6054 1.4468 21.8510 0.0000 0.0000 0.0000 -90.4192 -5.5317 29.4708 12.1845 -20.0808 -2.1652 -0.0000 0.0000 -5.3471 20.9130 -11.7405 -4.4461 -7.1250 0.0000 -0.0000 -4.3698 17.4592 2.8658 0.0000 0.0000 0.0000 85.7754 4.4289 21.4894 -14.3769 23.2710 -2.9754 0.0000 -0.0000 -7.1369 -10.4860 -30.6306 5.3871 7.1250 -0.0000 -0.0000 23.8788 -59.4107 -8.7090
5.6240 16.9776 -1.2469 101.0630 -86.6015 -98.2083 0.0000 0.0000 0.0000 -16.3399 -1.8969 -6.4785 1.3212 7.2799 20.5472 0.5671 8.4078 -19.6932 0.0027 0.3383 0.9294 0.0000 0.0000 0.0000 12.0336 -3.6189 -3.1004 -0.4227 -4.1729 11.5637 0.1920 -14.7201 -18.6745 -0.0052 -0.4651 1.2780 -4.4217 0.5081 -0.2845 0.3966 0.7267 3.4029 2.9112 0.2040 3.6103 -0.1017 5.1810 -18.4250 1.2493 5.3882 45.8735 1.6370 1.4435 21.8376 0.0000 -0.0000 0.0000 -90.2345 -5.4044 29.6794 12.1747 -20.0661 -2.1618 -0.0000 0.0000 -5.6861 20.7599 -11.6464 -4.3759 -7.1250 0.0000 -0.0000 -4.4742 17.5722 2.9236 0.0000 -0.0000 0.0000 85.9252 4.2277 21.2328 -14.5015 23.4472 -3.0248 0.0000 -0.0000 -6.5953 -10.2003 -30.4762 5.2143 7.1250 -0.0000 -0.0000 24.0476 -59.2064 -8.6562
5.6366 16.9907 -1.2995 96.9403 -86.3800 -93.9807 0.0000 0.0000 0.0000 -16.4813 -2.3704 -6.1188 1.2404 7.0621 19.8994 0.5212 8.8607 -19.6283 0.0026 0.3264 0.8968 0.0000 0.0000 0.0000 11.9405 -3.9062 -3.4320 -0.4333 -4.2240 11.7078 0.1812 -14.5876 -18.5998 -0.0048 -0.4479 1.2306 -4.5188 0.4743 -0.3637 0.3832 0.6885 3.3509 2.9513 0.1840 3.6039 -0.0339 5.2144 -18.3137 1.1613 5.4524 45.8836 1.5895 1.4691 21.8181 0.0000 0.0000 0.0000 -90.3520 -5.2806 29.5532 12.2208 -20.1350 -2.1777 -0.0000 0.0000 -5.6070 20.7272 -11.7919 -4.4220 -7.1250 0.0000 -0.0000 -4.5012 17.4209 2.9563 0.0000 0.0000 0.0000 85.7935 4.3076 21.1251 -14.2824 23.1370 -2.9382 0.0000 -0.0000 -6.5685 -10.1280 -29.7111 5.0595 7.1250 -0.0000 -0.0000 23.5215 -58.4967 -8.0483
5.6360 16.9905 -1.3543 93.0414 -86.4048 -90.2482 0.0000 0.0000 0.0000 -16.3133 -2.5229 -5.5540 1.1702 6.8666 19.3208 0.4931 9.0661 -19.5262 0.0012 0.2275 0.6250 0.0000 0.0000 0.0000 12.1246 -4.1960 -3.4197 -0.4601 -4.3512 12.0668 0.1127 -14.2479 -18.9242 -0.0125 -0.7220 1.9843 -4.3996 0.4416 -0.5728 0.4160 0.6525 3.5355 2.9204 0.1573 3.9179 0.0118 5.1813 -18.2982 1.1317 5.3846 45.9353 1.5514 1.4459 21.8598 0.0000 -0.0000 0.0000 -90.3312 -5.4500 29.6254 12.1512 -20.0309 -2.1538 -0.0000 0.0000 -5.2469 20.8130 -12.1271 -4.5658 -7.1250 0.0000 -0.0000 -4.4515 17.0583 2.9589 0.0000 -0.0000 0.0000 85.7759 4.3182 21.0651 -14.3605 23.2477 -2.9689 0.0000 -0.0000 -6.7372 -9.7139 -31.1601 5.0618 7.1250 -0.0000 -0.0000 25.1091 -59.7105 -9.3746
5.6607 16.9859 -1.4040 89.6704 -86.5006 -86.8000 0.0000 0.0000 0.0000 -16.0388 -3.0819 -5.3492 1.1275 6.7445 18.9606 0.4693 9.4182 -19.6162 0.0034 0.3760 1.0332 0.0000 0.0000 0.0000 12.4531 -4.2798 -3.5721 -0.4601 -4.3511 12.0666 0.0883 -14.1652 -19.0970 -0.0288 -1.0948 3.0098 -4.2318 0.3673 -0.6941 0.5166 0.5519 3.5872 2.9281 0.1069 4.0488 -0.1059 5.1775 -18.8487 1.3421 5.3447 45.9823 1.7339 1.4121 22.4211 -0.0000 -0.0000 0.0000 -90.4601 -5.6100 29.5417 12.1659 -20.0529 -2.1588 -0.0000 0.0000 -5.6341 20.5491 -12.4920 -4.6356 -7.1250 0.0000 -0.0000 -4.6464 16.6962 3.1260 -0.0000 -0.0000 0.0000 85.6808 4.5616 21.0618 -14.2681 23.1166 -2.9325 0.0000 -0.0000 -6.5151 -10.1480 -31.4586 5.3366 7.1250 -0.0000 -0.0000 24.9163 -60.0784 -9.5179
5.6558 16.9958 -1.4422 85.8181 -86.7079 -82.9685 0.0000 0.0000 0.0000 -15.7024 -3.3983 -5.1202 1.1067 6.6839 18.7821 0.4464 9.6356 -19.5880 0.0007 0.1660 0.4560 0.0000 0.0000 0.0000 12.8014 -4.7417 -3.5704 -0.4474 -4.2913 11.8977 0.0941 -14.0955 -18.9229 -0.0179 -0.8634 2.3731 -3.8137 0.3445 -1.0396 0.6676 0.5196 3.7365 2.8523 0.0915 4.4037 -0.0683 5.2098 -19.0658 1.1104 5.5156 46.0269 1.6543 1.4488 22.5618 0.0000 -0.0000 0.0000 -90.6961 -5.8028 29.5301 12.2463 -20.1731 -2.1865 -0.0000 0.0000 -5.6890 20.0873 -12.1255 -4.3926 -7.1250 0.0000 -0.0000 -4.9568 17.1246 3.2900 0.0000 -0.0000 0.0000 85.5430 4.7143 20.4339 -14.2051 23.0272 -2.9079 0.0000 -0.0000 -6.2738 -9.8414 -31.0786 5.1172 7.1250 -0.0000 -0.0000 24.9099 -59.6668 -9.2682
5.6936 17.0009 -1.4902 84.6180 -86.6615 -81.7331 0.0000 0.0000 0.0000 -15.5299 -3.4616 -5.3635 1.1065 6.6835 18.7810 0.4013 9.7880 -19.2544 0.0002 -0.0952 -0.2614 0.0000 0.0000 0.0000 13.0152 -4.3222 -3.5064 -0.4327 -4.2215 11.7006 0.1297 -14.4967 -19.0962 -0.0316 -1.1472 3.1540 -3.7261 0.3578 -0.7042 0.6505 0.5213 3.5632 2.7813 0.1072 4.0324 0.3361 5.3749 -18.7561 0.7537 5.7671 46.0229 1.4321 1.5703 22.4919 0.0000 -0.0000 0.0000 -90.6364 -5.6348 29.8958 12.3873 -20.3830 -2.2354 -0.0000 0.0000 -5.7012 20.3967 -11.8274 -4.3582 -7.1250 0.0000 -0.0000 -4.7330 17.4122 3.1105 0.0000 -0.0000 0.0000 85.5461 4.6542 20.2707 -14.1449 22.9414 -2.8843 0.0000 -0.0000 -6.0573 -10.1652 -30.1693 5.1489 7.1250 -0.0000 -0.0000 23.8394 -58.9207 -8.4107
5.7011 16.9916 -1.5270 82.5585 -86.7382 -79.8128 0.0000 0.0000 0.0000 -15.3167 -3.3366 -5.2143 1.1010 6.6673 18.7335 0.3970 9.7086 -19.1249 0.0021 -0.2987 -0.8207 0.0000 0.0000 0.0000 13.2211 -4.6140 -3.6283 -0.4546 -4.3253 11.9936 0.1065 -14.2740 -19.0397 -0.0286 -1.0920 3.0021 -3.5724 0.3625 -0.3428 0.7093 0.5084 3.2416 2.7503 0.1228 3.4941 0.2623 5.3393 -18.3825 1.1695 5.4716 46.2917 1.5897 1.4840 22.5508 -0.0000 -0.0000 0.0000 -90.6543 -4.8343 30.3742 12.5920 -20.6865 -2.3072 -0.0000 0.0000 -6.4241 20.4553 -11.7878 -4.3574 -7.1250 0.0000 -0.0000 -4.6910 17.4490 3.0789 -0.0000 -0.0000 0.0000 85.5283 4.0227 20.1348 -14.1119 22.8945 -2.8715 0.0000 -0.0000 -5.7911 -10.2103 -29.7772 5.1115 7.1250 -0.0000 -0.0000 23.4884 -58.5748 -8.0807
5.7209 16.9897 -1.5588 78.9414 -86.4413 -76.2592 0.0000 0.0000 0.0000 -15.4857 -3.6087 -5.0198 1.0709 6.5785 18.4725 0.3694 9.8640 -18.9814 0.0016 -0.2547 -0.6998 0.0000 0.0000 0.0000 13.0632 -4.7581 -3.8637 -0.4850 -4.4657 12.3906 0.0732 -14.1705 -19.2857 -0.0326 -1.1646 3.2018 -3.6807 0.2473 -0.4514 0.7042 0.3610 3.3702 2.8023 0.0391 3.7002 0.2498 5.3610 -18.3819 1.1189 5.5441 46.2392 1.5810 1.5069 22.5053 -0.0000 -0.0000 0.0000 -90.7882 -5.2215 30.3050 12.4341 -20.4525 -2.2517 -0.0000 0.0000 -6.5497 20.3837 -12.1057 -4.4558 -7.1250 0.0000 -0.0000 -4.7498 17.1193 3.1521 -0.0000 -0.0000 0.0000 85.3337 4.2098 20.5097 -14.1753 22.9848 -2.8962 0.0000 -0.0000 -6.3019 -10.2619 -30.7788 5.2931 7.1250 -0.0000 -0.0000 24.2297 -59.4936 -8.8949
5.7371 16.9884 -1.5949 79.1642 -86.3920 -76.6325 0.0000 0.0000 0.0000 -15.4358 -3.8272 -4.6809 1.0384 6.4810 18.1867 0.3391 10.1683 -18.9668 0.0013 -0.2335 -0.6416 0.0000 0.0000 0.0000 13.1452 -4.7036 -3.9298 -0.5129 -4.5903 12.7436 0.0562 -14.1162 -19.4079 -0.0341 -1.1918 3.2766 -3.7159 0.3015 -0.4161 0.7785 0.4299 3.4400 2.9015 0.0683 3.7471 0.2752 5.3060 -18.3108 1.0387 5.4811 46.2156 1.5151 1.4816 22.4663 0.0000 0.0000 0.0000 -90.9217 -5.3053 30.6965 12.5524 -20.6279 -2.2932 -0.0000 0.0000 -7.1331 20.1888 -12.0052 -4.3737 -7.1250 0.0000 -0.0000 -4.8829 17.2424 3.2279 0.0000 0.0000 0.0000 85.3037 4.4185 19.8025 -13.8807 22.5639 -2.7822 0.0000 -0.0000 -5.7730 -9.8323 -30.1592 4.9763 7.1250 -0.0000 -0.0000 24.1711 -58.8373 -8.4876
5.7436 16.9849 -1.6212 77.0495 -86.1358 -74.5504 0.0000 0.0000 0.0000 -15.5876 -3.8535 -4.5271 1.0106 6.3965 17.9392 0.3208 10.1387 -18.7273 0.0002 -0.0968 -0.2659 0.0000 0.0000 0.0000 12.9458 -5.2396 -4.3285 -0.5500 -4.7508 13.1992 -0.0031 -13.6005 -19.3660 -0.0315 -1.1459 3.1503 -3.7880 0.2657 -0.6320 0.7673 0.3933 3.5242 2.9313 0.0418 3.9600 0.3637 5.3466 -18.3710 1.0393 5.5154 46.2317 1.5110 1.5119 22.5099 0.0000 0.0000 0.0000 -91.0861 -5.3637 30.5139 12.7388 -20.9033 -2.3593 -0.0000 0.0000 -5.8321 20.0395 -11.4492 -4.1411 -7.1250 0.0000 -0.0000 -4.9738 17.8415 3.2229 0.0000 0.0000 0.0000 85.1843 4.4435 19.9542 -14.0160 22.7576 -2.8343 0.0000 -0.0000 -5.9087 -10.2052 -30.7927 5.2655 7.1250 -0.0000 -0.0000 24.2992 -59.4931 -8.9221
5.7664 16.9802 -1.6528 77.9041 -86.1847 -75.5311 0.0000 0.0000 0.0000 -15.4215 -3.7753 -4.4701 0.9954 6.3493 17.8015 0.2913 10.3078 -18.5749 0.0025 -0.3226 -0.8864 0.0000 0.0000 0.0000 13.1095 -5.1478 -4.4924 -0.5761 -4.8605 13.5112 -0.0171 -13.5342 -19.4367 -0.0394 -1.2811 3.5227 -3.7038 0.2961 -0.1874 0.8386 0.4119 3.2887 2.9538 0.0680 3.4615 0.6416 5.4245 -17.9499 0.7494 5.6333 46.2634 1.3119 1.5660 22.4166 0.0000 0.0000 0.0000 -91.0990 -4.8197 30.9221 12.9448 -21.2063 -2.4333 -0.0000 0.0000 -7.4260 19.9606 -12.8133 -4.6051 -7.1250 0.0000 -0.0000 -5.0640 16.4116 3.4405 0.0000 0.0000 0.0000 85.2233 4.0310 19.8131 -14.2359 23.0710 -2.9199 0.0000 -0.0000 -6.0006 -10.4300 -31.2288 5.4515 7.1250 -0.0000 -0.0000 24.4301 -59.9377 -9.2358
5.7745 16.9795 -1.6761 74.8274 -86.2920 -72.5508 0.0000 0.0000 0.0000 -15.1710 -3.8642 -4.4309 0.9942 6.3458 17.7911 0.2771 10.3457 -18.4526 0.0058 -0.4924 -1.3531 0.0000 0.0000 0.0000 13.3611 -5.2726 -4.4333 -0.5757 -4.8587 13.5060 0.0019 -13.6499 -19.3769 -0.0347 -1.2017 3.3039 -3.4776 0.2734 -0.9081 0.9467 0.3969 3.7757 2.9464 0.0362 4.3785 0.4077 5.3292 -18.4893 1.0130 5.4996 46.1717 1.4904 1.5186 22.5085 0.0000 0.0000 0.0000 -91.2741 -5.5399 30.7653 12.9762 -21.2524 -2.4447 -0.0000 0.0000 -7.1758 19.4540 -12.6118 -4.4101 -7.1250 0.0000 -0.0000 -5.4093 16.6691 3.6468 0.0000 0.0000 0.0000 85.1502 4.7808 19.5392 -14.1421 22.9375 -2.8833 0.0000 -0.0000 -6.0031 -9.9185 -31.3199 5.1936 7.1250 -0.0000 -0.0000 25.0343 -59.9009 -9.4594
5.7931 16.9886 -1.7064 71.6497 -86.3540 -69.4286 0.0000 0.0000 0.0000 -14.9180 -4.0304 -4.4387 0.9943 6.3460 17.7918 0.2715 10.3737 -18.4187 0.0089 -0.6091 -1.6738 0.0000 0.0000 0.0000 13.6344 -5.1277 -4.4145 -0.5837 -4.8919 13.6006 -0.0024 -13.8047 -19.6446 -0.0474 -1.4045 3.8625 -3.2746 0.2575 -0.6245 0.9489 0.3613 3.5545 2.8295 0.0379 3.9894 0.6537 5.3416 -18.1693 1.0592 5.3599 46.2157 1.4233 1.5167 22.4397 0.0000 0.0000 0.0000 -91.0383 -5.2761 31.2355 12.9964 -21.2819 -2.4520 -0.0000 0.0000 -7.6411 19.5219 -12.0717 -4.2406 -7.1250 0.0000 -0.0000 -5.3494 17.2301 3.5403 0.0000 0.0000 0.0000 85.3670 4.4720 19.5695 -14.1313 22.9221 -2.8791 0.0000 -0.0000 -5.9945 -9.9071 -31.4686 5.2096 7.1250 -0.0000 -0.0000 25.1731 -60.0312 -9.5950
5.8075 16.9757 -1.7253 71.1014 -86.1783 -68.9685 0.0000 0.0000 0.0000 -15.0219 -3.9219 -4.4381 0.9998 6.3632 17.8418 0.2752 10.2139 -18.2811 0.0069 -0.5366 -1.4746 0.0000 0.0000 0.0000 13.5122 -5.2283 -4.3696 -0.5844 -4.8948 13.6087 -0.0445 -13.6361 -19.8914 -0.0722 -1.7339 4.7707 -3.3691 0.2285 -0.8230 0.9995 0.3291 3.7008 2.9360 0.0094 4.2569 0.4313 5.3364 -18.3610 1.3653 5.3133 46.2226 1.6293 1.5013 22.4816 0.0000 -0.0000 0.0000 -91.1179 -5.5456 31.2470 12.9813 -21.2598 -2.4465 -0.0000 0.0000 -7.8097 19.3345 -12.1689 -4.2300 -7.1250 0.0000 -0.0000 -5.4820 17.1440 3.6393 0.0000 -0.0000 0.0000 85.3008 4.6327 19.5655 -14.1036 22.8826 -2.8683 0.0000 -0.0000 -6.0558 -10.3107 -30.7370 5.3121 7.1250 -0.0000 -0.0000 24.1456 -59.4671 -8.8463
5.8234 16.9830 -1.7474 68.2095 -86.2367 -66.1933 0.0000 0.0000 0.0000 -14.8063 -4.2458 -4.3114 0.9923 6.3399 17.7740 0.2522 10.4445 -18.2721 0.0104 -0.6588 -1.8105 0.0000 0.0000 0.0000 13.7446 -5.1105 -4.3577 -0.6017 -4.9654 13.8100 -0.0381 -13.8034 -20.0483 -0.0703 -1.7101 4.7051 -3.2587 0.1860 -0.7231 1.1675 0.2586 3.7010 3.0444 -0.0246 4.2053 0.5877 5.4161 -18.3444 1.0721 5.5221 46.2482 1.4910 1.5670 22.5283 -0.0000 -0.0000 0.0000 -91.3096 -5.4282 30.9821 13.0865 -21.4139 -2.4848 -0.0000 0.0000 -7.6322 19.4471 -12.2384 -4.2804 -7.1250 0.0000 -0.0000 -5.4052 17.0614 3.5976 -0.0000 -0.0000 0.0000 85.1952 4.6252 19.4915 -14.0930 22.8675 -2.8642 0.0000 -0.0000 -5.9998 -9.8960 -30.7176 5.0924 7.1250 -0.0000 -0.0000 24.5549 -59.3550 -8.9411
5.8439 16.9735 -1.7582 66.4960 -86.2818 -64.5042 0.0000 0.0000 0.0000 -14.6775 -4.3945 -4.3727 0.9992 6.3614 17.8366 0.2526 10.4657 -18.3008 0.0045 -0.4353 -1.1961 0.0000 0.0000 0.0000 13.8781 -5.2806 -4.5645 -0.6116 -5.0053 13.9237 -0.0411 -13.7115 -19.9562 -0.0631 -1.6210 4.4593 -2.9520 0.2029 -0.6659 1.1888 0.2705 3.6240 2.8935 -0.0048 4.0914 0.7218 5.4547 -18.3176 0.9957 5.5505 46.3695 1.4332 1.5839 22.6426 -0.0000 -0.0000 0.0000 -91.3013 -5.4371 31.1228 12.9610 -21.2301 -2.4392 -0.0000 0.0000 -7.4479 20.0532 -12.8193 -4.6303 -7.1250 0.0000 -0.0000 -5.0001 16.3968 3.3983 -0.0000 -0.0000 0.0000 85.3855 4.4637 19.1806 -14.1123 22.8951 -2.8717 0.0000 -0.0000 -5.7465 -10.2037 -30.2533 5.1818 7.1250 -0.0000 -0.0000 23.8663 -59.0055 -8.4700
5.8522 16.9716 -1.7713 63.6988 -86.1657 -61.6975 0.0000 0.0000 0.0000 -14.6439 -4.2790 -4.4342 0.9875 6.3249 17.7300 0.2453 10.2821 -18.0030 0.0110 -0.6759 -1.8575 0.0000 0.0000 0.0000 13.8824 -5.4283 -4.9417 -0.6610 -5.2000 14.4799 -0.0760 -13.5952 -20.1878 -0.0691 -1.6963 4.6671 -2.7397 0.2082 -0.5455 1.1526 0.2732 3.3953 2.7346 0.0145 3.7849 0.6261 5.4049 -18.0985 1.2517 5.3635 46.4597 1.5388 1.5271 22.6130 0.0000 0.0000 0.0000 -91.2046 -4.8785 31.4050 13.1002 -21.4339 -2.4898 -0.0000 0.0000 -7.4488 19.9340 -12.4796 -4.4811 -7.1250 0.0000 -0.0000 -5.0729 16.7652 3.4075 0.0000 0.0000 0.0000 85.4129 3.9648 19.2039 -14.1606 22.9639 -2.8905 0.0000 -0.0000 -6.0143 -9.9164 -30.3836 5.0531 7.1250 -0.0000 -0.0000 24.2638 -59.0588 -8.6531
5.8781 16.9660 -1.7889 67.1344 -85.6787 -65.3846 0.0000 0.0000 0.0000 -15.1795 -4.1743 -4.2408 0.9712 6.2741 17.5817 0.2272 10.3346 -17.8436 0.0074 -0.5565 -1.5291 0.0000 0.0000 0.0000 13.3166 -5.3945 -5.0043 -0.7007 -5.3504 14.9107 -0.1065 -13.4367 -20.3119 -0.0710 -1.7188 4.7291 -3.3839 0.1670 -0.0096 1.1643 0.2162 3.2821 3.1040 -0.0242 3.3687 0.5676 5.4652 -17.8617 1.1992 5.5155 46.3703 1.5442 1.5732 22.4369 -0.0000 0.0000 0.0000 -91.3176 -4.7167 31.4988 13.0607 -21.3761 -2.4754 -0.0000 0.0000 -7.9540 20.1466 -12.7533 -4.6302 -7.1250 0.0000 -0.0000 -4.9335 16.4577 3.3462 -0.0000 0.0000 0.0000 85.2990 3.7565 19.2180 -14.1540 22.9544 -2.8879 0.0000 -0.0000 -5.7483 -9.6426 -30.3685 4.9094 7.1250 -0.0000 -0.0000 24.5311 -58.9837 -8.7110
5.8937 16.9669 -1.8021 64.9085 -85.9153 -63.2002 0.0000 0.0000 0.0000 -14.8155 -4.1778 -4.2429 0.9647 6.2535 17.5217 0.2237 10.3457 -17.8141 0.0063 -0.5119 -1.4067 0.0000 0.0000 0.0000 13.6975 -5.2814 -5.0679 -0.7166 -5.4098 15.0811 -0.1055 -13.5327 -20.4275 -0.0604 -1.5852 4.3605 -3.0119 0.2037 -0.2107 1.2814 0.2591 3.3836 3.0187 -0.0002 3.5839 0.5316 5.3279 -17.4741 1.1955 5.3299 46.1497 1.4618 1.5364 21.7869 0.0000 -0.0000 0.0000 -91.4575 -4.7898 31.3819 13.0510 -21.3619 -2.4718 -0.0000 0.0000 -7.8184 20.3892 -12.0756 -4.4462 -7.1250 0.0000 -0.0000 -4.7451 17.1506 3.1457 0.0000 -0.0000 0.0000 85.3777 3.8154 19.1387 -14.1636 22.9680 -2.8916 0.0000 -0.0000 -5.8801 -10.1301 -30.2832 5.1483 7.1250 -0.0000 -0.0000 23.9653 -59.0159 -8.5138
5.8986 16.9661 -1.8056 63.4260 -85.7491 -61.7982 0.0000 0.0000 0.0000 -14.9234 -4.2425 -4.2288 0.9749 6.2855 17.6151 0.2307 10.2528 -17.7916 0.0061 -0.5029 -1.3819 0.0000 0.0000 0.0000 13.5633 -5.7415 -4.9680 -0.6938 -5.3248 14.8373 -0.1094 -13.3530 -20.2335 -0.0550 -1.5138 4.1637 -3.0253 0.1200 -0.3570 1.3246 0.1489 3.4863 3.0685 -0.0622 3.7819 0.5001 5.3240 -17.7086 1.1336 5.3922 46.0968 1.4573 1.5500 21.8235 -0.0000 -0.0000 0.0000 -91.4715 -4.7841 31.3863 13.1466 -21.5016 -2.5067 -0.0000 0.0000 -8.2657 20.2315 -12.0647 -4.4050 -7.1250 0.0000 -0.0000 -4.8547 17.1760 3.2162 -0.0000 -0.0000 0.0000 85.2838 3.8973 19.2337 -14.1614 22.9650 -2.8908 0.0000 -0.0000 -5.8317 -10.0908 -30.2117 5.1172 7.1250 -0.0000 -0.0000 23.9489 -58.9425 -8.4649
5.9132 16.9660 -1.8153 60.6407 -85.9977 -59.1315 0.0000 0.0000 0.0000 -14.5347 -4.0828 -4.1918 0.9651 6.2550 17.5262 0.2197 10.2010 -17.5964 0.0129 -0.7347 -2.0190 0.0000 0.0000 0.0000 13.9866 -5.4155 -4.6297 -0.6734 -5.2473 14.6154 -0.0716 -13.7736 -20.3786 -0.0593 -1.5715 4.3228 -2.6007 0.1488 -0.3327 1.4607 0.1695 3.5481 2.9711 -0.0437 3.8300 0.5181 5.2400 -17.7222 0.8594 5.4166 45.8643 1.3118 1.5422 21.6670 0.0000 0.0000 0.0000 -91.5670 -5.0308 31.2668 12.9297 -21.1842 -2.4278 -0.0000 0.0000 -7.9916 20.4130 -12.2352 -4.5095 -7.1250 0.0000 -0.0000 -4.7332 16.9800 3.1555 0.0000 0.0000 0.0000 85.2116 4.0025 19.1117 -14.1192 22.9049 -2.8743 0.0000 -0.0000 -5.6289 -9.7480 -30.1749 4.9353 7.1250 -0.0000 -0.0000 24.2694 -58.8327 -8.5221
5.9018 16.9697 -1.8182 62.3865 -85.5913 -60.9982 0.0000 0.0000 0.0000 -15.0215 -4.1448 -3.8776 0.9479 6.2005 17.3673 0.2277 10.2281 -17.7259 0.0045 -0.4317 -1.1861 0.0000 0.0000 0.0000 13.4950 -5.7165 -4.3617 -0.6512 -5.1619 14.3710 -0.0883 -13.6346 -20.3755 -0.0532 -1.4884 4.0938 -2.9652 0.1444 -0.4958 1.3971 0.1798 3.5930 3.1122 -0.0521 3.9692 0.4279 5.0984 -17.8899 0.8177 5.2722 45.7416 1.2780 1.4750 21.6257 -0.0000 0.0000 0.0000 -91.6558 -4.8652 30.9435 12.8921 -21.1290 -2.4143 -0.0000 0.0000 -7.4585 19.8692 -12.2952 -4.4006 -7.1250 0.0000 -0.0000 -5.1130 16.9650 3.4123 -0.0000 0.0000 0.0000 85.2317 4.1318 18.4347 -13.9318 22.6371 -2.8018 0.0000 -0.0000 -5.0283 -9.4662 -29.7364 4.7278 7.1250 -0.0000 -0.0000 24.2131 -58.3744 -8.2308
5.9117 16.9756 -1.8177 61.9920 -85.7241 -60.5255 0.0000 0.0000 0.0000 -14.8830 -4.1333 -3.9078 0.9329 6.1525 17.2276 0.2162 10.3051 -17.6740 0.0056 -0.4846 -1.3316 0.0000 0.0000 0.0000 13.6645 -5.4951 -4.2358 -0.6224 -5.0488 14.0477 -0.0468 -13.9057 -20.2849 -0.0457 -1.3804 3.7962 -2.8008 0.1337 -0.5621 1.4787 0.1634 3.4045 3.1029 -0.0492 3.8116 0.0975 4.8842 -17.6521 1.0659 4.9393 45.5727 1.3804 1.3346 21.3897 0.0000 0.0000 0.0000 -91.6608 -4.2156 31.0156 13.2098 -21.5939 -2.5300 -0.0000 0.0000 -7.7297 19.3655 -11.7089 -4.0799 -7.1250 0.0000 -0.0000 -5.4511 17.6238 3.5611 0.0000 0.0000 0.0000 85.0945 3.9142 18.7140 -13.7813 22.4212 -2.7441 0.0000 -0.0000 -5.4458 -9.8329 -29.4222 4.8666 7.1250 -0.0000 -0.0000 23.6019 -58.1696 -7.8897
5.9246 16.9806 -1.8132 59.9078 -85.9040 -58.3907 0.0000 0.0000 0.0000 -14.6351 -4.2103 -3.9176 0.9192 6.1086 17.0998 0.2116 10.3534 -17.6740 0.0030 -0.3515 -0.9657 0.0000 0.0000 0.0000 13.9430 -5.2028 -4.0091 -0.5940 -4.9341 13.7208 -0.0012 -14.2655 -20.2788 -0.0437 -1.3485 3.7081 -2.6035 0.0735 -0.9672 1.6020 0.0780 3.6343 3.1193 -0.1009 4.2868 0.0644 4.6964 -17.7924 0.7498 4.8645 45.0735 1.2036 1.2895 21.0800 0.0000 0.0000 0.0000 -91.8165 -4.5799 30.7465 13.0901 -21.4191 -2.4861 -0.0000 0.0000 -7.4849 19.6151 -11.9881 -4.2335 -7.1250 0.0000 -0.0000 -5.2826 17.3099 3.4865 0.0000 0.0000 0.0000 85.0450 4.3232 18.6929 -13.8064 22.4572 -2.7537 0.0000 -0.0000 -5.4268 -9.9188 -29.8977 4.9814 7.1250 -0.0000 -0.0000 23.8783 -58.6199 -8.2510
5.9385 16.9825 -1.7984 64.5896 -85.4511 -63.1151 0.0000 0.0000 0.0000 -15.3389 -4.2214 -3.7478 0.8948 6.0291 16.8689 0.2022 10.5017 -17.7340 0.0054 -0.4752 -1.3058 0.0000 0.0000 0.0000 13.2407 -5.2599 -3.9286 -0.5800 -4.8768 13.5576 -0.0118 -14.0982 -20.1620 -0.0541 -1.5003 4.1266 -2.9901 0.0819 -0.9875 1.3877 0.1108 3.7065 3.1167 -0.0963 4.3722 0.0307 4.4291 -18.0469 0.4549 4.6408 44.7065 1.0122 1.1792 20.9091 0.0000 -0.0000 0.0000 -91.7902 -4.6545 30.4827 12.9945 -21.2792 -2.4513 -0.0000 0.0000 -7.1626 19.2290 -11.7270 -4.0552 -7.1250 0.0000 -0.0000 -5.5469 17.6159 3.6252 0.0000 -0.0000 0.0000 85.1384 4.3838 18.3692 -13.8760 22.5572 -2.7804 0.0000 -0.0000 -5.2093 -9.4422 -30.4709 4.8206 7.1250 -0.0000 -0.0000 24.8177 -59.0309 -8.8493
5.9501 16.9878 -1.7800 65.1782 -85.2386 -63.6190 0.0000 0.0000 0.0000 -15.6158 -4.0690 -3.8909 0.8838 5.9930 16.7640 0.1866 10.4815 -17.5162 0.0066 -0.5261 -1.4456 0.0000 0.0000 0.0000 12.9505 -5.1224 -3.8915 -0.5693 -4.8324 13.4311 -0.0135 -14.1948 -20.3158 -0.0478 -1.4116 3.8822 -3.1057 0.0071 -0.9998 1.2985 0.0204 3.6169 3.0846 -0.1397 4.2930 -0.0961 4.2851 -18.0033 0.4121 4.5191 44.3257 0.9820 1.1265 20.6193 0.0000 0.0000 0.0000 -91.6704 -4.4061 30.8542 13.0451 -21.3532 -2.4697 -0.0000 0.0000 -7.7486 19.2108 -11.5662 -3.9964 -7.1250 0.0000 -0.0000 -5.5568 17.7860 3.6109 0.0000 0.0000 0.0000 85.1473 4.1781 18.3929 -13.9824 22.7096 -2.8213 0.0000 -0.0000 -5.3181 -9.2822 -31.1950 4.8387 7.1250 -0.0000 -0.0000 25.5807 -59.6424 -9.5229
5.9436 16.9884 -1.7496 64.1407 -85.4603 -62.5740 0.0000 0.0000 0.0000 -15.4585 -3.8870 -4.0200 0.9040 6.0592 16.9564 0.2193 10.2480 -17.6452 0.0047 -0.4438 -1.2194 0.0000 0.0000 0.0000 13.0607 -5.5168 -3.7198 -0.5262 -4.6487 12.9093 0.0007 -14.0502 -19.9541 -0.0408 -1.3032 3.5834 -2.7819 -0.0131 -1.2041 1.3659 -0.0151 3.6610 2.9712 -0.1512 4.4564 -0.3787 3.9796 -17.9640 0.3554 4.2364 43.6887 0.9381 0.9990 20.1561 -0.0000 -0.0000 0.0000 -91.7858 -4.3588 31.1211 13.0122 -21.3051 -2.4577 -0.0000 0.0000 -7.7505 19.6587 -11.8401 -4.1922 -7.1250 0.0000 -0.0000 -5.2488 17.4616 3.4465 -0.0000 -0.0000 0.0000 85.0139 4.3994 18.1404 -13.7187 22.3311 -2.7203 0.0000 -0.0000 -5.0753 -9.5550 -30.5176 4.8857 7.1250 -0.0000 -0.0000 24.7405 -59.0982 -8.8600
5.9666 16.9944 -1.7239 66.1705 -86.0806 -64.5206 0.0000 0.0000 0.0000 -14.9577 -3.7249 -4.3386 0.9317 6.1488 17.2169 0.2318 10.2538 -17.8064 0.0005 -0.1455 -0.3998 0.0000 0.0000 0.0000 13.6028 -4.7069 -3.3600 -0.4785 -4.4359 12.3064 0.0852 -14.6410 -19.8416 -0.0432 -1.3411 3.6879 -2.4020 0.0356 -0.8058 1.5592 0.0231 3.4256 2.9571 -0.1113 3.9809 -0.5769 3.7677 -17.6166 0.2101 4.1014 42.8876 0.8603 0.9356 19.5180 -0.0000 0.0000 0.0000 -92.0155 -4.0282 30.7545 12.9398 -21.1989 -2.4315 -0.0000 0.0000 -7.5348 19.7299 -12.0380 -4.2777 -7.1250 0.0000 -0.0000 -5.2036 17.2475 3.4410 -0.0000 0.0000 0.0000 84.7943 4.0983 18.5653 -13.7950 22.4409 -2.7494 0.0000 -0.0000 -5.5403 -9.4843 -30.6006 4.8609 7.1250 -0.0000 -0.0000 24.8801 -59.1568 -8.9493
5.9631 16.9913 -1.6820 69.4781 -85.9673 -67.9680 0.0000 0.0000 0.0000 -15.3315 -3.5318 -4.1592 0.9294 6.1414 17.1951 0.2483 10.1722 -17.9127 0.0001 -0.0517 -0.1420 0.0000 0.0000 0.0000 13.1857 -4.8669 -3.1881 -0.4707 -4.4003 12.2056 0.0754 -14.4156 -19.6217 -0.0351 -1.2090 3.3241 -2.4725 0.0358 -0.9036 1.4585 0.0297 3.5350 2.8936 -0.1131 4.1497 -0.6920 3.5077 -17.5158 -0.0301 3.9153 42.0748 0.7223 0.8534 18.9767 0.0000 -0.0000 0.0000 -92.0293 -3.6986 30.9373 13.0866 -21.4140 -2.4848 -0.0000 0.0000 -7.7811 19.8315 -12.0291 -4.2983 -7.1250 0.0000 -0.0000 -5.1326 17.2484 3.3936 0.0000 -0.0000 0.0000 84.7603 4.1577 18.4300 -13.8189 22.4753 -2.7585 0.0000 -0.0000 -5.5421 -9.4657 -31.4843 4.9765 7.1250 -0.0000 -0.0000 25.6403 -59.9425 -9.7325
5.9740 16.9858 -1.6334 74.5513 -85.6457 -72.9568 0.0000 0.0000 0.0000 -15.9820 -3.5819 -4.1466 0.9224 6.1188 17.1294 0.2725 10.2033 -18.2373 0.0041 0.4121 1.1323 0.0000 0.0000 0.0000 12.5175 -4.7539 -3.3893 -0.4806 -4.4457 12.3339 0.0481 -14.1999 -19.6241 -0.0436 -1.3471 3.7044 -2.8305 0.0269 -1.1017 1.2758 0.0417 3.5954 2.9073 -0.1192 4.3254 -0.5917 3.3320 -17.6029 -0.2515 3.7592 41.4477 0.5695 0.8093 18.6262 -0.0000 0.0000 0.0000 -91.8878 -3.8581 31.1869 13.0411 -21.3474 -2.4682 -0.0000 0.0000 -7.8922 19.0919 -11.8331 -4.0599 -7.1250 0.0000 -0.0000 -5.6446 17.5160 3.7021 -0.0000 0.0000 0.0000 84.8258 4.4428 18.0588 -13.7171 22.3288 -2.7197 0.0000 -0.0000 -5.0901 -9.6141 -31.5024 5.0582 7.1250 -0.0000 -0.0000 25.5036 -59.9931 -9.7076
5.9637 16.9826 -1.5864 78.4223 -85.9212 -77.0097 0.0000 0.0000 0.0000 -15.9227 -2.9374 -4.1500 0.9370 6.1657 17.2659 0.2796 10.0033 -18.0969 0.0008 0.1785 0.4903 0.0000 0.0000 0.0000 12.5060 -4.8755 -3.2900 -0.4866 -4.4728 12.4107 0.0082 -13.7889 -19.4992 -0.0423 -1.3279 3.6514 -2.6658 0.0590 -1.0096 1.3772 0.0701 3.6780 2.9211 -0.1044 4.3568 -1.0123 3.1857 -18.0001 -0.2301 3.7534 41.0583 0.6626 0.7644 18.4848 0.0000 0.0000 0.0000 -92.1276 -3.8391 31.0048 13.0467 -21.3556 -2.4703 -0.0000 0.0000 -7.3124 19.4932 -11.4779 -4.0292 -7.1250 0.0000 -0.0000 -5.3574 17.8559 3.4719 0.0000 0.0000 0.0000 84.6419 4.3986 18.0614 -13.7959 22.4421 -2.7497 0.0000 -0.0000 -5.2677 -9.9965 -30.2905 5.0805 7.1250 -0.0000 -0.0000 24.1077 -58.9927 -8.5546
5.9744 16.9800 -1.5378 82.4525 -86.0181 -80.9642 0.0000 0.0000 0.0000 -16.0168 -2.8684 -4.5043 0.9899 6.3323 17.7516 0.3249 9.8016 -18.4082 0.0026 0.3294 0.9052 0.0000 0.0000 0.0000 12.4115 -4.4571 -3.2052 -0.4642 -4.3700 12.1200 0.0931 -14.1984 -19.0882 -0.0221 -0.9600 2.6387 -2.7930 -0.0118 -0.7988 1.4184 -0.0235 3.4312 3.0296 -0.1445 3.9873 -1.1389 3.0767 -17.6644 -0.2662 3.6814 40.3223 0.6476 0.7451 17.9565 -0.0000 -0.0000 0.0000 -92.1546 -3.5064 31.0898 13.0746 -21.3964 -2.4804 -0.0000 0.0000 -7.1783 20.3096 -11.3447 -4.1639 -7.1250 0.0000 -0.0000 -4.7820 17.9296 3.0884 -0.0000 -0.0000 0.0000 84.5295 4.1429 18.3908 -13.8174 22.4730 -2.7579 0.0000 -0.0000 -5.4988 -9.6748 -31.0292 5.0221 7.1250 -0.0000 -0.0000 25.0393 -59.5844 -9.2702
5.9757 16.9778 -1.4831 85.5284 -86.5989 -83.8449 0.0000 0.0000 0.0000 -15.5768 -2.6156 -5.0632 1.0546 6.5298 18.3295 0.3686 9.4948 -18.5856 0.0013 0.2324 0.6385 0.0000 0.0000 0.0000 12.8405 -4.2827 -3.2527 -0.4429 -4.2699 11.8373 0.1335 -14.3272 -18.7897 -0.0179 -0.8644 2.3757 -2.2624 -0.0433 -1.2004 1.4935 -0.0772 3.4804 2.8072 -0.1604 4.2678 -1.2037 2.9186 -17.6002 -0.2382 3.5146 39.4579 0.6400 0.7166 17.4448 -0.0000 -0.0000 0.0000 -91.9395 -3.7026 31.3478 13.0601 -21.3752 -2.4752 -0.0000 0.0000 -7.4039 20.4637 -11.4333 -4.2305 -7.1250 0.0000 -0.0000 -4.6760 17.8231 3.0305 -0.0000 -0.0000 0.0000 84.6191 4.2508 18.3982 -13.8283 22.4887 -2.7621 0.0000 -0.0000 -5.4541 -9.8071 -30.4725 5.0097 7.1250 -0.0000 -0.0000 24.4469 -59.1143 -8.7563
5.9606 16.9732 -1.4229 91.9768 -86.3003 -90.4709 0.0000 0.0000 0.0000 -16.1994 -2.1324 -4.9761 1.0911 6.6382 18.6479 0.3929 9.3708 -18.7326 0.0000 -0.0112 -0.0309 0.0000 0.0000 0.0000 12.1965 -4.5663 -3.1318 -0.4382 -4.2479 11.7752 0.1126 -13.8723 -18.3551 -0.0109 -0.6750 1.8550 -2.4838 0.0295 -1.0091 1.2702 0.0355 3.3386 2.7046 -0.1001 4.0043 -1.0974 2.7791 -17.2636 -0.4075 3.3595 38.7687 0.5100 0.6761 16.9882 0.0000 0.0000 0.0000 -91.7761 -3.3413 31.2996 13.0347 -21.3380 -2.4659 -0.0000 0.0000 -7.2742 20.5186 -11.6176 -4.3100 -7.1250 0.0000 -0.0000 -4.6423 17.6236 3.0289 0.0000 0.0000 0.0000 84.8999 3.8752 17.9549 -13.7693 22.4039 -2.7395 0.0000 -0.0000 -5.1012 -9.6328 -30.3209 4.8975 7.1250 -0.0000 -0.0000 24.5029 -58.9387 -8.6735
5.9624 16.9712 -1.3740 98.0358 -86.1141 -96.7920 0.0000 0.0000 0.0000 -16.4927 -1.8762 -4.8446 1.1025 6.6718 18.7467 0.4172 9.2976 -18.9300 0.0030 0.3555 0.9767 0.0000 0.0000 0.0000 11.8424 -4.2903 -2.8576 -0.4393 -4.2530 11.7896 0.1016 -13.8185 -18.4120 -0.0074 -0.5545 1.5238 -2.9227 0.0282 -0.7437 1.2364 0.0397 3.3835 2.9162 -0.1112 3.9018 -1.2770 2.6509 -17.1789 -0.2365 3.1992 38.1315 0.5877 0.6379 16.6166 0.0000 0.0000 0.0000 -91.6669 -3.5925 31.1819 12.9309 -21.1860 -2.4283 -0.0000 0.0000 -7.0348 20.9834 -11.5759 -4.4009 -7.1250 0.0000 -0.0000 -4.3157 17.6276 2.8142 0.0000 0.0000 0.0000 84.9564 3.9152 18.0983 -13.7611 22.3922 -2.7364 0.0000 -0.0000 -5.3079 -9.6512 -30.5007 4.9331 7.1250 -0.0000 -0.0000 24.6287 -59.1046 -8.8206
5.9566 16.9750 -1.3317 107.3360 -86.2500 -106.0280 0.0000 0.0000 0.0000 -16.3274 -1.5136 -5.1751 1.1439 6.7917 19.0998 0.4253 9.4239 -19.1466 0.0003 0.1188 0.3264 0.0000 0.0000 0.0000 12.0693 -3.2762 -2.4208 -0.4060 -4.0906 11.3317 0.1998 -14.6011 -18.3840 -0.0195 -0.9008 2.4759 -2.9633 0.1285 -1.0988 1.2908 0.1820 3.5086 3.0038 -0.0507 4.2235 -1.4935 2.5039 -17.7098 -0.2505 3.1267 37.7830 0.6160 0.5942 16.5621 0.0000 -0.0000 0.0000 -91.6774 -3.8835 30.7144 13.0302 -21.3314 -2.4643 -0.0000 0.0000 -6.8541 20.6396 -11.3287 -4.2317 -7.1250 0.0000 -0.0000 -4.5500 17.9189 2.9387 0.0000 -0.0000 0.0000 85.0996 4.0644 18.2195 -13.7594 22.3897 -2.7358 0.0000 -0.0000 -5.5077 -10.0250 -30.2695 5.0920 7.1250 -0.0000 -0.0000 24.0618 -58.9800 -8.5297
5.9389 16.9644 -1.2657 111.4450 -86.3738 -110.3560 0.0000 0.0000 0.0000 -16.3319 -1.1226 -5.1812 1.1954 6.9374 19.5301 0.4700 9.1053 -19.3171 0.0022 0.3017 0.8288 0.0000 0.0000 0.0000 11.9832 -3.6356 -1.9615 -0.3701 -3.9078 10.8174 0.2056 -14.3534 -17.9055 -0.0035 -0.3840 1.0551 -2.7651 0.0246 -0.6690 1.2476 0.0315 3.1410 2.8377 -0.1003 3.6075 -1.5271 2.5486 -17.2618 -0.1485 3.1405 37.5947 0.6605 0.6114 16.3484 0.0000 -0.0000 0.0000 -91.5080 -3.2411 30.3554 12.9725 -21.2470 -2.4433 -0.0000 0.0000 -6.5866 20.8681 -11.5030 -4.3475 -7.1250 0.0000 -0.0000 -4.3944 17.7148 2.8574 0.0000 -0.0000 0.0000 85.3187 3.2696 18.3245 -13.7450 22.3690 -2.7303 0.0000 -0.0000 -5.4465 -9.8428 -30.4457 5.0243 7.1250 -0.0000 -0.0000 24.3888 -59.0981 -8.7243
5.9236 16.9617 -1.2117 118.3270 -86.1646 -117.2440 0.0000 0.0000 0.0000 -16.5060 -0.8368 -5.3240 1.2243 7.0180 19.7687 0.4999 9.0806 -19.6128 0.0028 0.3399 0.9338 0.0000 0.0000 0.0000 11.7746 -3.3464 -1.7881 -0.3588 -3.8481 10.6497 0.1877 -14.1548 -17.8212 -0.0093 -0.6232 1.7127 -2.8368 0.1897 -1.0957 1.1464 0.2664 3.4281 2.7864 0.0019 4.1316 -1.6874 2.2452 -17.7510 -0.0202 2.7704 37.0015 0.6856 0.4879 16.1610 -0.0000 -0.0000 0.0000 -91.4017 -4.0857 30.3223 12.7840 -20.9700 -2.3754 -0.0000 0.0000 -6.1092 20.8678 -11.1527 -4.2172 -7.1250 0.0000 -0.0000 -4.3851 18.0865 2.8153 -0.0000 -0.0000 0.0000 85.5456 3.7041 17.9282 -13.6766 22.2704 -2.7043 0.0000 -0.0000 -5.3697 -9.7168 -30.4256 4.9561 7.1250 -0.0000 -0.0000 24.5012 -59.0518 -8.7401
5.9077 16.9554 -1.1538 120.7180 -85.7412 -119.9020 0.0000 0.0000 0.0000 -17.0424 -0.7470 -5.0741 1.2643 7.1274 20.0935 0.5608 8.9762 -20.1475 0.0176 0.8560 2.3528 0.0000 0.0000 0.0000 11.2001 -3.3159 -1.3693 -0.3438 -3.7677 10.4241 0.2176 -14.1618 -17.4280 -0.0076 -0.5622 1.5449 -3.2663 0.1488 -0.7999 0.9840 0.2230 3.2707 2.8555 -0.0214 3.8037 -1.5632 2.3870 -17.6535 -0.2250 3.0258 36.8178 0.6198 0.5866 16.0493 -0.0000 0.0000 0.0000 -91.1470 -3.9126 30.4738 12.6881 -20.8286 -2.3412 -0.0000 0.0000 -6.5498 21.3282 -11.5983 -4.4885 -7.1250 0.0000 -0.0000 -4.0751 17.5736 2.6613 -0.0000 0.0000 0.0000 85.8360 3.3312 17.7842 -13.6946 22.2964 -2.7111 0.0000 -0.0000 -5.3304 -9.4939 -30.1719 4.8045 7.1250 -0.0000 -0.0000 24.5257 -58.7735 -8.5838
5.8886 16.9507 -1.0957 133.4500 -85.9330 -132.5960 0.0000 0.0000 0.0000 -16.4528 -0.3363 -5.2664 1.3195 7.2753 20.5336 0.6260 8.7882 -20.6319 0.0263 1.0479 2.8805 0.0000 0.0000 0.0000 11.7625 -3.1155 -1.1816 -0.3222 -3.6484 10.0895 0.2087 -13.9839 -17.2565 -0.0075 -0.5605 1.5402 -2.6524 0.2076 -1.1460 1.0976 0.2883 3.3657 2.6330 0.0217 4.0938 -1.7078 2.3332 -18.0351 -0.1856 3.0302 36.5180 0.6695 0.5895 15.9865 -0.0000 0.0000 0.0000 -91.1643 -4.0571 29.7661 12.7954 -20.9867 -2.3795 -0.0000 0.0000 -6.3342 20.8189 -11.2347 -4.2368 -7.1250 0.0000 -0.0000 -4.4216 18.0036 2.8470 -0.0000 0.0000 0.0000 86.0119 3.3217 17.8658 -13.7663 22.3996 -2.7384 0.0000 -0.0000 -5.2680 -9.0791 -30.8411 4.6834 7.1250 -0.0000 -0.0000 25.4910 -59.2804 -9.2635
5.8654 16.9475 -1.0418 136.7300 -85.7733 -135.9500 0.0000 0.0000 0.0000 -16.5838 0.0256 -5.3126 1.3593 7.3799 20.8460 0.6751 8.5827 -20.9312 0.0194 0.9000 2.4738 0.0000 0.0000 0.0000 11.6034 -3.2224 -0.8375 -0.2946 -3.4901 9.6465 0.2242 -13.9213 -16.9326 -0.0036 -0.3896 1.0704 -2.7912 0.1291 -1.4850 1.0941 0.1964 3.4936 2.7058 -0.0364 4.4260 -1.8394 2.3646 -18.4444 -0.2175 3.1862 36.2788 0.7144 0.6440 15.9619 -0.0000 0.0000 0.0000 -91.1978 -4.3324 29.6414 12.6739 -20.8075 -2.3362 -0.0000 0.0000 -6.3074 21.4522 -11.3292 -4.4141 -7.1250 0.0000 -0.0000 -3.9796 17.8491 2.5745 -0.0000 0.0000 0.0000 86.0209 3.4936 18.2842 -13.6986 22.3022 -2.7127 0.0000 -0.0000 -5.3984 -9.2919 -30.5869 4.7591 7.1250 -0.0000 -0.0000 25.0650 -59.1012 -8.9874
5.8454 16.9460 -0.9896 138.9490 -85.3441 -138.3120 0.0000 0.0000 0.0000 -16.9639 0.2584 -5.1011 1.3658 7.3967 20.8962 0.7097 8.6023 -21.2812 0.0308 1.1326 3.1138 0.0000 0.0000 0.0000 11.2315 -2.9873 -0.5569 -0.2860 -3.4395 9.5050 0.2272 -13.9221 -16.8908 -0.0007 -0.1722 0.4731 -3.2414 0.1231 -1.3283 1.0577 0.2041 3.2725 2.9199 -0.0364 4.1067 -2.1058 2.3272 -18.1340 -0.1351 3.1803 36.0686 0.7890 0.6213 15.7746 -0.0000 -0.0000 0.0000 -91.2409 -3.9796 29.4115 12.6396 -20.7568 -2.3240 -0.0000 0.0000 -6.2453 21.4032 -11.5168 -4.4747 -7.1250 0.0000 -0.0000 -4.0199 17.6537 2.6180 -0.0000 -0.0000 0.0000 86.0383 2.9644 18.5458 -13.8451 22.5128 -2.7685 0.0000 -0.0000 -5.6382 -9.5524 -30.8186 4.9276 7.1250 -0.0000 -0.0000 24.9895 -59.3677 -9.1195
5.8189 16.9389 -0.9303 141.5940 -84.9160 -141.0340 0.0000 0.0000 0.0000 -17.3097 0.5818 -4.9943 1.3868 7.4511 21.0588 0.7623 8.5281 -21.7124 0.0431 1.3398 3.6843 0.0000 0.0000 0.0000 10.8352 -3.0457 -0.4503 -0.2850 -3.4332 9.4874 0.1988 -13.5025 -16.5985 -0.0001 -0.0524 0.1440 -3.2884 0.2023 -1.4576 0.8460 0.3246 3.2496 2.7336 0.0261 4.1478 -1.9198 2.3080 -18.2580 -0.3116 3.1671 35.9507 0.6801 0.6208 15.7554 -0.0000 0.0000 0.0000 -91.0615 -4.1044 29.2391 12.5841 -20.6749 -2.3044 -0.0000 0.0000 -6.1348 21.1918 -11.0036 -4.2323 -7.1250 0.0000 -0.0000 -4.1531 18.2178 2.6535 -0.0000 0.0000 0.0000 86.3376 2.6903 18.4815 -13.9779 22.7031 -2.8196 0.0000 -0.0000 -5.5770 -9.2993 -31.2888 4.8608 7.1250 -0.0000 -0.0000 25.6430 -59.7299 -9.6022
5.8037 16.9300 -0.8885 149.6140 -84.5694 -149.1130 0.0000 0.0000 0.0000 -16.9784 1.1298 -5.0588 1.4188 7.5328 21.3038 0.8042 8.4086 -21.9981 0.0585 1.5613 4.2948 0.0000 0.0000 0.0000 11.2336 -1.8825 -0.0657 -0.2881 -3.4516 9.5387 0.2182 -13.8208 -16.8492 -0.0014 -0.2378 0.6533 -3.2311 0.2549 -1.6808 0.9615 0.3953 3.3587 2.8270 0.0543 4.3829 -2.3037 2.1735 -18.2184 -0.1856 3.0923 35.2746 0.7862 0.5867 15.4055 -0.0000 -0.0000 0.0000 -91.1224 -4.2108 28.8511 12.5611 -20.6407 -2.2962 -0.0000 0.0000 -5.9647 21.5121 -11.4181 -4.4617 -7.1250 0.0000 -0.0000 -3.9405 17.7491 2.5577 -0.0000 -0.0000 0.0000 86.2813 2.9077 18.7924 -13.9223 22.6236 -2.7982 0.0000 -0.0000 -5.9252 -9.5498 -30.6500 4.9020 7.1250 -0.0000 -0.0000 24.8536 -59.2159 -8.9746
5.7742 16.9257 -0.8180 143.9680 -84.0673 -143.6560 0.0000 0.0000 0.0000 -18.0944 1.3963 -4.9108 1.4403 7.5872 21.4672 0.8203 8.4025 -22.1400 0.0446 1.3624 3.7467 0.0000 0.0000 0.0000 10.0007 -2.3965 0.2103 -0.2752 -3.3742 9.3223 0.1688 -13.3245 -16.7379 -0.0033 -0.3695 1.0152 -3.9541 0.1563 -1.5553 0.6579 0.2981 3.2175 2.9121 -0.0051 4.1727 -2.2584 1.9938 -18.2207 -0.5291 2.9389 35.1005 0.6047 0.4830 15.3357 -0.0000 -0.0000 0.0000 -91.1599 -3.9854 28.7962 12.4108 -20.4178 -2.2435 -0.0000 0.0000 -5.8455 21.8738 -11.5826 -4.6084 -7.1250 0.0000 -0.0000 -3.6927 17.5415 2.4131 -0.0000 -0.0000 0.0000 86.3052 2.6556 19.0346 -13.8542 22.5259 -2.7720 0.0000 -0.0000 -6.0000 -9.6931 -30.3695 4.9356 7.1250 -0.0000 -0.0000 24.4804 -58.9960 -8.6989
5.7416 16.9294 -0.7682 150.2990 -83.8601 -149.9060 0.0000 0.0000 0.0000 -17.7665 1.8235 -4.9966 1.4469 7.6040 21.5176 0.8407 8.3624 -22.2906 0.0574 1.5461 4.2528 0.0000 0.0000 0.0000 10.3444 -1.9032 0.3600 -0.2696 -3.3400 9.2269 0.1906 -13.4284 -16.5947 -0.0000 -0.0159 0.0437 -3.7075 0.1509 -1.9568 0.7458 0.2961 3.2282 2.8672 -0.0041 4.4118 -3.0401 1.4439 -18.5154 -0.1368 2.2720 34.9520 0.7893 0.1595 15.3232 0.0000 0.0000 0.0000 -91.3293 -4.0396 28.1850 12.3260 -20.2917 -2.2140 -0.0000 0.0000 -5.4656 22.0424 -11.6954 -4.6920 -7.1250 0.0000 -0.0000 -3.5788 17.4056 2.3490 0.0000 0.0000 0.0000 86.2517 2.6400 19.4652 -13.8539 22.5254 -2.7719 0.0000 -0.0000 -6.1493 -9.8862 -30.7931 5.0985 7.1250 -0.0000 -0.0000 24.6270 -59.4208 -9.0085
5.7232 16.9244 -0.7081 149.5350 -83.2708 -149.2620 0.0000 0.0000 0.0000 -18.4457 2.0805 -4.8858 1.4740 7.6717 21.7214 0.8755 8.5084 -22.7177 0.0476 1.4079 3.8719 0.0000 0.0000 0.0000 9.6570 -1.4923 0.6151 -0.2600 -3.2806 9.0609 0.2202 -13.6215 -16.4840 -0.0022 0.3041 -0.8355 -4.2179 0.1793 -2.0911 0.5801 0.3676 3.3300 2.9877 0.0107 4.5898 -3.7540 0.9020 -19.0867 0.1373 1.6770 34.7690 0.9274 -0.1349 15.3716 -0.0000 0.0000 0.0000 -91.2931 -4.1037 28.4019 12.3498 -20.3272 -2.2223 -0.0000 0.0000 -5.8804 22.2064 -11.8068 -4.7747 -7.1250 0.0000 -0.0000 -3.4685 17.2713 2.2866 -0.0000 0.0000 0.0000 86.3169 2.8441 19.1546 -13.8131 22.4670 -2.7563 0.0000 -0.0000 -5.9023 -9.7756 -31.5238 5.1475 7.1250 -0.0000 -0.0000 25.3560 -60.0498 -9.6816
5.7036 16.9162 -0.6593 152.0550 -82.9431 -151.7340 0.0000 0.0000 0.0000 -18.4630 2.3412 -5.0443 1.5168 7.7774 22.0399 0.9438 8.1769 -23.0503 0.0756 1.7741 4.8818 0.0000 0.0000 0.0000 9.6351 -1.1336 0.8421 -0.2403 -3.1549 8.7103 0.2404 -13.7372 -16.3827 -0.0011 0.2165 -0.5949 -4.3159 0.2171 -2.0733 0.5027 0.4244 3.1682 2.9648 0.0452 4.4062 -3.8535 0.4385 -19.0071 -0.4145 1.2464 34.1836 0.6344 -0.3854 15.0970 0.0000 -0.0000 0.0000 -91.2469 -3.6409 28.5095 12.5413 -20.6115 -2.2893 -0.0000 0.0000 -6.0447 22.7383 -11.5880 -4.8121 -7.1250 0.0000 -0.0000 -3.0880 17.4562 2.0224 0.0000 -0.0000 0.0000 86.4134 2.6151 19.0749 -13.8196 22.4763 -2.7588 0.0000 -0.0000 -5.8254 -9.7052 -31.1618 5.0574 7.1250 -0.0000 -0.0000 25.1194 -59.7100 -9.3785
5.6779 16.9168 -0.6079 154.4000 -82.5418 -154.0620 0.0000 0.0000 0.0000 -18.5748 2.6283 -5.1328 1.5500 7.8581 22.2838 0.9741 8.2108 -23.3355 0.0843 1.8729 5.1545 0.0000 0.0000 0.0000 9.5830 -0.7712 1.2415 -0.2071 -2.9303 8.0846 0.3120 -14.0466 -15.8342 -0.0085 0.5965 -1.6391 -4.3985 0.2289 -2.4529 0.4250 0.4668 3.2876 2.9368 0.0544 4.7441 -4.6315 -0.1915 -18.8676 -0.2700 0.5720 33.2832 0.7129 -0.7111 14.6636 -0.0000 0.0000 0.0000 -91.1330 -3.8061 28.4259 12.4973 -20.5463 -2.2738 -0.0000 0.0000 -6.0287 22.0795 -10.6939 -4.3046 -7.1250 0.0000 -0.0000 -3.5180 18.4739 2.2262 -0.0000 0.0000 0.0000 86.5217 2.8449 18.7670 -13.7364 22.3566 -2.7270 0.0000 -0.0000 -5.5728 -9.4754 -31.2922 4.9545 7.1250 -0.0000 -0.0000 25.4656 -59.7734 -9.5571
5.6668 16.9206 -0.5507 155.9370 -82.2546 -155.4540 0.0000 0.0000 0.0000 -18.7402 2.6881 -5.2827 1.5565 7.8737 22.3312 0.9853 8.3638 -23.5481 0.0864 1.8960 5.2184 0.0000 0.0000 0.0000 9.4669 -0.4945 1.3873 -0.1809 -2.7393 7.5537 0.3471 -14.1346 -15.4317 -0.0049 0.4524 -1.2430 -4.4562 0.2080 -2.4172 0.3776 0.4410 3.1784 2.9176 0.0462 4.6118 -5.5588 -1.0215 -18.7862 -0.0436 -0.3806 32.5526 0.8016 -1.1701 14.3504 0.0000 0.0000 0.0000 -91.2079 -3.8200 28.2771 12.3468 -20.3227 -2.2213 -0.0000 0.0000 -5.8245 19.8985 -10.4982 -3.7733 -7.1250 0.0000 -0.0000 -5.0553 18.8553 3.1625 0.0000 0.0000 0.0000 86.6023 2.9934 18.6383 -13.6768 22.2708 -2.7044 0.0000 -0.0000 -5.4788 -9.4543 -30.8377 4.8790 7.1250 -0.0000 -0.0000 25.1055 -59.3626 -9.1620
5.6356 16.9167 -0.4947 155.8620 -81.7865 -155.4960 0.0000 0.0000 0.0000 -19.1863 2.9916 -5.1461 1.5698 7.9058 22.4282 1.0153 8.4600 -23.8731 0.0854 1.8854 5.1890 0.0000 0.0000 0.0000 9.0090 -0.2702 2.0781 -0.1426 -2.4333 6.7047 0.4211 -14.4844 -14.8675 -0.0081 0.5821 -1.5995 -4.8192 0.1803 -2.2618 0.2825 0.4136 3.0390 3.0194 0.0307 4.3802 -6.1140 -1.7372 -18.7309 -0.3580 -1.1330 32.2347 0.6381 -1.5953 14.2338 -0.0000 0.0000 0.0000 -91.2794 -3.4060 28.0906 12.3917 -20.3894 -2.2369 -0.0000 0.0000 -5.7916 19.5772 -10.4203 -3.6804 -7.1250 0.0000 -0.0000 -5.2817 18.9612 3.2929 -0.0000 0.0000 0.0000 86.4959 2.6637 19.0898 -13.7062 22.3131 -2.7156 0.0000 -0.0000 -5.8105 -9.7817 -30.6371 5.0209 7.1250 -0.0000 -0.0000 24.6061 -59.2567 -8.9026
5.6113 16.9240 -0.4390 159.0740 -81.6253 -158.4290 0.0000 0.0000 0.0000 -19.0291 3.0773 -5.3531 1.5675 7.9003 22.4117 1.0441 8.5058 -24.1458 0.1193 2.2271 6.1337 0.0000 0.0000 0.0000 9.2408 -0.0821 2.3734 -0.1079 -2.1182 5.8325 0.4696 -14.7692 -14.6010 -0.0155 0.8028 -2.2063 -4.5580 0.1639 -2.6501 0.3096 0.4008 2.9436 2.9026 0.0328 4.5026 -6.9326 -2.4631 -18.3284 -0.1636 -1.9970 31.4987 0.7163 -2.0105 13.8728 0.0000 -0.0000 0.0000 -91.2339 -3.3573 28.1631 12.2582 -20.1907 -2.1906 -0.0000 0.0000 -6.1247 20.1769 -11.1635 -4.0695 -7.1250 0.0000 -0.0000 -4.8711 18.1317 3.1247 0.0000 -0.0000 0.0000 86.4814 2.5476 19.1770 -13.7652 22.3981 -2.7380 0.0000 -0.0000 -5.7757 -9.5524 -30.5829 4.8937 7.1250 -0.0000 -0.0000 24.7962 -59.1563 -8.9164
5.5858 16.9266 -0.3731 156.3700 -81.2375 -155.6250 0.0000 0.0000 0.0000 -19.8968 3.0194 -5.2248 1.5341 7.8195 22.1671 1.0732 8.5930 -24.4492 0.1627 2.5987 7.1633 0.0000 0.0000 0.0000 8.3542 0.0960 2.3836 -0.1008 -2.0472 5.6360 0.5039 -14.8808 -14.2030 -0.0328 1.1699 -3.2164 -4.9762 0.1349 -3.0343 -0.0146 0.4176 3.0729 2.8047 0.0203 4.8572 -7.3837 -3.1603 -18.7656 0.0130 -2.8435 31.1066 0.7156 -2.3779 13.8487 0.0000 -0.0000 0.0000 -91.1133 -3.6861 27.7307 12.2128 -20.1230 -2.1750 -0.0000 0.0000 -5.4527 19.8218 -11.0582 -3.9550 -7.1250 0.0000 -0.0000 -5.1188 18.2712 3.2690 0.0000 -0.0000 0.0000 86.6773 3.0493 18.9002 -13.6000 22.1600 -2.6754 0.0000 -0.0000 -5.6592 -9.2060 -31.2303 4.8033 7.1250 -0.0000 -0.0000 25.6887 -59.6564 -9.5751
5.5566 16.9260 -0.3202 156.0080 -80.7951 -155.2620 0.0000 0.0000 0.0000 -20.3669 3.0663 -4.9859 1.5001 7.7363 21.9159 1.0907 8.7221 -24.6888 0.1894 2.8026 7.7298 0.0000 0.0000 0.0000 7.9085 0.4245 2.5548 -0.0953 -1.9904 5.4791 0.5517 -15.1968 -14.0093 -0.0714 1.7240 -4.7435 -5.4123 0.0906 -3.1040 -0.0901 0.3871 3.0088 2.9690 -0.0070 4.8333 -7.6688 -3.5409 -18.9869 -0.1545 -3.2097 30.9160 0.6306 -2.5821 13.8388 0.0000 -0.0000 0.0000 -91.1701 -3.6829 27.4924 12.0207 -19.8357 -2.1093 -0.0000 0.0000 -5.5695 19.8937 -10.8362 -3.8920 -7.1250 0.0000 -0.0000 -5.0643 18.4993 3.2083 0.0000 -0.0000 0.0000 86.6279 2.7835 19.3083 -13.7348 22.3543 -2.7264 0.0000 -0.0000 -6.0070 -10.0033 -30.3480 5.0927 7.1250 -0.0000 -0.0000 24.1465 -59.0460 -8.6006
5.5332 16.9314 -0.2673 157.7250 -80.4414 -156.9010 0.0000 0.0000 0.0000 -20.4379 3.3465 -5.1686 1.5176 7.7792 22.0454 1.1046 8.7992 -24.8589 0.1788 2.7234 7.5097 0.0000 0.0000 0.0000 7.8881 0.4944 3.6194 -0.0404 -1.2980 3.5692 0.6162 -15.5162 -13.4734 -0.0434 1.3450 -3.6987 -5.4546 0.1633 -2.9366 -0.1151 0.4713 2.7237 2.9706 0.0520 4.4314 -8.0029 -3.9621 -18.6496 -0.0782 -3.7700 30.6246 0.6276 -2.8454 13.6793 0.0000 -0.0000 0.0000 -91.1933 -3.2554 27.1902 12.0000 -19.8046 -2.1023 -0.0000 0.0000 -5.1592 20.1918 -10.8999 -3.9781 -7.1250 0.0000 -0.0000 -4.8552 18.4089 3.0846 0.0000 -0.0000 0.0000 86.5519 2.2681 19.9220 -13.7680 22.4021 -2.7391 0.0000 -0.0000 -6.9149 -11.0051 -29.6288 5.4917 7.1250 -0.0000 -0.0000 22.5633 -58.6149 -7.7628
5.5294 16.9388 -0.2087 159.8220 -80.2785 -158.8110 0.0000 0.0000 0.0000 -20.4100 3.1857 -5.3903 1.5305 7.8108 22.1408 1.1003 9.0945 -25.0533 0.1927 2.8271 7.7976 0.0000 0.0000 0.0000 7.9432 0.1952 5.2521 0.0000 -0.0000 0.0000 0.8044 -16.4395 -11.5767 -0.0715 1.7246 -4.7453 -5.2549 0.2254 -3.2661 -0.1531 0.5707 2.9300 2.8293 0.0931 4.8269 -8.2802 -4.4133 -18.9472 0.0700 -4.3041 30.1304 0.6411 -3.0580 13.5714 0.0000 0.0000 0.0000 -90.9402 -3.8541 27.6108 11.9447 -19.7216 -2.0836 -0.0000 0.0000 -5.5924 20.0151 -10.9004 -3.9405 -7.1250 0.0000 -0.0000 -4.9797 18.4223 3.1628 0.0000 0.0000 0.0000 86.7698 2.8730 19.1840 -13.7297 22.3469 -2.7245 0.0000 -0.0000 -6.1808 -10.7070 -29.7582 5.3613 7.1250 -0.0000 -0.0000 22.9666 -58.6674 -7.9403
5.5185 16.9374 -0.1468 157.6710 -80.0066 -156.6870 0.0000 0.0000 0.0000 -21.1805 2.9758 -5.1658 1.4987 7.7329 21.9056 1.1139 9.3492 -25.3596 0.2153 2.9872 8.2432 0.0000 0.0000 0.0000 7.2475 0.5942 4.4201 -0.0093 -0.6226 1.7108 0.7258 -15.9985 -12.2619 -0.0755 1.7730 -4.8787 -5.7982 0.1567 -3.0941 -0.2918 0.4978 2.8458 2.9827 0.0467 4.6474 -8.6426 -4.6623 -18.8277 0.2649 -4.5944 29.6806 0.7361 -3.1809 13.3890 -0.0000 -0.0000 0.0000 -90.9853 -3.7411 27.4050 11.9126 -19.6735 -2.0728 -0.0000 0.0000 -4.9842 20.3587 -11.0020 -4.0508 -7.1250 0.0000 -0.0000 -4.7397 18.2877 3.0234 -0.0000 -0.0000 0.0000 86.6962 2.8187 19.1269 -13.7344 22.3537 -2.7263 0.0000 -0.0000 -5.7651 -9.9952 -29.8279 5.0098 7.1250 -0.0000 -0.0000 23.7465 -58.5736 -8.1754
5.4918 16.9336 -0.0736 152.5370 -79.5092 -151.4630 0.0000 0.0000 0.0000 -22.6568 2.8471 -5.2076 1.4895 7.7102 21.8372 1.1226 9.4635 -25.5171 0.2562 3.2566 8.9941 0.0000 0.0000 0.0000 5.7022 0.3500 5.2040 0.0000 0.0000 -0.0000 0.8389 -16.6591 -11.3554 -0.0536 1.4934 -4.1075 -6.8125 0.0636 -3.2017 -0.6169 0.4353 2.6196 3.2084 -0.0031 4.4802 -9.0578 -4.9261 -18.4603 0.4080 -4.9265 29.4349 0.8136 -3.3492 13.2471 0.0000 0.0000 0.0000 -91.0418 -3.4306 27.0587 11.9138 -19.6753 -2.0732 -0.0000 0.0000 -4.8374 20.1939 -11.1506 -4.0686 -7.1250 0.0000 -0.0000 -4.8589 18.1439 3.1154 0.0000 0.0000 0.0000 86.6373 2.5760 19.1991 -13.7152 22.3261 -2.7190 0.0000 -0.0000 -5.9206 -11.3995 -28.8011 5.5482 7.1250 -0.0000 -0.0000 21.5536 -57.9389 -7.0396
5.4744 16.9357 -0.0176 159.0770 -79.5960 -157.6870 0.0000 0.0000 0.0000 -21.6473 2.9170 -5.5507 1.5169 7.7775 22.0404 1.1540 9.5235 -25.8060 0.2883 3.4528 9.5421 0.0000 0.0000 0.0000 6.7632 0.7985 5.0284 0.0000 0.0000 -0.0000 0.8996 -17.1181 -11.2861 -0.0294 1.1076 -3.0450 -5.8062 0.1769 -3.5053 -0.3809 0.5526 2.5998 2.9012 0.0828 4.6194 -9.3130 -5.2047 -18.4126 0.7082 -5.3213 29.0611 0.9107 -3.4920 13.1225 0.0000 0.0000 0.0000 -90.9090 -3.6636 27.2195 11.8325 -19.5529 -2.0459 -0.0000 0.0000 -5.1311 20.3218 -11.6091 -4.2621 -7.1250 0.0000 -0.0000 -4.7798 17.6492 3.1166 0.0000 0.0000 0.0000 86.7966 2.6712 18.7818 -13.6757 22.2693 -2.7040 0.0000 -0.0000 -5.6280 -11.1671 -28.7692 5.4273 7.1250 -0.0000 -0.0000 21.7679 -57.8595 -7.0718
5.4568 16.9332 0.0463 158.9100 -79.3536 -157.6140 0.0000 0.0000 0.0000 -22.0354 2.8128 -5.3828 1.5506 7.8596 22.2885 1.2575 9.2593 -26.3845 0.3563 3.8351 10.6131 0.0000 0.0000 0.0000 6.4009 1.0079 5.1150 0.0000 0.0000 -0.0000 0.9123 -17.2252 -11.3266 -0.0291 1.1005 -3.0255 -5.8760 0.2493 -3.2000 -0.4771 0.6294 2.4501 2.8424 0.1329 4.2824 -9.4819 -5.4305 -18.3836 0.5933 -5.5631 29.0534 0.8516 -3.6318 13.1330 0.0000 -0.0000 0.0000 -90.7186 -3.4484 27.7403 11.9297 -19.6991 -2.0785 -0.0000 0.0000 -5.5306 20.6095 -11.4236 -4.2597 -7.1250 0.0000 -0.0000 -4.5735 17.8209 2.9639 0.0000 -0.0000 0.0000 86.8717 2.3253 18.8629 -13.8086 22.4605 -2.7546 0.0000 -0.0000 -5.7576 -11.1658 -29.0614 5.4767 7.1250 -0.0000 -0.0000 21.9792 -58.1288 -7.2892
5.4429 16.9255 0.1004 158.8460 -79.0886 -157.4580 0.0000 0.0000 0.0000 -22.3844 2.9625 -5.4265 1.5518 7.8624 22.2968 1.3000 9.1511 -26.6182 0.4267 4.1922 11.6182 0.0000 0.0000 0.0000 6.0909 1.2359 5.1036 0.0000 -0.0000 0.0000 0.8907 -17.0716 -11.3842 -0.0220 0.9567 -2.6298 -6.0937 0.2533 -3.5243 -0.4939 0.6725 2.5243 2.9533 0.1383 4.5399 -9.2745 -5.4571 -18.4078 0.2187 -5.5274 28.7578 0.6827 -3.6319 12.9945 0.0000 -0.0000 0.0000 -90.6763 -3.5610 27.7024 12.0253 -19.8426 -2.1109 -0.0000 0.0000 -5.5892 20.2231 -11.3909 -4.1613 -7.1250 0.0000 -0.0000 -4.8437 17.8879 3.1330 0.0000 -0.0000 0.0000 86.8617 2.5081 19.1251 -13.8498 22.5196 -2.7703 0.0000 -0.0000 -5.9688 -11.1718 -29.4846 5.5520 7.1250 -0.0000 -0.0000 22.2843 -58.5194 -7.6088
5.4084 16.9221 0.1574 157.8050 -78.9327 -156.4570 0.0000 0.0000 0.0000 -22.9348 3.1761 -5.3200 1.5401 7.8341 22.2114 1.2394 9.5036 -26.4358 0.3610 3.8595 10.6818 0.0000 0.0000 0.0000 5.5874 1.2595 5.2496 0.0000 0.0000 -0.0000 0.8879 -17.1091 -11.6352 -0.0236 0.9909 -2.7237 -6.2348 0.2525 -3.8480 -0.6174 0.7095 2.5800 2.9099 0.1449 4.7799 -9.5927 -5.5855 -18.2758 0.5175 -5.7110 28.5943 0.8244 -3.7014 12.9331 0.0000 0.0000 0.0000 -90.5143 -3.5669 28.0030 11.9465 -19.7243 -2.0842 -0.0000 0.0000 -5.7465 20.5287 -11.6003 -4.3061 -7.1250 0.0000 -0.0000 -4.6347 17.6409 3.0222 0.0000 0.0000 0.0000 86.9892 2.4492 19.1551 -13.7467 22.3714 -2.7309 0.0000 -0.0000 -6.3954 -10.0878 -30.0320 5.0882 7.1250 -0.0000 -0.0000 23.8105 -58.7790 -8.3179
5.4005 16.9300 0.2050 158.4580 -78.7748 -156.9670 0.0000 0.0000 0.0000 -23.1190 3.2664 -5.5350 1.5255 7.7985 22.1038 1.1013 10.3168 -26.0415 0.2545 3.2457 8.9634 0.0000 0.0000 0.0000 5.5212 1.5019 5.0127 0.0000 -0.0000 0.0000 0.9311 -17.3572 -11.2711 -0.0585 1.5611 -4.2941 -6.2205 0.2459 -3.5925 -0.5949 0.6718 2.3299 2.9191 0.1451 4.3756 -9.8191 -5.6762 -18.2473 0.5405 -5.7755 28.4961 0.8607 -3.7481 12.9025 -0.0000 -0.0000 0.0000 -90.5294 -3.3510 27.4935 11.8523 -19.5828 -2.0525 -0.0000 0.0000 -5.0154 21.1530 -12.3743 -4.7400 -7.1250 0.0000 -0.0000 -4.2232 16.7650 2.8333 -0.0000 -0.0000 0.0000 87.0995 2.1538 19.5597 -13.9030 22.5958 -2.7907 0.0000 -0.0000 -6.4896 -10.9977 -29.6202 5.4865 7.1250 -0.0000 -0.0000 22.5644 -58.6054 -7.7579
5.3822 16.9135 0.2552 154.0680 -78.5362 -152.6760 0.0000 0.0000 0.0000 -24.2638 3.3301 -5.4886 1.5309 7.8117 22.1435 1.1302 9.9940 -25.9986 0.2961 3.4993 9.6720 0.0000 0.0000 0.0000 4.3069 1.3218 5.1006 0.0000 -0.0000 0.0000 0.9377 -17.3904 -11.1903 -0.0781 1.8025 -4.9603 -6.9893 0.1856 -3.7007 -0.8044 0.6474 2.3812 3.1304 0.1052 4.4928 -10.0760 -5.7338 -17.9898 0.5246 -5.7814 28.0565 0.9087 -3.7667 12.6825 0.0000 0.0000 0.0000 -90.5324 -3.6851 27.2528 11.6158 -19.2260 -1.9740 -0.0000 0.0000 -4.6331 20.4859 -11.6315 -4.3076 -7.1250 0.0000 -0.0000 -4.6655 17.6116 3.0454 0.0000 0.0000 0.0000 87.0857 2.1026 19.8229 -14.0587 22.8186 -2.8509 0.0000 -0.0000 -6.6515 -11.3729 -29.6160 5.6766 7.1250 -0.0000 -0.0000 22.1764 -58.6846 -7.6585
5.3754 16.9258 0.2829 156.8900 -78.6484 -155.2470 0.0000 0.0000 0.0000 -23.7149 3.1532 -5.6808 1.5418 7.8381 22.2235 1.2171 9.6303 -26.3671 0.4143 4.1319 11.4480 0.0000 0.0000 0.0000 4.8426 1.4751 4.9094 0.0000 0.0000 -0.0000 0.9146 -17.3318 -11.7122 -0.0301 1.1201 -3.0794 -6.4387 0.1844 -3.9256 -0.7163 0.6337 2.4046 2.9154 0.1103 4.6477 -9.9078 -5.8988 -18.5885 0.2990 -5.9200 28.2221 0.7520 -3.8344 12.8678 0.0000 -0.0000 0.0000 -90.2368 -4.0129 26.9875 11.5912 -19.1888 -1.9659 -0.0000 0.0000 -4.4243 19.9035 -10.9642 -3.9394 -7.1250 0.0000 -0.0000 -5.0596 18.3637 3.2205 0.0000 -0.0000 0.0000 87.3674 2.1916 20.0755 -14.1127 22.8957 -2.8718 0.0000 -0.0000 -6.8501 -11.4776 -29.3468 5.6828 7.1250 -0.0000 -0.0000 21.8688 -58.4599 -7.4263
5.3850 16.9194 0.3127 155.6540 -78.5635 -154.0320 0.0000 0.0000 0.0000 -24.1068 3.1104 -5.7042 1.5503 7.8588 22.2860 1.2536 9.4005 -26.4622 0.4607 4.3540 12.0747 0.0000 0.0000 0.0000 4.4487 1.4772 4.7950 0.0000 0.0000 -0.0000 0.9373 -17.4739 -11.5854 -0.0369 1.2394 -3.4079 -6.7848 0.1181 -3.8977 -0.6739 0.5632 2.4713 3.1477 0.0595 4.7080 -10.0867 -5.8638 -18.5250 0.1288 -5.7605 28.0589 0.7472 -3.8018 12.7831 -0.0000 -0.0000 0.0000 -90.3161 -4.1483 27.0900 11.5028 -19.0548 -1.9369 -0.0000 0.0000 -4.9445 20.7185 -11.2955 -4.2370 -7.1250 0.0000 -0.0000 -4.4937 17.9476 2.8993 -0.0000 -0.0000 0.0000 87.2930 2.4488 20.3884 -14.0668 22.8301 -2.8540 0.0000 -0.0000 -6.9516 -10.9048 -30.1167 5.5215 7.1250 -0.0000 -0.0000 23.0403 -59.0386 -8.1750
5.3610 16.9110 0.3362 155.6990 -78.5890 -154.2550 0.0000 0.0000 0.0000 -24.1831 3.2128 -5.4939 1.5620 7.8870 22.3714 1.2626 9.3873 -26.5192 0.4604 4.3524 12.0702 0.0000 0.0000 0.0000 4.3728 1.4229 5.0195 0.0000 -0.0000 0.0000 0.9681 -17.6590 -11.3711 -0.0644 1.6374 -4.5045 -6.5929 0.2457 -3.9453 -0.7356 0.7310 2.5538 2.9895 0.1445 4.8056 -10.2303 -6.0276 -18.2719 0.2324 -6.0051 27.8203 0.7791 -3.9033 12.6588 -0.0000 -0.0000 0.0000 -90.2520 -4.1119 26.6897 11.5103 -19.0663 -1.9394 -0.0000 0.0000 -4.1710 20.6147 -11.1752 -4.1698 -7.1250 0.0000 -0.0000 -4.5636 18.0836 2.9309 -0.0000 -0.0000 0.0000 87.4367 2.2591 20.5934 -14.1920 23.0085 -2.9027 0.0000 -0.0000 -7.1718 -10.9045 -29.5558 5.4285 7.1250 -0.0000 -0.0000 22.6112 -58.5258 -7.7314
5.3585 16.9122 0.3429 157.8990 -78.7788 -156.4030 0.0000 0.0000 0.0000 -23.6853 3.2691 -5.6682 1.5947 7.9653 22.6086 1.2686 9.3264 -26.5175 0.4515 4.3109 11.9530 0.0000 0.0000 0.0000 4.8993 1.4386 4.9563 0.0000 -0.0000 0.0000 0.9791 -17.7390 -11.3626 -0.0750 1.7667 -4.8614 -6.1050 0.3616 -3.8379 -0.7007 0.8481 2.5342 2.7607 0.2221 4.7147 -10.4416 -6.2123 -18.2575 0.6663 -6.3291 27.7540 0.9252 -4.0049 12.6721 -0.0000 -0.0000 0.0000 -90.1440 -4.2387 25.9249 11.3576 -18.8343 -1.8897 -0.0000 0.0000 -3.1428 20.3249 -11.5164 -4.2294 -7.1250 0.0000 -0.0000 -4.7754 17.7468 3.1034 -0.0000 -0.0000 0.0000 87.7519 2.3220 20.4089 -14.0240 22.7691 -2.8374 0.0000 -0.0000 -7.0485 -11.7076 -28.1906 5.5912 7.1250 -0.0000 -0.0000 20.8147 -57.4382 -6.5297
5.3575 16.9067 0.3459 156.2530 -78.8990 -154.8510 0.0000 0.0000 0.0000 -23.9705 3.2168 -5.7115 1.6228 8.0318 22.8107 1.2760 9.1898 -26.4693 0.3473 3.7866 10.4771 0.0000 0.0000 0.0000 4.6140 1.1761 5.0280 0.0000 -0.0000 0.0000 0.9769 -17.6927 -11.2192 -0.0820 1.8474 -5.0840 -6.3513 0.3405 -3.8086 -0.7636 0.8369 2.6667 2.8323 0.2014 4.8374 -10.6413 -6.3759 -18.4298 0.8436 -6.5211 27.7099 0.9876 -4.0794 12.7181 -0.0000 -0.0000 0.0000 -90.0973 -4.4445 25.4176 11.3178 -18.7738 -1.8769 -0.0000 0.0000 -2.2669 20.1462 -11.2061 -4.0780 -7.1250 0.0000 -0.0000 -4.8936 18.0893 3.1438 -0.0000 -0.0000 0.0000 87.8607 2.4611 20.4593 -14.0202 22.7635 -2.8359 0.0000 -0.0000 -7.1773 -11.6301 -28.8276 5.6675 7.1250 -0.0000 -0.0000 21.3370 -58.0134 -7.0031
5.3533 16.9115 0.3398 156.9720 -79.2716 -155.5400 0.0000 0.0000 0.0000 -23.6192 2.9222 -5.6909 1.6395 8.0710 22.9299 1.3024 9.0102 -26.5311 0.3662 3.8871 10.7592 0.0000 0.0000 0.0000 4.9275 0.8727 5.0338 0.0000 0.0000 0.0000 0.9651 -17.6248 -11.3165 -0.0655 1.6507 -4.5413 -6.0348 0.3741 -3.6092 -0.6857 0.8443 2.5857 2.7343 0.2231 4.6390 -10.7678 -6.4237 -18.3242 0.9487 -6.5945 27.6764 1.0389 -4.1108 12.6979 0.0000 -0.0000 0.0000 -90.0185 -4.4445 25.1848 11.2319 -18.6428 -1.8494 -0.0000 0.0000 -1.5880 19.3505 -10.8025 -3.7658 -7.1250 0.0000 -0.0000 -5.4470 18.5764 3.4435 0.0000 -0.0000 0.0000 87.9041 2.0828 20.6696 -14.1680 22.9744 -2.8934 0.0000 -0.0000 -7.6015 -10.0752 -30.2617 5.1168 7.1250 -0.0000 -0.0000 24.0043 -58.9842 -8.5102
5.3582 16.9181 0.3208 155.4030 -79.4610 -153.8460 0.0000 0.0000 0.0000 -23.7236 2.6311 -5.8523 1.6541 8.1051 23.0337 1.2828 9.0673 -26.4281 0.4249 4.1834 11.5931 0.0000 0.0000 0.0000 4.7776 0.5719 4.8879 0.0000 -0.0000 0.0000 0.9491 -17.5342 -11.4549 -0.0582 1.5564 -4.2813 -6.4176 0.2256 -3.3856 -0.6231 0.6402 2.3713 2.9961 0.1245 4.3038 -10.8481 -6.3792 -18.2307 0.8755 -6.4989 27.6570 1.0430 -4.0893 12.6664 0.0000 0.0000 0.0000 -90.0839 -4.1018 25.3842 11.2416 -18.6576 -1.8525 -0.0000 0.0000 -2.8374 19.6776 -11.4450 -4.0589 -7.1250 0.0000 -0.0000 -5.2275 17.8756 3.3847 0.0000 0.0000 0.0000 87.7835 1.8573 21.0796 -14.1642 22.9690 -2.8919 0.0000 -0.0000 -7.5672 -10.6529 -29.7685 5.3354 7.1250 -0.0000 -0.0000 23.0299 -58.6647 -7.9622
5.3393 16.9062 0.3014 155.1660 -79.7899 -153.7240 0.0000 0.0000 0.0000 -23.5433 2.6624 -5.6816 1.6734 8.1499 23.1703 1.3074 8.7713 -26.3927 0.4107 4.1139 11.3972 0.0000 0.0000 0.0000 4.9127 0.2226 5.0263 0.0000 0.0000 -0.0000 0.9670 -17.6325 -11.2849 -0.0744 1.7599 -4.8426 -6.2307 0.2188 -3.5697 -0.6020 0.6401 2.5115 2.9155 0.1189 4.5561 -10.8192 -6.4941 -18.3527 0.6741 -6.6022 27.8079 0.9368 -4.1612 12.7521 0.0000 -0.0000 0.0000 -90.0171 -4.1790 26.0270 11.1588 -18.5313 -1.8261 -0.0000 0.0000 -3.8816 20.3678 -11.2222 -4.1326 -7.1250 0.0000 -0.0000 -4.7383 18.0541 3.0470 0.0000 -0.0000 0.0000 87.7304 1.9186 21.0543 -14.1574 22.9593 -2.8892 0.0000 -0.0000 -7.4513 -11.3549 -29.0265 5.5652 7.1250 -0.0000 -0.0000 21.7608 -58.1375 -7.2168
5.3856 16.9142 0.2624 156.0960 -80.0951 -154.5990 0.0000 0.0000 0.0000 -23.0151 2.4231 -5.8995 1.6680 8.1373 23.1318 1.2514 8.8609 -26.0400 0.4180 4.1496 11.4980 0.0000 0.0000 0.0000 5.4259 0.0727 4.7620 0.0000 0.0000 -0.0000 0.9688 -17.5657 -10.8890 -0.0671 1.6714 -4.5982 -6.1804 0.3698 -3.1722 -0.4673 0.8047 2.5255 3.0347 0.2069 4.3270 -11.0506 -6.7132 -18.1638 0.7225 -6.8757 27.6372 0.9529 -4.2932 12.6770 -0.0000 0.0000 0.0000 -90.2081 -4.1556 25.6127 11.3346 -18.7994 -1.8823 -0.0000 0.0000 -3.1032 20.2701 -11.1672 -4.0912 -7.1250 0.0000 -0.0000 -4.8057 18.1203 3.0836 -0.0000 0.0000 0.0000 87.6800 1.9418 20.7323 -14.2879 23.1448 -2.9403 0.0000 -0.0000 -7.0997 -9.9365 -30.7854 5.1236 7.1250 -0.0000 -0.0000 24.5690 -59.4252 -8.9883
5.3603 16.8872 0.2307 151.0700 -80.2006 -149.8650 0.0000 0.0000 0.0000 -23.7380 2.3289 -5.2812 1.6378 8.0669 22.9174 1.2732 8.6468 -26.0468 0.4052 4.0865 11.3201 0.0000 0.0000 0.0000 4.6145 -0.5127 5.1500 0.0000 0.0000 -0.0000 0.9491 -17.4036 -10.8312 -0.0834 1.8632 -5.1279 -6.7535 0.2247 -3.3317 -0.6845 0.6651 2.7658 3.1222 0.1029 4.6841 -11.1721 -6.7608 -18.3919 0.7930 -6.8960 27.7709 0.9863 -4.3054 12.7886 0.0000 -0.0000 0.0000 -90.2600 -4.2143 25.0869 11.3955 -18.8920 -1.9020 -0.0000 0.0000 -2.8620 19.8787 -10.5735 -3.7959 -7.1250 0.0000 -0.0000 -5.0705 18.7774 3.1809 0.0000 -0.0000 0.0000 87.5599 2.1680 20.9861 -14.1758 22.9855 -2.8964 0.0000 -0.0000 -7.0162 -8.7444 -30.3787 4.4479 7.1250 -0.0000 -0.0000 25.4518 -58.7925 -8.9467
5.3689 16.8857 0.1886 147.2790 -80.4583 -146.1590 0.0000 0.0000 0.0000 -24.0517 2.6016 -5.4525 1.6243 8.0353 22.8213 1.0984 9.1022 -25.0443 0.1829 2.7542 7.5952 0.0000 0.0000 0.0000 4.3096 -0.6589 3.8302 -0.0210 -0.9345 2.5686 0.8153 -16.6778 -12.1474 -0.0634 1.6244 -4.4688 -7.1029 0.2425 -2.5756 -0.8265 0.6291 2.3953 3.1597 0.1123 3.8695 -11.2948 -6.7938 -17.8392 0.8326 -7.0156 27.8262 1.0158 -4.3792 12.7144 -0.0000 -0.0000 0.0000 -90.2061 -3.5277 25.4511 11.4315 -18.9467 -1.9137 -0.0000 0.0000 -3.1115 20.0471 -10.8422 -3.9266 -7.1250 0.0000 -0.0000 -4.9562 18.4812 3.1413 -0.0000 -0.0000 0.0000 87.5949 1.6240 20.5772 -14.0754 22.8424 -2.8573 0.0000 -0.0000 -6.5716 -8.7730 -29.9372 4.4040 7.1250 -0.0000 -0.0000 25.0705 -58.4035 -8.5641
5.3772 16.8857 0.1392 145.5440 -80.9365 -144.5220 0.0000 0.0000 0.0000 -23.7551 2.2627 -5.3782 1.6531 8.1026 23.0261 1.1634 8.5716 -25.1497 0.2114 2.9599 8.1671 0.0000 0.0000 0.0000 4.5182 -0.8842 2.7982 -0.0695 -1.7003 4.6780 0.7121 -16.1490 -13.0801 -0.0857 1.8884 -5.1973 -6.9868 0.2478 -2.7713 -0.8615 0.6637 2.8168 3.0629 0.1026 4.4194 -11.0023 -6.9402 -18.3961 0.4892 -7.1185 27.8858 0.8012 -4.4270 12.8318 0.0000 0.0000 0.0000 -90.2076 -4.2084 25.3792 11.3062 -18.7561 -1.8732 -0.0000 0.0000 -2.8631 20.6191 -11.4958 -4.2884 -7.1250 0.0000 -0.0000 -4.5687 17.7438 2.9685 0.0000 0.0000 0.0000 87.6006 2.3864 20.2767 -13.8992 22.5905 -2.7893 0.0000 -0.0000 -6.3775 -9.3691 -30.0647 4.7253 7.1250 -0.0000 -0.0000 24.5677 -58.6492 -8.5254
5.4174 16.8854 0.0648 146.6290 -81.5248 -145.6240 0.0000 0.0000 0.0000 -22.8469 2.0071 -5.4820 1.6682 8.1378 23.1334 1.1910 8.0231 -24.9636 0.2824 3.4175 9.4434 0.0000 0.0000 0.0000 5.4325 -0.9724 1.8212 -0.1255 -2.2838 6.2907 0.6276 -15.7212 -13.7716 -0.0609 1.5922 -4.3799 -6.7762 0.2975 -2.4616 -0.6679 0.6938 2.9726 3.1461 0.1180 4.4020 -11.2142 -7.0840 -18.2739 0.6623 -7.3098 27.6364 0.8763 -4.4998 12.7365 0.0000 0.0000 0.0000 -90.2398 -4.5161 25.5568 11.3163 -18.7715 -1.8765 -0.0000 0.0000 -3.5417 20.3480 -11.5625 -4.2513 -7.1250 0.0000 -0.0000 -4.7603 17.6962 3.0988 0.0000 0.0000 0.0000 87.4400 2.6222 20.3773 -14.0153 22.7566 -2.8340 0.0000 -0.0000 -6.5014 -9.6813 -30.7189 4.9805 7.1250 -0.0000 -0.0000 24.7757 -59.3075 -8.9992
5.4080 16.8802 0.0146 141.9060 -81.9032 -141.0440 0.0000 0.0000 0.0000 -23.0116 1.5359 -5.2586 1.6950 8.1995 23.3218 1.2348 7.6612 -25.0489 0.3051 3.5515 9.8181 0.0000 0.0000 0.0000 5.1044 -1.5095 1.2811 -0.1859 -2.7771 7.6587 0.5424 -15.2841 -14.4025 -0.0737 1.7508 -4.8176 -6.8204 0.2598 -2.0276 -0.8143 0.6055 2.7964 3.0093 0.0927 3.9808 -11.5221 -7.2173 -18.0666 0.8050 -7.5098 28.0094 0.9433 -4.6189 12.8838 0.0000 -0.0000 0.0000 -90.3233 -4.0218 25.3605 11.4086 -18.9119 -1.9063 -0.0000 0.0000 -3.1179 22.2563 -12.2597 -4.9665 -7.1250 0.0000 -0.0000 -3.4522 16.7819 2.3127 0.0000 -0.0000 0.0000 87.3612 2.2184 20.1999 -13.9800 22.7061 -2.8204 0.0000 -0.0000 -6.4365 -9.2358 -30.7371 4.7508 7.1250 -0.0000 -0.0000 25.2453 -59.2231 -9.1319
5.4301 16.8679 -0.0689 140.2400 -82.4339 -139.4440 0.0000 0.0000 0.0000 -22.4710 1.4123 -5.3232 1.7063 8.2255 23.4012 1.2053 7.3841 -24.6249 0.2634 3.3020 9.1206 0.0000 0.0000 0.0000 5.6042 -1.8148 0.4828 -0.2600 -3.2806 9.0610 0.4812 -14.9844 -14.8619 -0.0800 1.8244 -5.0207 -6.8068 0.2583 -1.7808 -0.7378 0.5831 2.9039 3.0782 0.0785 3.9547 -11.4610 -7.2775 -18.1159 0.7670 -7.5913 27.9975 0.9035 -4.6497 12.8898 0.0000 -0.0000 0.0000 -90.4163 -4.1248 25.2096 11.4802 -19.0206 -1.9295 -0.0000 0.0000 -3.3984 22.1042 -11.8929 -4.7845 -7.1250 0.0000 -0.0000 -3.5432 17.1888 2.3424 0.0000 -0.0000 0.0000 87.3037 2.2653 20.3150 -14.0549 22.8131 -2.8493 0.0000 -0.0000 -6.4995 -9.6569 -30.5660 4.9455 7.1250 -0.0000 -0.0000 24.6759 -59.1647 -8.8748
5.4402 16.8651 -0.1481 134.7770 -82.6703 -134.0770 0.0000 0.0000 0.0000 -22.5193 1.3279 -5.3542 1.6961 8.2022 23.3299 1.1298 7.3557 -23.9995 0.2128 2.9701 8.1954 0.0000 0.0000 0.0000 5.4300 -2.2755 -0.3139 -0.3507 -3.8047 10.5280 0.3884 -14.5594 -15.5797 -0.0531 1.4871 -4.0901 -7.2002 0.2080 -1.2772 -0.8086 0.4797 2.7585 3.2160 0.0338 3.5281 -11.6942 -7.2682 -17.7061 0.9778 -7.6376 27.9788 1.0272 -4.6742 12.8234 -0.0000 -0.0000 0.0000 -90.5349 -3.5148 25.1424 11.6930 -19.3426 -1.9994 -0.0000 0.0000 -3.1943 21.8891 -11.9125 -4.7409 -7.1250 0.0000 -0.0000 -3.6941 17.1880 2.4426 -0.0000 -0.0000 0.0000 87.2052 2.1067 20.2344 -14.0410 22.7933 -2.8440 0.0000 -0.0000 -6.2878 -9.3163 -30.5344 4.7644 7.1250 -0.0000 -0.0000 24.9974 -59.0597 -8.9360
5.4508 16.8661 -0.2353 131.6800 -83.1084 -131.0570 0.0000 0.0000 0.0000 -22.0926 1.1594 -5.3329 1.6995 8.2100 23.3537 1.1212 7.0730 -23.7320 0.1926 2.8263 7.7956 0.0000 0.0000 0.0000 5.7958 -2.6565 -0.7869 -0.4171 -4.1454 11.4862 0.3264 -14.3200 -16.1139 -0.0459 1.3831 -3.8035 -7.1592 0.2208 -0.9498 -0.7804 0.4656 2.7674 3.2198 0.0329 3.3531 -11.8926 -7.3654 -17.6681 1.1783 -7.7934 28.1448 1.1062 -4.7423 12.9152 0.0000 0.0000 0.0000 -90.5461 -3.4633 25.2854 11.7227 -19.3874 -2.0093 -0.0000 0.0000 -3.2930 21.4784 -11.5317 -4.4976 -7.1250 0.0000 -0.0000 -3.9677 17.6311 2.5858 0.0000 0.0000 0.0000 87.1045 1.9955 20.3862 -14.1821 22.9944 -2.8989 0.0000 -0.0000 -6.4851 -9.1180 -31.0937 4.7382 7.1250 -0.0000 -0.0000 25.6627 -59.5146 -9.4766
5.4646 16.8655 -0.3273 128.8830 -83.6442 -128.1950 0.0000 0.0000 0.0000 -21.4894 0.9469 -5.5447 1.7128 8.2404 23.4466 1.1033 6.7798 -23.3815 0.1481 2.4796 6.8330 0.0000 0.0000 0.0000 6.3775 -2.9912 -1.2512 -0.4737 -4.4140 12.2444 0.2956 -14.2512 -16.4602 -0.0435 1.3454 -3.6998 -6.9649 0.2033 -1.1584 -0.7450 0.4634 3.0262 3.1493 0.0165 3.7416 -11.9210 -7.3794 -17.7037 1.4752 -7.8765 28.0568 1.2115 -4.7355 12.9061 0.0000 -0.0000 0.0000 -90.5256 -3.8160 25.3282 11.7214 -19.3855 -2.0088 -0.0000 0.0000 -3.5679 21.7277 -11.5823 -4.5745 -7.1250 0.0000 -0.0000 -3.7949 17.5549 2.4790 0.0000 -0.0000 0.0000 87.1479 2.4594 20.1629 -14.1572 22.9591 -2.8892 0.0000 -0.0000 -6.3927 -9.3484 -30.4162 4.7643 7.1250 -0.0000 -0.0000 24.8689 -58.9608 -8.8267
5.4716 16.8611 -0.4163 123.5660 -83.9393 -122.8980 0.0000 0.0000 0.0000 -21.2572 0.6329 -5.3487 1.6928 8.1944 23.3062 1.0959 6.5157 -23.1404 0.1592 2.5706 7.0855 0.0000 0.0000 0.0000 6.5350 -3.6784 -1.9256 -0.5552 -4.7730 13.2623 0.2173 -13.7732 -16.7825 -0.0524 1.4774 -4.0633 -6.9328 0.2050 -1.0142 -0.7869 0.4541 3.0713 3.0866 0.0127 3.7081 -12.0132 -7.4129 -17.9404 1.6674 -7.9498 28.5492 1.2718 -4.7637 13.1777 -0.0000 -0.0000 0.0000 -90.5885 -3.7576 25.3452 11.7486 -19.4266 -2.0179 -0.0000 0.0000 -3.3832 21.5301 -11.5845 -4.5297 -7.1250 0.0000 -0.0000 -3.9332 17.5704 2.5685 -0.0000 -0.0000 0.0000 86.9824 2.5799 20.2646 -14.1506 22.9497 -2.8866 0.0000 -0.0000 -6.7576 -9.1976 -30.8185 4.7422 7.1250 -0.0000 -0.0000 25.3515 -59.2871 -9.2128
5.4855 16.8618 -0.5164 117.7650 -84.0432 -117.0310 0.0000 0.0000 0.0000 -21.1184 0.5257 -5.3437 1.6515 8.0990 23.0152 1.0364 6.4183 -22.5689 0.1220 2.2515 6.2013 0.0000 0.0000 0.0000 6.6519 -3.9248 -2.7210 -0.6672 -5.2237 14.5477 0.0645 -12.9646 -17.6106 -0.0578 1.5510 -4.2662 -7.2351 0.2145 -0.5213 -0.8216 0.4205 2.7676 3.2154 0.0163 3.1159 -11.4479 -6.9053 -18.0518 1.4967 -7.3837 29.3313 1.2038 -4.5105 13.4416 0.0000 -0.0000 0.0000 -90.5617 -3.2304 25.4344 11.6874 -19.3342 -1.9976 -0.0000 0.0000 -3.4937 21.2163 -11.6383 -4.4779 -7.1250 0.0000 -0.0000 -4.1546 17.5409 2.7165 0.0000 -0.0000 0.0000 86.9713 2.1836 20.2910 -14.0394 22.7910 -2.8433 0.0000 -0.0000 -6.6084 -9.6587 -30.0686 4.8740 7.1250 -0.0000 -0.0000 24.2764 -58.7168 -8.4564
5.4949 16.8583 -0.6167 114.2480 -84.3843 -113.4110 0.0000 0.0000 0.0000 -20.5886 0.4197 -5.4047 1.6289 8.0462 22.8545 0.9858 6.3794 -22.1004 0.0893 1.9270 5.3040 0.0000 0.0000 0.0000 7.1548 -4.3410 -3.5026 -0.7672 -5.5934 15.6090 -0.0123 -12.5382 -17.9901 -0.0537 1.4960 -4.1147 -7.0586 0.2239 -1.4274 -0.8127 0.5310 3.4280 3.1361 0.0166 4.3090 -10.2109 -6.2006 -19.1023 1.2424 -6.5273 29.6906 1.0279 -4.0267 13.6729 -0.0000 -0.0000 0.0000 -90.4699 -4.2742 25.6845 11.6910 -19.3396 -1.9988 -0.0000 0.0000 -3.7005 21.3224 -11.1996 -4.3355 -7.1250 0.0000 -0.0000 -4.0669 17.9982 2.6179 -0.0000 -0.0000 0.0000 86.9968 3.1852 20.0762 -14.0646 22.8270 -2.8531 0.0000 -0.0000 -6.1962 -9.5888 -30.6863 4.9276 7.1250 -0.0000 -0.0000 24.8434 -59.2573 -8.9955
5.5132 16.8528 -0.7243 108.6190 -84.4164 -107.8950 0.0000 0.0000 0.0000 -20.3354 0.1903 -5.2198 1.6000 7.9778 22.6467 0.9511 6.2211 -21.6828 0.0813 1.8387 5.0601 0.0000 0.0000 0.0000 7.3614 -4.6439 -3.8073 -0.8403 -5.8473 16.3419 -0.0754 -12.3619 -18.5304 -0.0468 1.3956 -3.8381 -7.3987 0.2148 -0.6940 -0.7447 0.4526 3.2055 3.3888 -0.0063 3.6676 -9.2102 -5.0500 -19.5991 1.0965 -5.1259 30.5432 1.0421 -3.3563 13.9988 0.0000 0.0000 0.0000 -90.7536 -3.8651 25.1770 11.5892 -19.1857 -1.9652 -0.0000 0.0000 -3.2484 21.2316 -11.4594 -4.4137 -7.1250 0.0000 -0.0000 -4.1384 17.7298 2.6886 0.0000 0.0000 0.0000 86.7713 3.0043 20.3769 -14.0325 22.7812 -2.8407 0.0000 -0.0000 -6.2701 -9.6311 -30.0932 4.8634 7.1250 -0.0000 -0.0000 24.3238 -58.7329 -8.4837
5.5215 16.8555 -0.8247 103.7280 -84.4025 -103.1060 0.0000 0.0000 0.0000 -20.1477 -0.0187 -5.0167 1.5569 7.8748 22.3345 0.8790 6.5035 -21.2219 0.0344 1.1975 3.2923 0.0000 0.0000 0.0000 7.5255 -5.0790 -3.9500 -0.8875 -6.0049 16.7988 -0.1712 -11.9184 -19.0909 -0.0207 0.9296 -2.5550 -7.5773 0.2640 0.1779 -0.7292 0.4235 2.7243 3.4990 0.0243 2.6749 -7.9386 -3.6994 -19.4081 0.8141 -3.5633 31.1799 0.9991 -2.6086 14.0852 0.0000 0.0000 0.0000 -90.8787 -2.7669 24.9468 11.7065 -19.3630 -2.0039 -0.0000 0.0000 -3.2203 20.8305 -12.1117 -4.5642 -7.1250 0.0000 -0.0000 -4.4388 17.0731 2.9489 0.0000 0.0000 0.0000 86.6290 2.0535 20.7378 -14.2645 23.1115 -2.9311 0.0000 -0.0000 -6.5974 -9.7535 -30.9322 5.0494 7.1250 -0.0000 -0.0000 24.8779 -59.5155 -9.1644
5.5319 16.8620 -0.9289 99.3409 -84.6233 -98.7202 0.0000 0.0000 0.0000 -19.5773 -0.2981 -5.0721 1.5435 7.8422 22.2359 0.8284 6.5809 -20.8041 0.0185 0.8775 2.4117 0.0000 0.0000 0.0000 8.0768 -5.5183 -4.0874 -0.8941 -6.0267 16.8619 -0.1844 -11.8715 -19.1846 -0.0176 0.8575 -2.3568 -7.3336 0.3129 -0.1817 -0.7108 0.5347 3.2441 3.3872 0.0431 3.4076 -6.4339 -2.5724 -20.2462 0.2514 -2.1468 31.4054 0.7633 -1.8945 14.2492 0.0000 -0.0000 0.0000 -90.8133 -3.4548 25.4627 11.8254 -19.5422 -2.0435 -0.0000 0.0000 -3.6701 20.8423 -12.2170 -4.6060 -7.1250 0.0000 -0.0000 -4.4339 16.9604 2.9566 0.0000 -0.0000 0.0000 86.6473 3.0682 20.4861 -14.1297 22.9198 -2.8784 0.0000 -0.0000 -6.6580 -9.8727 -30.5732 5.0588 7.1250 -0.0000 -0.0000 24.4611 -59.2198 -8.8243
5.5612 16.8685 -1.0412 94.7403 -85.0744 -93.8580 0.0000 0.0000 0.0000 -18.6813 -0.7535 -5.3712 1.5238 7.7945 22.0915 0.7991 6.5707 -20.5169 0.0137 0.7555 2.0762 0.0000 0.0000 0.0000 9.0372 -5.4530 -4.4536 -0.9127 -6.0875 17.0386 -0.1923 -12.1255 -19.5877 -0.0030 0.3557 -0.9772 -7.0116 0.3696 -0.2649 -0.5455 0.6108 3.2587 3.3818 0.0873 3.4604 -5.4392 -1.5403 -20.1003 0.1915 -0.9755 31.4138 0.7828 -1.2807 14.1549 0.0000 -0.0000 0.0000 -90.7344 -3.4717 26.1922 11.8262 -19.5435 -2.0438 -0.0000 0.0000 -4.1869 20.8999 -12.7552 -4.8192 -7.1250 0.0000 -0.0000 -4.4122 16.3850 2.9974 0.0000 -0.0000 0.0000 86.6068 3.2854 20.0454 -14.2194 23.0476 -2.9135 0.0000 -0.0000 -6.3839 -9.9403 -30.8703 5.1383 7.1250 -0.0000 -0.0000 24.6351 -59.5025 -9.0604
5.5597 16.8719 -1.1388 88.1857 -85.0545 -87.2756 0.0000 0.0000 0.0000 -18.3965 -1.0749 -5.1904 1.4869 7.7038 21.8179 0.7695 6.5653 -20.2259 0.0019 0.2847 0.7823 0.0000 0.0000 0.0000 9.3419 -6.0803 -4.6345 -0.9357 -6.1617 17.2543 -0.2445 -11.8624 -19.8462 -0.0015 0.2536 -0.6968 -6.9956 0.2683 -0.3667 -0.4789 0.4848 3.3094 3.4390 0.0188 3.5848 -4.4865 -0.4575 -19.8445 -0.0015 0.3176 31.4754 0.7718 -0.6413 14.0750 0.0000 0.0000 0.0000 -90.9015 -3.5607 25.8574 11.7761 -19.4680 -2.0270 -0.0000 0.0000 -3.9365 20.4224 -12.1264 -4.4724 -7.1250 0.0000 -0.0000 -4.7234 17.0940 3.1371 0.0000 0.0000 0.0000 86.4832 3.1765 20.4115 -14.3302 23.2048 -2.9570 0.0000 -0.0000 -6.6230 -10.6058 -29.9447 5.3398 7.1250 -0.0000 -0.0000 23.2135 -58.8150 -8.1148
5.5687 16.8745 -1.2393 82.6626 -85.3553 -81.6744 0.0000 0.0000 0.0000 -17.6593 -1.4137 -5.1566 1.4589 7.6342 21.6083 0.7422 6.6241 -20.0005 0.0020 0.2856 0.7846 0.0000 0.0000 0.0000 10.0976 -6.3600 -4.7744 -0.9360 -6.1624 17.2565 -0.2764 -11.8128 -20.1336 -0.0003 0.1113 -0.3058 -6.5565 0.3106 -0.2152 -0.3559 0.5167 3.2412 3.3208 0.0542 3.4229 -3.3542 0.3585 -20.0794 -0.5085 1.2872 32.0050 0.5431 -0.1774 14.3435 0.0000 -0.0000 0.0000 -90.9367 -3.3032 26.0998 11.9324 -19.7032 -2.0795 -0.0000 0.0000 -4.0562 20.2910 -11.7331 -4.2998 -7.1250 0.0000 -0.0000 -4.8045 17.5208 3.1463 0.0000 -0.0000 0.0000 86.4185 3.1284 20.2249 -14.3939 23.2950 -2.9821 0.0000 -0.0000 -6.6763 -10.0701 -30.7928 5.1947 7.1250 -0.0000 -0.0000 24.4381 -59.4624 -8.9587
5.5761 16.8743 -1.3445 77.5428 -85.2179 -76.4289 0.0000 0.0000 0.0000 -17.3744 -1.7290 -5.0256 1.4039 7.4948 21.1898 0.6969 6.8040 -19.6843 0.0000 -0.0145 -0.0397 0.0000 0.0000 0.0000 10.4599 -6.5136 -4.8708 -0.9438 -6.1875 17.3296 -0.3148 -11.7734 -20.4957 -0.0043 -0.4246 1.1668 -6.6953 0.2827 -0.0766 -0.2529 0.4670 3.1494 3.5029 0.0326 3.2536 -2.7274 0.9609 -20.0258 -0.8952 2.0767 32.1792 0.4180 0.1757 14.4082 -0.0000 0.0000 0.0000 -91.0108 -3.1698 26.4253 12.0019 -19.8075 -2.1029 -0.0000 0.0000 -4.4091 20.2996 -11.8430 -4.3413 -7.1250 0.0000 -0.0000 -4.8013 17.4041 3.1566 -0.0000 0.0000 0.0000 86.2146 2.9070 20.6243 -14.4940 23.4365 -3.0218 0.0000 -0.0000 -7.0113 -9.9841 -30.8861 5.1637 7.1250 -0.0000 -0.0000 24.6033 -59.5268 -9.0622
5.5755 16.8790 -1.4457 72.4870 -84.9673 -71.3727 0.0000 0.0000 0.0000 -17.1843 -2.2361 -4.4667 1.2994 7.2219 20.3744 0.6363 7.1229 -19.3139 0.0000 -0.0136 -0.0375 0.0000 0.0000 0.0000 10.6905 -6.9379 -5.0033 -0.9600 -6.2389 17.4792 -0.3504 -11.6622 -20.7387 -0.0061 -0.5043 1.3857 -6.7965 0.2590 -0.5651 -0.2779 0.4870 3.5324 3.5384 0.0056 3.9291 -2.1470 1.2742 -20.1365 -1.1367 2.4294 32.0514 0.2852 0.3725 14.3833 0.0000 0.0000 0.0000 -90.9964 -3.6064 26.3989 12.0342 -19.8559 -2.1139 -0.0000 0.0000 -4.4937 20.2277 -12.6315 -4.6068 -7.1250 0.0000 -0.0000 -4.8737 16.5787 3.2925 0.0000 0.0000 0.0000 86.3518 3.2646 20.2946 -14.5757 23.5517 -3.0544 0.0000 -0.0000 -6.6613 -10.0071 -31.0311 5.1975 7.1250 -0.0000 -0.0000 24.7000 -59.6624 -9.1815
5.5837 16.8875 -1.5394 69.4122 -84.7636 -68.0329 0.0000 0.0000 0.0000 -17.0246 -2.8193 -4.2410 1.2107 6.9801 19.6565 0.5558 7.7473 -18.9882 0.0014 -0.2386 -0.6555 0.0000 0.0000 0.0000 10.9813 -6.9822 -5.2169 -0.9328 -6.1522 17.2267 -0.3216 -11.9866 -20.8108 -0.0048 -0.4465 1.2268 -6.8191 0.2486 -0.4672 -0.2681 0.4609 3.3018 3.5593 0.0093 3.6351 -2.1274 1.3490 -20.1165 -1.1082 2.5170 32.2526 0.3082 0.4090 14.4682 0.0000 -0.0000 0.0000 -91.0920 -3.3656 26.1696 12.2099 -20.1186 -2.1739 -0.0000 0.0000 -4.2589 19.6485 -11.7402 -4.1551 -7.1250 0.0000 -0.0000 -5.2539 17.5676 3.4376 0.0000 -0.0000 0.0000 86.2673 3.0541 20.4091 -14.4386 23.3583 -2.9998 0.0000 -0.0000 -6.8193 -9.4825 -31.4368 4.9788 7.1250 -0.0000 -0.0000 25.5822 -59.9041 -9.6850
5.5789 16.9027 -1.6355 61.6143 -85.2738 -60.0019 0.0000 0.0000 0.0000 -15.8703 -3.2753 -4.0410 1.1385 6.7760 19.0534 0.5093 8.0643 -18.7662 0.0032 -0.3658 -1.0050 0.0000 0.0000 0.0000 12.2565 -7.1597 -5.2669 -0.8935 -6.0247 16.8561 -0.3172 -12.1358 -20.9375 -0.0095 -0.6280 1.7258 -6.0453 0.2644 -1.0208 -0.0149 0.5035 3.4183 3.3947 0.0360 4.0644 -2.2402 1.3631 -19.8522 -0.9120 2.5114 31.8643 0.4060 0.4387 14.2297 -0.0000 -0.0000 0.0000 -91.1496 -3.5911 26.3616 12.2000 -20.1039 -2.1705 -0.0000 0.0000 -4.3150 19.4548 -11.9904 -4.1970 -7.1250 0.0000 -0.0000 -5.3944 17.3209 3.5596 -0.0000 -0.0000 0.0000 86.3219 3.2925 19.6812 -14.3548 23.2397 -2.9667 0.0000 -0.0000 -6.4066 -9.6223 -30.5380 4.9235 7.1250 -0.0000 -0.0000 24.6884 -59.1316 -8.8599
5.5624 16.9003 -1.7152 59.0697 -84.4692 -57.5633 0.0000 0.0000 0.0000 -16.3424 -3.9003 -3.3530 1.0708 6.5783 18.4719 0.4688 8.5063 -18.7290 0.0077 -0.5677 -1.5600 0.0000 0.0000 0.0000 11.8324 -8.1835 -5.0961 -0.8701 -5.9475 16.6320 -0.3527 -11.8213 -20.9418 -0.0117 -0.6980 1.9181 -6.5302 0.1439 -0.8124 -0.1245 0.3421 3.3829 3.5446 -0.0538 3.9279 -2.2254 1.3207 -19.8950 -0.9913 2.4721 31.9581 0.3645 0.4089 14.2834 0.0000 0.0000 0.0000 -91.2442 -3.2548 26.4162 12.3111 -20.2696 -2.2089 -0.0000 0.0000 -4.3020 19.8969 -12.2613 -4.3953 -7.1250 0.0000 -0.0000 -5.0929 16.9983 3.3951 0.0000 0.0000 0.0000 86.2035 3.1298 19.9901 -14.2892 23.1466 -2.9408 0.0000 -0.0000 -6.7136 -9.9634 -30.0226 5.0230 7.1250 -0.0000 -0.0000 23.9302 -58.7428 -8.3418
5.5744 16.9106 -1.8038 57.7894 -84.3181 -55.9984 0.0000 0.0000 0.0000 -16.1159 -4.4621 -3.1537 0.9826 6.3098 17.6859 0.3961 9.1400 -18.5343 0.0127 -0.7268 -1.9974 0.0000 0.0000 0.0000 12.1742 -8.0621 -5.5816 -0.8916 -6.0186 16.8384 -0.3573 -11.9058 -21.0840 -0.0135 -0.7503 2.0621 -6.5958 0.1418 -0.6331 -0.0916 0.3193 3.0270 3.6134 -0.0410 3.4569 -2.3817 1.3228 -19.4058 -0.8326 2.4416 31.9760 0.4454 0.3967 14.1776 -0.0000 -0.0000 0.0000 -91.2105 -2.8274 26.7651 12.3803 -20.3726 -2.2329 -0.0000 0.0000 -5.0000 19.9196 -12.0753 -4.3353 -7.1250 0.0000 -0.0000 -5.0724 17.1920 3.3598 -0.0000 -0.0000 0.0000 86.2284 2.5717 19.7043 -14.4931 23.4352 -3.0214 0.0000 -0.0000 -6.1220 -9.9285 -30.1572 5.0254 7.1250 -0.0000 -0.0000 24.0715 -58.8570 -8.4615
5.5705 16.9050 -1.8789 54.4807 -84.2878 -52.5539 0.0000 0.0000 0.0000 -15.6885 -4.8144 -2.9559 0.9363 6.1634 17.2592 0.3730 9.3672 -18.5033 0.0132 -0.7427 -2.0412 0.0000 0.0000 0.0000 12.6532 -8.1524 -5.6868 -0.8948 -6.0289 16.8683 -0.4148 -11.7319 -21.4658 -0.0263 -1.0477 2.8800 -6.2927 0.1402 -0.9652 -0.0482 0.3371 3.1242 3.4910 -0.0351 3.7437 -2.5329 1.0949 -19.4353 -0.6722 2.1114 31.8752 0.4792 0.2649 14.1380 0.0000 -0.0000 0.0000 -91.2013 -2.9173 26.9637 12.4167 -20.4266 -2.2456 -0.0000 0.0000 -5.1271 19.7962 -12.0026 -4.2808 -7.1250 0.0000 -0.0000 -5.1566 17.2793 3.4061 0.0000 -0.0000 0.0000 86.2365 2.7978 19.4739 -14.3946 23.2960 -2.9824 0.0000 -0.0000 -5.9056 -10.2290 -29.9096 5.1415 7.1250 -0.0000 -0.0000 23.5714 -58.6994 -8.1827
5.5760 16.9141 -1.9585 50.6460 -84.4601 -48.5982 0.0000 0.0000 0.0000 -15.0151 -5.3460 -2.8685 0.9252 6.1279 17.1560 0.3666 9.6658 -18.7414 0.0130 -0.7370 -2.0253 0.0000 0.0000 0.0000 13.4513 -7.8832 -5.6519 -0.8751 -5.9641 16.6802 -0.3985 -12.0715 -21.6794 -0.0356 -1.2171 3.3463 -6.0324 0.0410 -1.3128 0.1797 0.2201 3.2965 3.5787 -0.1049 4.1324 -2.4840 1.0167 -19.5828 -0.9056 2.0770 31.6686 0.3726 0.2317 14.0853 0.0000 -0.0000 0.0000 -91.4331 -3.1756 26.6796 12.4626 -20.4948 -2.2617 -0.0000 0.0000 -4.7876 19.9865 -11.6897 -4.2145 -7.1250 0.0000 -0.0000 -5.0163 17.5925 3.2782 0.0000 -0.0000 0.0000 85.9646 3.3069 19.8298 -14.2372 23.0728 -2.9204 0.0000 -0.0000 -6.2515 -10.3465 -30.0612 5.2253 7.1250 -0.0000 -0.0000 23.5692 -58.8631 -8.2756
5.5798 16.9235 -2.0269 50.5933 -84.2454 -48.3638 0.0000 0.0000 0.0000 -14.9713 -5.7491 -2.7563 0.8837 5.9926 16.7630 0.3116 10.1048 -18.5845 0.0170 -0.8407 -2.3106 0.0000 0.0000 0.0000 13.5802 -7.8623 -5.8491 -0.8744 -5.9618 16.6735 -0.3987 -12.1336 -21.7497 -0.0346 -1.2011 3.3024 -6.2050 0.0135 -1.1855 0.2521 0.1746 3.0922 3.7484 -0.1193 3.8522 -2.6245 0.9281 -19.3494 -0.9958 2.0191 31.4402 0.3495 0.1845 13.9353 -0.0000 -0.0000 0.0000 -91.5991 -2.9796 26.8299 12.4418 -20.4638 -2.2544 -0.0000 0.0000 -5.1064 19.5859 -12.2103 -4.3036 -7.1250 0.0000 -0.0000 -5.3080 17.0788 3.5303 -0.0000 -0.0000 0.0000 85.8736 3.1105 19.4379 -14.3408 23.2199 -2.9612 0.0000 -0.0000 -5.7024 -10.0388 -30.5634 5.1437 7.1250 -0.0000 -0.0000 24.2832 -59.2486 -8.7722
5.5663 16.9226 -2.0915 49.6316 -84.2391 -47.5186 0.0000 0.0000 0.0000 -14.7256 -5.9346 -2.0749 0.8046 5.7249 15.9883 0.2595 10.5944 -18.5306 0.0178 -0.8605 -2.3651 0.0000 0.0000 0.0000 13.8938 -7.6134 -5.7785 -0.9117 -6.0843 17.0291 -0.4348 -12.2316 -22.2067 -0.0417 -1.3184 3.6253 -6.1428 -0.0080 -1.2564 0.3258 0.1486 3.1882 3.7893 -0.1387 3.9955 -2.6362 0.8987 -19.2689 -0.8246 1.9237 31.2404 0.4039 0.1748 13.8281 -0.0000 0.0000 0.0000 -91.6215 -3.0838 27.1781 12.3138 -20.2735 -2.2098 -0.0000 0.0000 -5.4079 19.8613 -12.0997 -4.3301 -7.1250 0.0000 -0.0000 -5.1135 17.1714 3.3895 -0.0000 0.0000 0.0000 85.6978 3.3120 19.7129 -14.2739 23.1249 -2.9348 0.0000 -0.0000 -6.1278 -10.1329 -30.3020 5.1527 7.1250 -0.0000 -0.0000 23.9774 -59.0336 -8.5287
5.5645 16.9136 -2.1381 50.7303 -83.9653 -48.5473 0.0000 0.0000 0.0000 -14.9390 -6.0177 -1.6113 0.7314 5.4640 15.2369 0.2024 10.9274 -18.2452 0.0166 -0.8310 -2.2838 0.0000 0.0000 0.0000 13.7431 -7.8093 -6.1239 -0.9483 -6.2019 17.3714 -0.4702 -11.9962 -22.2864 -0.0393 -1.2796 3.5185 -6.2505 -0.0742 -1.1156 0.2843 0.0510 2.9697 3.8018 -0.1741 3.6989 -2.6444 1.0087 -19.2375 -0.7744 2.0551 31.5792 0.4466 0.2233 13.9662 -0.0000 -0.0000 0.0000 -91.7270 -2.6909 26.9330 12.3761 -20.3663 -2.2315 -0.0000 0.0000 -5.2274 19.8978 -12.4435 -4.4596 -7.1250 0.0000 -0.0000 -5.0970 16.8065 3.4192 -0.0000 -0.0000 0.0000 85.6748 3.1314 19.5959 -14.2382 23.0743 -2.9208 0.0000 -0.0000 -6.0258 -10.4227 -30.6310 5.3542 7.1250 -0.0000 -0.0000 23.9442 -59.3967 -8.7265
5.5518 16.9138 -2.1869 48.4157 -84.0587 -46.1911 0.0000 0.0000 0.0000 -14.5779 -6.4081 -1.0891 0.6679 5.2265 14.5556 0.1455 11.5043 -18.2687 0.0206 -0.9268 -2.5474 0.0000 0.0000 0.0000 14.1643 -8.1678 -6.4329 -0.9884 -6.3279 17.7389 -0.5324 -11.5709 -22.4217 -0.0468 -1.3957 3.8383 -5.8994 -0.0923 -1.3487 0.4271 0.0296 2.9902 3.7526 -0.1811 3.8526 -2.6033 0.9404 -19.3333 -0.8556 1.9677 31.7545 0.3918 0.1725 14.0673 -0.0000 0.0000 0.0000 -91.7795 -2.6018 27.4577 12.5212 -20.5817 -2.2822 -0.0000 0.0000 -5.5169 19.8357 -12.3603 -4.4154 -7.1250 0.0000 -0.0000 -5.1380 16.8995 3.4365 -0.0000 0.0000 0.0000 85.6218 3.1467 19.1328 -14.2691 23.1181 -2.9329 0.0000 -0.0000 -5.7825 -10.0032 -30.8418 5.1670 7.1250 -0.0000 -0.0000 24.5470 -59.4912 -9.0188
5.5594 16.9167 -2.2262 49.2688 -84.0186 -46.8780 0.0000 0.0000 0.0000 -14.5684 -6.9126 -0.9343 0.6410 5.1222 14.2574 0.1109 12.0342 -18.5276 0.0160 -0.8178 -2.2476 0.0000 0.0000 0.0000 14.2280 -8.2306 -6.6714 -0.9834 -6.3121 17.6927 -0.5021 -11.5668 -22.1329 -0.0416 -1.3159 3.6183 -5.8459 -0.1660 -1.3556 0.4461 -0.0730 2.7926 3.7375 -0.2191 3.6612 -2.6688 1.0855 -19.3829 -0.6467 2.1062 32.4220 0.5098 0.2255 14.3683 -0.0000 -0.0000 0.0000 -91.7737 -2.4049 27.5655 12.4875 -20.5317 -2.2704 -0.0000 0.0000 -5.9864 19.8272 -12.1924 -4.3546 -7.1250 0.0000 -0.0000 -5.1396 17.0768 3.4176 -0.0000 -0.0000 0.0000 85.5844 2.9631 19.2846 -14.4185 23.3298 -2.9919 0.0000 -0.0000 -5.8896 -10.1315 -30.8101 5.2295 7.1250 -0.0000 -0.0000 24.3894 -59.4921 -8.9571
5.5444 16.9187 -2.2683 49.1888 -84.1397 -46.8904 0.0000 0.0000 0.0000 -14.3625 -7.1696 -0.5625 0.6323 5.0877 14.1590 0.1154 12.2251 -18.8293 0.0128 -0.7305 -2.0077 0.0000 0.0000 0.0000 14.4963 -8.2444 -6.4806 -0.9715 -6.2750 17.5843 -0.5036 -11.5717 -22.1519 -0.0371 -1.2432 3.4183 -5.6415 -0.2292 -1.7651 0.5039 -0.1356 3.0333 3.6795 -0.2658 4.1500 -1.8197 1.3192 -20.2795 -1.3635 2.4151 33.4441 0.1253 0.3210 15.0619 -0.0000 -0.0000 0.0000 -91.7370 -3.0138 27.4767 12.3958 -20.3956 -2.2383 -0.0000 0.0000 -5.7651 19.3473 -11.7026 -4.0737 -7.1250 0.0000 -0.0000 -5.4637 17.6319 3.5684 -0.0000 -0.0000 0.0000 85.5657 3.3756 19.2359 -14.3575 23.2435 -2.9677 0.0000 -0.0000 -5.7487 -9.7708 -30.4691 4.9905 7.1250 -0.0000 -0.0000 24.4811 -59.1031 -8.7628
5.5282 16.9131 -2.3072 46.4054 -84.5977 -44.1461 0.0000 0.0000 0.0000 -13.6778 -7.4115 -0.3110 0.6285 5.0728 14.1164 0.1119 12.4886 -19.1313 0.0159 -0.8153 -2.2406 0.0000 0.0000 0.0000 15.2204 -8.3783 -6.4035 -0.9572 -6.2300 17.4533 -0.5130 -11.4244 -22.0873 -0.0485 -1.4218 3.9102 -5.0956 -0.2053 -2.1951 0.7854 -0.1076 3.1561 3.6674 -0.2518 4.5164 -1.6731 1.3650 -20.4804 -1.5723 2.4871 34.1094 0.0207 0.3117 15.4299 -0.0000 -0.0000 0.0000 -91.8657 -3.2660 27.7700 12.3555 -20.3356 -2.2243 -0.0000 0.0000 -6.0149 19.5552 -12.1614 -4.2794 -7.1250 0.0000 -0.0000 -5.3283 17.1329 3.5376 -0.0000 -0.0000 0.0000 85.4741 3.6864 18.9192 -14.2107 23.0351 -2.9100 0.0000 -0.0000 -5.5789 -9.9559 -31.0539 5.1739 7.1250 -0.0000 -0.0000 24.7715 -59.6709 -9.2152
5.5230 16.9116 -2.3339 48.0932 -84.3356 -46.0219 0.0000 0.0000 0.0000 -13.9902 -7.6883 0.0855 0.6200 5.0392 14.0205 0.0861 12.8233 -19.2709 0.0141 -0.7659 -2.1049 0.0000 0.0000 0.0000 14.9024 -8.8892 -6.3826 -0.9702 -6.2708 17.5721 -0.5502 -10.9523 -21.9566 -0.0488 -1.4260 3.9217 -5.1055 -0.2585 -1.9327 0.7151 -0.1916 3.0720 3.5946 -0.2845 4.2872 -2.0932 1.4534 -20.4009 -0.9796 2.5260 34.7072 0.3474 0.3331 15.6787 -0.0000 0.0000 0.0000 -91.8087 -3.0623 28.0686 12.6010 -20.6999 -2.3104 -0.0000 0.0000 -6.3307 19.3086 -11.1192 -3.8655 -7.1250 0.0000 -0.0000 -5.4810 18.2472 3.5052 -0.0000 0.0000 0.0000 85.4349 3.4279 19.3732 -14.4102 23.3181 -2.9886 0.0000 -0.0000 -6.2682 -10.5914 -31.0973 5.5165 7.1250 -0.0000 -0.0000 24.1533 -59.8566 -9.0764
5.5338 16.9008 -2.3668 49.2239 -84.2493 -47.3250 0.0000 0.0000 0.0000 -14.0203 -7.6239 0.3610 0.5959 4.9419 13.7429 0.0619 12.9399 -19.1454 0.0149 -0.7871 -2.1633 0.0000 0.0000 0.0000 14.8969 -8.5680 -6.3129 -1.0062 -6.3828 17.8993 -0.5586 -11.1846 -22.2705 -0.0509 -1.4558 4.0039 -5.1561 -0.2984 -1.4828 0.7362 -0.2717 2.8681 3.6414 -0.3089 3.8276 -1.6166 1.6161 -19.7565 -1.3714 2.6630 35.0924 0.1124 0.3744 15.7308 0.0000 0.0000 0.0000 -91.7628 -2.8669 28.0160 12.6014 -20.7005 -2.3105 -0.0000 0.0000 -6.2344 19.6659 -11.8095 -4.1832 -7.1250 0.0000 -0.0000 -5.2432 17.4933 3.4391 0.0000 0.0000 0.0000 85.4758 3.1104 19.3187 -14.4415 23.3623 -3.0010 0.0000 -0.0000 -6.0953 -10.1596 -31.0890 5.2867 7.1250 -0.0000 -0.0000 24.5916 -59.7495 -9.1898
5.5452 16.9068 -2.3972 48.5732 -84.5642 -46.6085 0.0000 0.0000 0.0000 -13.5969 -7.7594 0.2829 0.5870 4.9054 13.6389 -0.0040 13.3888 -18.9843 0.0303 -1.1241 -3.0904 0.0000 0.0000 0.0000 15.3949 -8.0851 -6.5076 -1.0339 -6.4674 18.1467 -0.5344 -11.5153 -22.3824 -0.0517 -1.4669 4.0346 -4.7606 -0.2355 -1.3565 0.8783 -0.2128 2.6688 3.5693 -0.2575 3.5393 -1.9036 1.7147 -19.5453 -0.7776 2.6320 35.9145 0.4036 0.3717 16.0673 0.0000 -0.0000 0.0000 -91.7023 -2.6519 28.4748 12.8934 -21.1308 -2.4147 -0.0000 0.0000 -6.5268 19.7497 -11.0297 -3.9294 -7.1250 0.0000 -0.0000 -5.1691 18.3068 3.2973 0.0000 -0.0000 0.0000 85.3900 2.7611 19.2978 -14.4778 23.4136 -3.0154 0.0000 -0.0000 -6.2145 -9.7886 -30.6821 5.0311 7.1250 -0.0000 -0.0000 24.6357 -59.2987 -8.9392
5.5491 16.8995 -2.4179 49.2083 -84.4974 -47.2970 0.0000 0.0000 0.0000 -13.6221 -7.6823 0.4593 0.5656 4.8169 13.3870 -0.0106 13.3861 -18.9004 0.0251 -1.0228 -2.8115 0.0000 0.0000 0.0000 15.3268 -8.1991 -6.7409 -1.0837 -6.6166 18.5842 -0.5887 -11.1642 -22.5290 -0.0572 -1.5432 4.2448 -4.7237 -0.3780 -2.1673 0.9587 -0.3635 3.3632 3.6225 -0.3812 4.7402 -1.9430 1.9504 -20.2703 -0.4619 2.8973 36.5208 0.6073 0.4995 16.5398 0.0000 0.0000 0.0000 -91.8592 -3.9870 27.9891 13.1633 -21.5260 -2.5129 -0.0000 0.0000 -6.3767 18.7015 -9.6813 -3.2581 -7.1250 0.0000 -0.0000 -5.8986 19.7973 3.5710 0.0000 0.0000 0.0000 85.2695 3.9436 19.4957 -14.4726 23.4063 -3.0133 0.0000 -0.0000 -6.3263 -9.8109 -30.9787 5.0864 7.1250 -0.0000 -0.0000 24.8578 -59.5703 -9.1894
5.5452 16.8851 -2.4331 54.1798 -83.8725 -52.5735 0.0000 0.0000 0.0000 -14.4905 -7.3791 0.9807 0.5341 4.6830 13.0065 -0.0075 13.2912 -18.8033 0.0245 -1.0112 -2.7796 0.0000 0.0000 0.0000 14.3766 -8.6466 -6.7902 -1.1517 -6.8139 19.1652 -0.6706 -10.5736 -22.7008 -0.0566 -1.5354 4.2234 -5.2797 -0.3055 -1.5085 0.8090 -0.2768 3.0702 3.7864 -0.3286 4.0558 -2.1449 1.9998 -19.8726 -0.0505 2.7706 37.7595 0.7921 0.4158 17.0791 0.0000 0.0000 0.0000 -91.8648 -3.2687 28.6817 13.3369 -21.7788 -2.5769 -0.0000 0.0000 -6.8339 19.0184 -10.3965 -3.5593 -7.1250 0.0000 -0.0000 -5.6772 19.0267 3.5335 0.0000 0.0000 0.0000 85.2504 3.3264 18.9873 -14.2517 23.0934 -2.9261 0.0000 -0.0000 -6.3564 -9.7819 -30.5371 5.0062 7.1250 -0.0000 -0.0000 24.5248 -59.1669 -8.8176
5.5576 16.8895 -2.4566 53.4002 -83.9558 -51.6519 0.0000 0.0000 0.0000 -14.2184 -7.2945 0.9725 0.4932 4.5029 12.4959 -0.0550 13.4845 -18.4992 0.0196 -0.9037 -2.4839 0.0000 0.0000 0.0000 14.6374 -8.2740 -7.1789 -1.2146 -6.9909 19.6885 -0.6987 -10.6299 -23.0063 -0.0703 -1.7102 4.7054 -4.9712 -0.2988 -1.7709 0.8644 -0.2656 3.0702 3.6703 -0.3175 4.2003 -1.6042 2.3901 -20.0269 -0.2093 3.1252 39.1653 0.6963 0.5457 17.9084 0.0000 0.0000 0.0000 -91.6717 -3.3474 29.3413 13.5991 -22.1587 -2.6750 -0.0000 0.0000 -7.3716 18.9634 -9.6620 -3.3006 -7.1250 0.0000 -0.0000 -5.7117 19.8004 3.4563 0.0000 0.0000 0.0000 85.3801 3.2249 18.5347 -14.3234 23.1952 -2.9543 0.0000 -0.0000 -6.1132 -10.0202 -30.7117 5.1563 7.1250 -0.0000 -0.0000 24.4229 -59.3780 -8.9029
5.5535 16.8818 -2.4634 56.2610 -83.3123 -54.8438 0.0000 0.0000 0.0000 -15.0832 -7.3338 1.6257 0.4623 4.3613 12.0955 -0.0841 13.7315 -18.5018 0.0173 -0.8484 -2.3317 0.0000 0.0000 0.0000 13.7586 -8.7874 -7.1626 -1.2696 -7.1417 20.1358 -0.7412 -10.2278 -23.0112 -0.0633 -1.6227 4.4641 -5.4987 -0.4358 -1.7849 0.8454 -0.4261 3.3299 3.9386 -0.4310 4.5045 -1.7346 2.6811 -20.5100 0.0320 3.4368 40.7155 0.9054 0.6018 18.9397 -0.0000 0.0000 0.0000 -91.8651 -3.5118 29.4850 13.6993 -22.3032 -2.7129 -0.0000 0.0000 -7.5139 19.5159 -10.3923 -3.6582 -7.1250 0.0000 -0.0000 -5.3248 18.9952 3.3159 -0.0000 0.0000 0.0000 85.1432 3.5160 18.4832 -14.2409 23.0780 -2.9219 0.0000 -0.0000 -5.7575 -9.8301 -30.5276 5.0299 7.1250 -0.0000 -0.0000 24.4678 -59.1691 -8.7968
5.5653 16.8753 -2.4828 56.0673 -83.4192 -54.7678 0.0000 0.0000 0.0000 -14.8839 -7.3126 1.5751 0.4783 4.4352 12.3044 -0.0683 13.6361 -18.5563 0.0151 -0.7924 -2.1779 0.0000 0.0000 0.0000 13.9574 -8.6754 -7.1136 -1.2840 -7.1804 20.2510 -0.7525 -10.2609 -23.1412 -0.0734 -1.7482 4.8104 -5.2173 -0.4012 -1.6843 0.9661 -0.4015 3.3669 3.9076 -0.4119 4.4802 -1.3425 2.9538 -20.2028 -0.2569 3.7248 41.5476 0.7501 0.6853 19.3939 0.0000 0.0000 0.0000 -91.9020 -3.5664 29.8119 13.7409 -22.3631 -2.7287 -0.0000 0.0000 -7.6759 19.7474 -10.8071 -3.8508 -7.1250 0.0000 -0.0000 -5.1669 18.5413 3.2690 0.0000 0.0000 0.0000 85.1192 3.3636 18.3421 -14.1620 22.9658 -2.8910 0.0000 -0.0000 -5.5830 -9.8704 -30.4832 5.0442 7.1250 -0.0000 -0.0000 24.3909 -59.1383 -8.7489
5.5704 16.8691 -2.4961 51.6377 -83.9819 -50.2242 0.0000 0.0000 0.0000 -13.9689 -7.2999 1.1272 0.5146 4.5980 12.7654 -0.0264 13.3291 -18.6278 0.0289 -1.0982 -3.0190 0.0000 0.0000 0.0000 14.8531 -8.7115 -7.2412 -1.2723 -7.1490 20.1574 -0.7559 -10.2073 -23.1224 -0.0879 -1.9121 5.2629 -4.1728 -0.4065 -1.7529 1.2032 -0.4554 3.2868 3.5623 -0.4037 4.4277 -1.1779 3.0957 -20.1865 -0.2230 3.7748 42.4287 0.7449 0.6847 19.9661 0.0000 0.0000 0.0000 -91.8246 -3.3580 30.0692 13.8417 -22.5079 -2.7672 -0.0000 0.0000 -7.4936 19.9805 -11.2574 -4.0599 -7.1250 0.0000 -0.0000 -5.0111 18.0485 3.2244 0.0000 0.0000 0.0000 85.1439 3.2865 18.2543 -14.0675 22.8311 -2.8543 0.0000 -0.0000 -5.7330 -10.0621 -29.8441 5.0463 7.1250 -0.0000 -0.0000 23.6909 -58.6029 -8.1717
5.5904 16.8698 -2.5128 53.0875 -83.8313 -51.7862 0.0000 0.0000 0.0000 -14.1415 -7.3894 1.0863 0.5335 4.6803 12.9990 -0.0118 13.3166 -18.7875 0.0266 -1.0523 -2.8928 0.0000 0.0000 0.0000 14.6977 -8.5394 -7.1995 -1.2796 -7.1688 20.2164 -0.7489 -10.3606 -23.2004 -0.0903 -1.9383 5.3351 -4.1430 -0.3394 -1.4049 1.2034 -0.3826 3.2754 3.5507 -0.3618 4.2106 -1.0209 3.2096 -20.0884 -0.2068 3.8245 42.9093 0.7326 0.7051 20.2649 0.0000 0.0000 0.0000 -91.7573 -3.4538 30.5647 13.7536 -22.3814 -2.7336 -0.0000 0.0000 -7.4303 20.1868 -11.3046 -4.1223 -7.1250 0.0000 -0.0000 -4.8673 17.9819 3.1383 0.0000 0.0000 0.0000 85.2165 3.1460 17.8778 -14.1020 22.8804 -2.8677 0.0000 -0.0000 -5.4589 -9.8989 -30.1504 5.0092 7.1250 -0.0000 -0.0000 24.0963 -58.8441 -8.4634
5.6113 16.8650 -2.5373 51.4960 -83.9660 -50.2519 0.0000 0.0000 0.0000 -13.7688 -7.3193 1.0817 0.5184 4.6144 12.8120 -0.0331 13.3380 -18.5578 0.0289 -1.0980 -3.0184 0.0000 0.0000 0.0000 15.0732 -8.2085 -7.2944 -1.3160 -7.2661 20.5060 -0.7593 -10.5977 -23.5092 -0.1088 -2.1270 5.8568 -3.8184 -0.3940 -1.4619 1.3802 -0.4740 3.4443 3.5465 -0.4093 4.4252 -0.9831 3.4511 -20.0961 -0.1897 4.1688 43.1316 0.8118 0.8339 20.4167 -0.0000 -0.0000 0.0000 -91.8398 -3.1385 30.3930 14.3053 -23.1694 -2.9472 -0.0000 0.0000 -7.8296 20.2313 -11.4757 -4.1936 -7.1250 0.0000 -0.0000 -4.8400 17.7977 3.1403 -0.0000 -0.0000 0.0000 85.1209 3.2808 18.2746 -14.0951 22.8705 -2.8650 0.0000 -0.0000 -5.8290 -9.7744 -30.7859 5.0389 7.1250 -0.0000 -0.0000 24.7355 -59.3889 -9.0322
5.6107 16.8593 -2.5558 54.2317 -83.3939 -53.1095 0.0000 0.0000 0.0000 -14.4471 -7.3106 1.3700 0.4986 4.5269 12.5639 -0.0520 13.4064 -18.4226 0.0377 -1.2525 -3.4437 0.0000 0.0000 0.0000 14.3522 -8.5505 -7.4363 -1.3591 -7.3793 20.8440 -0.7872 -10.3036 -23.4818 -0.0939 -1.9767 5.4412 -4.2923 -0.4573 -1.8542 1.2768 -0.5211 3.7655 3.7019 -0.4691 4.9964 -0.8676 3.5354 -20.0275 -0.2857 4.3095 42.9603 0.7738 0.9058 20.2868 -0.0000 0.0000 0.0000 -91.8946 -3.7312 30.0533 14.0096 -22.7485 -2.8318 -0.0000 0.0000 -7.5824 20.2384 -10.9987 -4.0236 -7.1250 0.0000 -0.0000 -4.8243 18.3007 3.0764 -0.0000 0.0000 0.0000 85.2127 3.7168 17.8255 -13.9442 22.6549 -2.8066 0.0000 -0.0000 -5.3232 -9.8578 -30.6323 5.0598 7.1250 -0.0000 -0.0000 24.5245 -59.2697 -8.8785
5.6264 16.8564 -2.5718 54.1954 -83.1861 -53.1253 0.0000 0.0000 0.0000 -14.5534 -7.2009 1.4081 0.4789 4.4380 12.3124 -0.0867 13.4341 -18.0230 0.0570 -1.5412 -4.2393 0.0000 0.0000 0.0000 14.1896 -8.9193 -7.7385 -1.4064 -7.5013 21.2093 -0.8236 -9.9664 -23.4961 -0.1009 -2.0488 5.6405 -4.1150 -0.4443 -1.2849 1.2994 -0.5353 3.5064 3.6271 -0.4499 4.3988 -0.9879 3.5043 -19.7100 -0.2008 4.2412 43.0392 0.8150 0.8668 20.2377 -0.0000 0.0000 0.0000 -91.8277 -3.3972 30.6137 13.8040 -22.4538 -2.7528 -0.0000 0.0000 -7.9678 20.0748 -10.6460 -3.8624 -7.1250 0.0000 -0.0000 -4.9330 18.6860 3.1041 -0.0000 0.0000 0.0000 85.2437 3.1249 17.4509 -14.0462 22.8007 -2.8460 0.0000 -0.0000 -4.8035 -9.7603 -30.7088 5.0202 7.1250 -0.0000 -0.0000 24.6866 -59.3164 -8.9696
5.6454 16.8495 -2.5958 54.5401 -83.1852 -53.5000 0.0000 0.0000 0.0000 -14.4845 -7.3178 1.2454 0.5016 4.5404 12.6022 -0.0658 13.4133 -18.2593 0.0520 -1.4718 -4.0480 0.0000 0.0000 0.0000 14.2510 -8.9268 -7.9311 -1.4227 -7.5427 21.3335 -0.8345 -9.8315 -23.4720 -0.1045 -2.0844 5.7390 -3.9830 -0.4188 -1.1266 1.3489 -0.5143 3.4607 3.6059 -0.4318 4.2575 -0.6355 3.5845 -19.4936 -0.6251 4.4036 42.9612 0.5702 0.9314 20.1560 -0.0000 -0.0000 0.0000 -91.7971 -3.2754 30.0763 13.6572 -22.2426 -2.6970 -0.0000 0.0000 -7.7600 19.8040 -11.3521 -4.0544 -7.1250 0.0000 -0.0000 -5.1370 17.9632 3.3157 -0.0000 -0.0000 0.0000 85.2330 2.8326 17.7268 -14.0842 22.8550 -2.8607 0.0000 -0.0000 -5.2320 -9.9172 -30.4138 5.0580 7.1250 -0.0000 -0.0000 24.2872 -59.0862 -8.6782
5.6517 16.8472 -2.6259 51.9961 -83.5404 -50.9277 0.0000 0.0000 0.0000 -13.8099 -7.1930 0.9833 0.5168 4.6076 12.7927 -0.0599 13.2287 -18.0615 0.0661 -1.6588 -4.5636 0.0000 0.0000 0.0000 14.8888 -8.8741 -8.0900 -1.4355 -7.5752 21.4312 -0.8321 -9.9170 -23.5258 -0.1030 -2.0691 5.6967 -3.3169 -0.3998 -0.8103 1.4927 -0.5235 3.1529 3.3809 -0.4000 3.7499 -0.6442 3.6305 -19.2500 -0.4606 4.3729 43.1277 0.6409 0.9318 20.1876 0.0000 -0.0000 0.0000 -91.7792 -2.6977 29.5868 13.5739 -22.1222 -2.6655 -0.0000 0.0000 -7.2468 19.7309 -11.1148 -3.9552 -7.1250 0.0000 -0.0000 -5.1839 18.2187 3.3169 0.0000 -0.0000 0.0000 85.3819 2.3725 17.3568 -14.0117 22.7515 -2.8327 0.0000 -0.0000 -4.9685 -9.7801 -30.4565 4.9934 7.1250 -0.0000 -0.0000 24.4615 -59.0938 -8.7498
5.6634 16.8379 -2.6501 53.6793 -82.9571 -52.7105 0.0000 0.0000 0.0000 -14.3932 -7.3664 1.1865 0.5045 4.5532 12.6385 -0.0787 13.2718 -17.8831 0.0883 -1.9168 -5.2757 0.0000 0.0000 0.0000 14.2601 -9.2281 -8.2388 -1.4704 -7.6626 21.6940 -0.8626 -9.6254 -23.5345 -0.1162 -2.1975 6.0517 -3.6625 -0.4966 -1.4313 1.4126 -0.6238 3.7194 3.4838 -0.4927 4.7072 -0.5989 3.5853 -19.8055 -0.7819 4.5101 42.7371 0.5185 0.9722 20.1066 -0.0000 0.0000 0.0000 -91.9315 -3.3131 28.6053 13.4560 -21.9516 -2.6213 -0.0000 0.0000 -5.9649 19.5013 -11.8615 -4.1634 -7.1250 0.0000 -0.0000 -5.3593 17.4524 3.5208 -0.0000 0.0000 0.0000 85.2606 3.2735 17.4962 -13.9196 22.6196 -2.7971 0.0000 -0.0000 -5.2714 -10.0118 -30.7558 5.1586 7.1250 -0.0000 -0.0000 24.4676 -59.4159 -8.9429
5.6844 16.8306 -2.6906 55.3949 -82.5730 -54.5440 0.0000 0.0000 0.0000 -14.7429 -7.4750 1.5326 0.4664 4.3805 12.1498 -0.1266 13.6062 -17.7641 0.0928 -1.9649 -5.4087 0.0000 0.0000 0.0000 13.9193 -9.0562 -8.3859 -1.5375 -7.8279 22.1925 -0.9106 -9.5360 -23.8660 -0.1336 -2.3562 6.4911 -4.0035 -0.5142 -1.0117 1.3890 -0.6492 3.5714 3.6530 -0.5054 4.3215 -0.9001 3.5785 -19.5165 -0.4571 4.4608 42.7160 0.7170 0.9517 19.9777 0.0000 -0.0000 0.0000 -91.9718 -3.0409 28.2817 13.3170 -21.7499 -2.5696 -0.0000 0.0000 -5.6671 19.6139 -12.1335 -4.2836 -7.1250 0.0000 -0.0000 -5.2867 17.1573 3.5070 0.0000 -0.0000 0.0000 85.2486 2.9089 17.4777 -14.0483 22.8038 -2.8468 0.0000 -0.0000 -5.1163 -10.0792 -30.6070 5.1713 7.1250 -0.0000 -0.0000 24.2773 -59.2971 -8.7983
5.7072 16.8248 -2.7371 54.4739 -82.8543 -53.6786 0.0000 0.0000 0.0000 -14.2145 -7.4732 1.3954 0.4773 4.4306 12.2912 -0.1418 13.5999 -17.5512 0.1254 -2.2830 -6.2885 0.0000 0.0000 0.0000 14.4438 -8.9659 -8.5504 -1.5597 -7.8815 22.3547 -0.9151 -9.4689 -23.8479 -0.1439 -2.4445 6.7359 -3.4451 -0.4142 -0.7569 1.4686 -0.5460 3.5366 3.4270 -0.4321 4.1226 -0.9643 3.5634 -19.7159 -0.3630 4.4095 43.0453 0.7686 0.9165 20.2520 -0.0000 0.0000 0.0000 -91.7526 -2.8682 28.4040 13.3256 -21.7624 -2.5727 -0.0000 0.0000 -5.9203 19.3118 -11.8453 -4.1143 -7.1250 0.0000 -0.0000 -5.4912 17.4852 3.6043 -0.0000 0.0000 0.0000 85.3883 2.8847 17.2964 -13.9962 22.7292 -2.8266 0.0000 -0.0000 -4.7622 -9.8067 -30.3794 4.9958 7.1250 -0.0000 -0.0000 24.3723 -59.0303 -8.6779
5.7318 16.8199 -2.7770 49.4469 -83.2087 -48.6072 0.0000 0.0000 0.0000 -13.2774 -7.6485 1.1015 0.4877 4.4779 12.4253 -0.1282 13.4229 -17.4582 0.1179 -2.2135 -6.0960 0.0000 0.0000 0.0000 15.3352 -9.3237 -8.9476 -1.5838 -7.9393 22.5298 -0.9334 -9.3094 -23.8684 -0.1317 -2.3392 6.4440 -2.4781 -0.5441 -0.6499 1.7311 -0.7611 3.4634 3.1456 -0.5097 3.9909 -0.8419 3.7671 -19.5659 -0.5908 4.7792 43.0565 0.7106 1.0452 20.2310 -0.0000 -0.0000 0.0000 -91.7914 -2.8112 28.0855 13.3219 -21.7571 -2.5714 -0.0000 0.0000 -6.0587 19.5525 -11.7347 -4.1313 -7.1250 0.0000 -0.0000 -5.3208 17.5814 3.4802 -0.0000 -0.0000 0.0000 85.2358 2.8323 17.9034 -13.9954 22.7281 -2.8263 0.0000 -0.0000 -5.5379 -9.5975 -30.5775 4.9163 7.1250 -0.0000 -0.0000 24.7459 -59.1616 -8.9001
5.7537 16.8076 -2.8244 52.2640 -82.5266 -51.6544 0.0000 0.0000 0.0000 -13.9211 -7.4195 1.3074 0.4667 4.3819 12.1538 -0.1443 13.2934 -17.0339 0.1261 -2.2892 -6.3057 0.0000 0.0000 0.0000 14.6246 -9.3832 -8.9287 -1.6339 -8.0579 22.8902 -0.9959 -9.0554 -24.1814 -0.1836 -2.7598 7.6106 -2.8470 -0.4573 -0.6059 1.5212 -0.6327 3.7457 3.1410 -0.4643 4.2533 -0.7704 3.6556 -19.5998 -0.6448 4.6114 42.9421 0.6365 0.9966 20.1699 0.0000 0.0000 0.0000 -91.6707 -3.1842 27.8186 13.1619 -21.5239 -2.5124 -0.0000 0.0000 -5.2718 19.4279 -12.4296 -4.3413 -7.1250 0.0000 -0.0000 -5.4230 16.8625 3.6332 0.0000 0.0000 0.0000 85.2469 3.1561 17.6602 -13.9946 22.7270 -2.8260 0.0000 -0.0000 -5.3032 -9.9910 -30.2229 5.0675 7.1250 -0.0000 -0.0000 24.0596 -58.9303 -8.4998
5.7763 16.8023 -2.8993 51.5690 -82.8574 -51.1752 0.0000 0.0000 0.0000 -13.2262 -6.9437 1.5436 0.4252 4.1850 11.5977 -0.2127 13.4434 -16.2941 0.1286 -2.3114 -6.3670 0.0000 0.0000 0.0000 15.3311 -8.4935 -8.7879 -1.6953 -8.2003 23.3241 -1.0346 -9.4791 -24.8364 -0.2320 -3.0998 8.5568 -2.5007 -0.3320 -0.1911 1.7543 -0.4952 3.7263 3.1955 -0.3853 3.9853 -0.7869 3.7054 -19.4781 -0.8445 4.7822 43.0004 0.5742 1.0282 20.1845 -0.0000 0.0000 0.0000 -91.6912 -3.1256 27.7096 13.2411 -21.6395 -2.5415 -0.0000 0.0000 -5.4767 19.1740 -11.9920 -4.1324 -7.1250 0.0000 -0.0000 -5.5902 17.3428 3.6874 -0.0000 0.0000 0.0000 85.0844 2.9801 17.9084 -14.0662 22.8293 -2.8538 0.0000 -0.0000 -5.5937 -10.0479 -30.4605 5.1328 7.1250 -0.0000 -0.0000 24.1909 -59.1577 -8.6831
5.7860 16.7973 -2.9323 51.9485 -81.9085 -51.5924 0.0000 0.0000 0.0000 -14.0004 -7.0903 1.5511 0.4198 4.1587 11.5235 -0.2411 13.3840 -15.7572 0.1442 -2.4475 -6.7441 0.0000 0.0000 0.0000 14.4423 -9.8590 -9.2592 -1.7243 -8.2666 23.5267 -1.0522 -8.7114 -24.3708 -0.1768 -2.7084 7.4679 -2.5270 -0.3387 -0.2111 1.4881 -0.4915 3.7259 2.9341 -0.3783 3.9928 -0.7730 3.6588 -19.2812 -0.8906 4.7090 43.0920 0.5285 0.9946 20.1918 0.0000 0.0000 0.0000 -91.4891 -2.7542 28.3302 13.5389 -22.0717 -2.6524 -0.0000 0.0000 -6.1047 18.9321 -11.4155 -3.8837 -7.1250 0.0000 -0.0000 -5.7498 17.9660 3.7147 0.0000 0.0000 0.0000 85.1046 2.9596 17.4409 -13.9614 22.6796 -2.8132 0.0000 -0.0000 -5.3919 -9.9149 -30.6160 5.0871 7.1250 -0.0000 -0.0000 24.4528 -59.2679 -8.8495
5.8142 16.7873 -2.9761 50.6639 -81.4950 -50.2970 0.0000 0.0000 0.0000 -13.9651 -6.8628 1.0509 0.4365 4.2393 11.7510 -0.2243 12.8700 -15.1250 0.1273 -2.2995 -6.3341 0.0000 0.0000 0.0000 14.3643 -10.2502 -9.5354 -1.7439 -8.3110 23.6626 -1.0600 -8.6068 -24.3535 -0.1788 -2.7234 7.5095 -2.2085 -0.4080 -0.4018 1.4710 -0.5930 3.9502 2.7318 -0.4274 4.3371 -0.9669 3.6339 -19.5547 -0.8202 4.7549 43.0374 0.6171 0.9970 20.2239 -0.0000 0.0000 0.0000 -91.4722 -3.0463 28.2591 13.7139 -22.3242 -2.7185 -0.0000 0.0000 -6.3109 19.0370 -11.4737 -3.9264 -7.1250 0.0000 -0.0000 -5.6771 17.8968 3.6759 -0.0000 0.0000 0.0000 84.9688 3.3888 17.3307 -13.8442 22.5115 -2.7682 0.0000 -0.0000 -4.8231 -9.6537 -29.9965 4.8608 7.1250 -0.0000 -0.0000 24.2250 -58.6507 -8.3982
5.8447 16.7840 -3.0373 47.4249 -81.7075 -47.0657 0.0000 0.0000 0.0000 -13.0393 -6.4819 0.1089 0.5067 4.5632 12.6667 -0.1599 11.9183 -14.5590 0.1912 -2.8162 -7.7675 0.0000 0.0000 0.0000 15.2239 -9.9306 -9.4192 -1.7052 -8.2230 23.3934 -1.0396 -9.1153 -24.5853 -0.2088 -2.9418 8.1167 -1.3357 -0.3377 -0.0925 1.6521 -0.5329 3.8681 2.4322 -0.3670 4.0632 -0.8352 3.5420 -19.6123 -1.0348 4.6381 43.2576 0.4596 0.9325 20.4108 0.0000 0.0000 0.0000 -91.4966 -2.8609 28.2666 13.9202 -22.6206 -2.7974 -0.0000 0.0000 -6.5913 19.1549 -12.0085 -4.1336 -7.1250 0.0000 -0.0000 -5.6038 17.3272 3.6984 0.0000 0.0000 0.0000 84.7899 3.3433 17.4077 -13.7432 22.3664 -2.7296 0.0000 -0.0000 -5.2616 -9.6211 -31.2761 5.0294 7.1250 -0.0000 -0.0000 25.3025 -59.7928 -9.5028
5.8753 16.7977 -3.0910 45.0592 -81.3986 -44.5869 0.0000 0.0000 0.0000 -12.6409 -6.5536 -1.0635 0.5932 4.9310 13.7118 -0.1023 11.1196 -14.2262 0.2056 -2.9193 -8.0541 0.0000 0.0000 0.0000 15.4795 -10.0506 -9.6002 -1.6775 -8.1593 23.1990 -1.0485 -9.1963 -24.7207 -0.2369 -3.1324 8.6477 -0.8346 -0.2926 0.4025 1.6028 -0.4724 3.4922 2.1040 -0.3079 3.3835 -0.8626 3.4708 -19.4948 -0.8116 4.3965 43.6451 0.5190 0.8485 20.6317 -0.0000 -0.0000 0.0000 -91.3628 -2.0297 28.9117 14.1586 -22.9610 -2.8897 -0.0000 0.0000 -8.5983 19.8188 -12.6475 -4.5118 -7.1250 0.0000 -0.0000 -5.1574 16.5990 3.4835 -0.0000 -0.0000 0.0000 84.8841 2.8421 16.8584 -13.7051 22.3115 -2.7151 0.0000 -0.0000 -4.9992 -9.9082 -31.2289 5.1747 7.1250 -0.0000 -0.0000 24.9678 -59.8169 -9.3818
5.9201 16.7851 -3.1346 43.2654 -80.8962 -42.7979 0.0000 0.0000 0.0000 -12.4846 -6.0808 -1.8976 0.6407 5.1208 14.2535 -0.0430 10.0667 -13.6168 0.2310 -3.0936 -8.5395 0.0000 0.0000 0.0000 15.5220 -10.1685 -9.8712 -1.7061 -8.2250 23.3994 -1.0607 -9.3561 -24.9453 -0.2707 -3.3465 9.2451 -0.6930 -0.3823 0.3825 1.6669 -0.6056 3.7354 2.0865 -0.3776 3.6520 -0.9851 3.4219 -19.7826 -0.8579 4.4346 43.5335 0.5349 0.8467 20.6387 0.0000 0.0000 0.0000 -91.7339 -2.5327 27.1032 14.4291 -23.3449 -2.9961 -0.0000 0.0000 -5.5473 17.7923 -10.2948 -3.2824 -7.1250 0.0000 -0.0000 -6.5457 19.2175 4.0528 0.0000 0.0000 0.0000 84.5599 3.3335 17.1423 -13.6541 22.2380 -2.6958 0.0000 -0.0000 -4.8787 -9.4918 -32.5264 5.1370 7.1250 -0.0000 -0.0000 26.5436 -60.8719 -10.6973
5.9432 16.7844 -3.1714 42.8400 -80.2635 -42.4990 0.0000 0.0000 0.0000 -12.6532 -5.5674 -2.6023 0.7009 5.3513 14.9132 0.0238 8.8502 -13.0453 0.2930 -3.4810 -9.6208 0.0000 0.0000 0.0000 15.2283 -10.4133 -9.8390 -1.7041 -8.2205 23.3858 -1.0270 -9.6765 -24.9354 -0.2843 -3.4293 9.4764 -0.8733 -0.4041 0.5142 1.6279 -0.6327 3.8079 2.1476 -0.3974 3.6557 -0.9043 3.3299 -19.5047 -0.9538 4.3134 43.1721 0.4437 0.8261 20.3123 0.0000 -0.0000 0.0000 -91.8751 -2.3245 27.4178 14.5032 -23.4495 -3.0255 -0.0000 0.0000 -7.4786 19.0330 -12.3632 -4.2243 -7.1250 0.0000 -0.0000 -5.6958 16.9662 3.8048 0.0000 -0.0000 0.0000 84.2783 3.4892 16.7013 -13.5336 22.0641 -2.6504 0.0000 -0.0000 -4.3271 -8.6373 -33.2408 4.7598 7.1250 -0.0000 -0.0000 28.1018 -61.2897 -11.6629
5.9535 16.8009 -3.1957 39.7045 -80.2769 -39.4665 0.0000 0.0000 0.0000 -12.0069 -5.0419 -3.2311 0.7495 5.5297 15.4259 0.0591 8.1538 -12.7438 0.2995 -3.5189 -9.7268 0.0000 0.0000 0.0000 15.7754 -10.5952 -9.6608 -1.6630 -8.1256 23.0963 -1.0041 -9.9106 -24.9456 -0.2635 -3.3023 9.1215 -0.2568 -0.4233 0.4042 1.7897 -0.6831 3.9785 1.9659 -0.4106 3.8919 -1.0045 3.3224 -19.6814 -0.8177 4.3127 43.0934 0.5364 0.8376 20.2998 -0.0000 -0.0000 0.0000 -92.1227 -2.6180 26.4067 14.3715 -23.2632 -2.9732 -0.0000 0.0000 -7.4134 17.9925 -12.4628 -4.0092 -7.1250 0.0000 -0.0000 -6.4201 16.9494 4.2969 -0.0000 -0.0000 0.0000 83.8842 3.8640 16.4971 -13.4642 21.9636 -2.6244 0.0000 -0.0000 -4.4268 -9.9359 -30.9032 5.1409 7.1250 -0.0000 -0.0000 24.6667 -59.5310 -9.0899
5.9661 16.8106 -3.2104 39.8721 -79.9243 -39.5883 0.0000 0.0000 0.0000 -12.1560 -4.9086 -3.5327 0.7613 5.5722 15.5480 0.0731 8.0234 -12.8251 0.2290 -3.0798 -8.5010 0.0000 0.0000 0.0000 15.5648 -10.7431 -9.5809 -1.6165 -8.0170 22.7657 -0.9870 -10.0302 -24.9079 -0.2790 -3.3974 9.3873 -0.3558 -0.3979 0.3577 1.7922 -0.6520 4.0996 2.0246 -0.4012 4.0445 -1.0857 3.2147 -20.0866 -0.8973 4.2549 43.0640 0.5076 0.7951 20.4027 0.0000 0.0000 0.0000 -92.5441 -2.6635 25.2578 14.5269 -23.4830 -3.0349 -0.0000 0.0000 -5.8365 16.8921 -11.7716 -3.5451 -7.1250 0.0000 -0.0000 -7.1805 17.7508 4.6866 0.0000 0.0000 0.0000 83.4664 4.2940 15.6924 -13.3444 21.7898 -2.5797 0.0000 -0.0000 -3.8216 -8.2633 -34.1022 4.6551 7.1250 -0.0000 -0.0000 29.3493 -61.9398 -12.6849
5.9759 16.8250 -3.2210 42.3198 -79.5456 -42.1772 0.0000 0.0000 0.0000 -12.7058 -5.1797 -3.2078 0.7299 5.4586 15.2214 0.0887 8.1712 -13.2809 0.1336 -2.3557 -6.4897 0.0000 0.0000 0.0000 14.9449 -10.6549 -9.2353 -1.5792 -7.9284 22.4968 -0.9868 -10.0792 -24.9474 -0.3216 -3.6449 10.0798 -1.0172 -0.3505 0.5748 1.6634 -0.5706 4.1073 2.2669 -0.3798 3.9322 -1.0667 3.2511 -20.0897 -0.6145 4.1697 43.1519 0.6288 0.8043 20.4496 -0.0000 0.0000 0.0000 -92.5973 -2.3030 24.9645 14.5475 -23.5120 -3.0431 -0.0000 0.0000 -5.5926 16.7993 -11.7152 -3.5079 -7.1250 0.0000 -0.0000 -7.2452 17.8158 4.7190 -0.0000 0.0000 0.0000 83.1782 4.3034 15.5242 -13.2721 21.6845 -2.5529 0.0000 -0.0000 -3.8565 -9.9298 -31.7980 5.2704 7.1250 -0.0000 -0.0000 25.4357 -60.3304 -9.8860
5.9711 16.8347 -3.2181 41.0525 -79.9316 -40.8290 0.0000 0.0000 0.0000 -12.1643 -5.0940 -3.1996 0.7076 5.3762 14.9849 0.0968 8.1421 -13.3816 0.1138 -2.1754 -5.9907 0.0000 0.0000 0.0000 15.4389 -10.4892 -9.0846 -1.5246 -7.7963 22.0971 -0.9625 -10.2456 -24.8935 -0.3264 -3.6720 10.1557 -0.5472 -0.2729 0.3363 1.7239 -0.4751 4.0375 2.0671 -0.3161 3.9860 -0.8583 3.2522 -19.9176 -0.6709 4.0964 43.1089 0.5433 0.8062 20.3789 -0.0000 0.0000 0.0000 -92.5288 -1.8645 24.9593 14.4326 -23.3498 -2.9974 -0.0000 0.0000 -6.0694 17.3712 -12.2819 -3.8072 -7.1250 0.0000 -0.0000 -6.8496 17.1869 4.5526 -0.0000 0.0000 0.0000 83.1120 4.3549 14.8348 -13.1310 21.4789 -2.5011 0.0000 -0.0000 -3.2597 -9.1112 -32.9513 4.9854 7.1250 -0.0000 -0.0000 27.3348 -61.1529 -11.2275
5.9749 16.8404 -3.2024 41.9555 -80.2198 -41.4984 0.0000 0.0000 0.0000 -12.0363 -5.3664 -3.2033 0.6906 5.3128 14.8029 0.1015 8.2721 -13.6199 0.1428 -2.4355 -6.7107 0.0000 0.0000 0.0000 15.5217 -10.2078 -9.1540 -1.4899 -7.7112 21.8404 -0.9292 -10.2856 -24.6580 -0.3223 -3.6491 10.0915 -0.4715 -0.2454 0.2554 1.6855 -0.4275 3.7565 1.9860 -0.2825 3.7366 -1.0712 3.2136 -19.4065 -0.3742 3.9590 42.9435 0.6892 0.7667 20.0919 0.0000 0.0000 0.0000 -92.5099 -1.3660 24.3922 14.2933 -23.1524 -2.9424 -0.0000 0.0000 -5.5868 17.1672 -11.5735 -3.5465 -7.1250 0.0000 -0.0000 -6.9876 17.9353 4.5302 0.0000 0.0000 0.0000 82.9474 4.2552 14.6336 -12.9897 21.2721 -2.4495 0.0000 -0.0000 -3.2389 -9.6792 -32.3372 5.2128 7.1250 -0.0000 -0.0000 26.1766 -60.7498 -10.4609
5.9679 16.8401 -3.1727 42.8883 -80.4131 -42.4145 0.0000 0.0000 0.0000 -12.0833 -5.4963 -2.9324 0.6725 5.2438 14.6054 0.0935 8.3481 -13.5811 0.1641 -2.6099 -7.1946 0.0000 0.0000 0.0000 15.4021 -10.2241 -9.0973 -1.4719 -7.6665 21.7057 -0.9255 -10.1040 -24.4715 -0.2907 -3.4671 9.5821 -0.4250 -0.1795 0.0765 1.5930 -0.3395 3.8409 1.8668 -0.2371 3.9210 -0.8617 3.1986 -19.3050 -0.4896 3.9178 42.6239 0.5843 0.7868 19.8608 0.0000 -0.0000 0.0000 -92.2949 -1.2618 24.3329 14.2208 -23.0495 -2.9140 -0.0000 0.0000 -5.7244 16.6674 -11.0695 -3.2899 -7.1250 0.0000 -0.0000 -7.3384 18.4912 4.6705 0.0000 -0.0000 0.0000 82.9289 4.6710 13.7498 -12.9249 21.1771 -2.4261 0.0000 -0.0000 -2.9604 -9.7046 -31.5097 5.1076 7.1250 -0.0000 -0.0000 25.4168 -60.0208 -9.6888
5.9821 16.8453 -3.1477 42.0565 -81.0410 -41.3863 0.0000 0.0000 0.0000 -11.4890 -5.7855 -3.0422 0.6699 5.2339 14.5768 0.0493 8.7732 -13.3854 0.2190 -3.0126 -8.3139 0.0000 0.0000 0.0000 15.9885 -9.5211 -9.1575 -1.4521 -7.6171 21.5569 -0.8748 -10.5048 -24.4029 -0.3147 -3.6061 9.9711 -0.0786 -0.1201 0.3967 1.7225 -0.2627 3.5859 1.8083 -0.1854 3.4713 -1.0028 3.2515 -19.4663 -0.3636 4.0060 42.7505 0.6938 0.8068 19.9810 -0.0000 -0.0000 0.0000 -92.3845 -1.0209 23.8642 13.8959 -22.5858 -2.7880 -0.0000 0.0000 -5.2303 17.0198 -11.8935 -3.6098 -7.1250 0.0000 -0.0000 -7.0918 17.6154 4.6490 -0.0000 -0.0000 0.0000 82.8401 4.5357 13.7843 -13.0317 21.3336 -2.4648 0.0000 -0.0000 -3.2273 -9.9618 -30.7265 5.1281 7.1250 -0.0000 -0.0000 24.4948 -59.3780 -8.9312
5.9793 16.8455 -3.1044 42.7254 -81.2353 -41.9789 0.0000 0.0000 0.0000 -11.5501 -5.7480 -3.0920 0.6730 5.2458 14.6110 0.0152 8.9981 -13.0966 0.3697 -3.9054 -10.8107 0.0000 0.0000 0.0000 15.9000 -9.3812 -9.1165 -1.4430 -7.5941 21.4878 -0.8842 -10.3805 -24.3711 -0.3097 -3.5780 9.8923 -0.3193 -0.2184 0.0549 1.7023 -0.3971 3.7861 1.9182 -0.2640 3.8787 -0.6677 3.4007 -19.5901 -0.6351 4.2361 42.6286 0.5515 0.9161 19.9604 0.0000 0.0000 0.0000 -92.2196 -1.2625 23.4848 13.7873 -22.4298 -2.7464 -0.0000 0.0000 -5.2099 16.6544 -11.9322 -3.5392 -7.1250 0.0000 -0.0000 -7.3467 17.6027 4.8209 0.0000 0.0000 0.0000 82.7083 4.9640 14.5984 -13.1503 21.5070 -2.5081 0.0000 -0.0000 -3.9273 -10.2157 -31.0705 5.3135 7.1250 -0.0000 -0.0000 24.5184 -59.7457 -9.1582
5.9704 16.8379 -3.0394 43.2574 -81.3655 -42.6902 0.0000 0.0000 0.0000 -11.8148 -5.7961 -2.6497 0.6644 5.2131 14.5172 0.0137 9.2546 -13.4266 0.2936 -3.4841 -9.6295 0.0000 0.0000 0.0000 15.5890 -9.5766 -9.0411 -1.4609 -7.6389 21.6226 -0.8749 -10.1993 -24.1350 -0.2747 -3.3710 9.3135 -0.3507 -0.2371 0.2773 1.6493 -0.4224 3.8673 1.8811 -0.2780 3.8377 -0.7287 3.3507 -19.5478 -0.5962 4.1695 42.4658 0.5664 0.8930 19.8356 0.0000 -0.0000 0.0000 -92.2328 -1.6335 23.4474 13.2948 -21.7176 -2.5613 -0.0000 0.0000 -4.2424 17.5197 -12.9508 -4.0468 -7.1250 0.0000 -0.0000 -6.7541 16.4825 4.5926 0.0000 -0.0000 0.0000 82.5889 5.0319 14.7510 -13.3179 21.7513 -2.5699 0.0000 -0.0000 -4.0603 -10.4525 -30.5029 5.3495 7.1250 -0.0000 -0.0000 23.8103 -59.2875 -8.6113
5.9775 16.8366 -2.9738 43.4534 -81.6364 -42.8915 0.0000 0.0000 0.0000 -11.9278 -5.7035 -2.8440 0.6908 5.3134 14.8046 0.0103 9.5343 -13.7596 0.3517 -3.8104 -10.5439 0.0000 0.0000 0.0000 15.5441 -9.2855 -9.0285 -1.4791 -7.6845 21.7597 -0.8808 -10.1625 -24.1519 -0.2537 -3.2405 8.9491 -0.3993 -0.2574 0.3074 1.6564 -0.4543 4.0022 1.9148 -0.2989 3.9627 -0.8204 3.3689 -19.4605 -0.6187 4.2463 42.3310 0.5864 0.9094 19.7190 -0.0000 0.0000 0.0000 -92.1500 -1.6734 24.6819 13.1873 -21.5610 -2.5217 -0.0000 0.0000 -5.9960 19.6042 -14.2892 -5.0238 -7.1250 0.0000 -0.0000 -5.3566 14.8964 3.8166 -0.0000 0.0000 0.0000 82.5574 5.2831 15.0591 -13.4425 21.9321 -2.6162 0.0000 -0.0000 -4.1721 -10.8799 -29.9440 5.4802 7.1250 -0.0000 -0.0000 22.9318 -58.8754 -8.0432
5.9875 16.8207 -2.8994 42.0344 -82.0636 -41.4153 0.0000 0.0000 0.0000 -11.7376 -5.2051 -3.4374 0.7533 5.5436 15.4657 0.0431 9.2915 -13.9724 0.3197 -3.6344 -10.0504 0.0000 0.0000 0.0000 15.7702 -8.9378 -9.0849 -1.5072 -7.7538 21.9686 -0.8988 -10.1500 -24.2906 -0.2707 -3.3466 9.2452 -0.1856 -0.2797 0.7270 1.6895 -0.4810 3.7938 1.8300 -0.3014 3.5081 -0.8541 3.3865 -19.2462 -0.3483 4.1299 42.4495 0.6944 0.8884 19.7202 0.0000 0.0000 0.0000 -91.8763 -1.7598 24.8587 13.1307 -21.4784 -2.5009 -0.0000 0.0000 -5.1857 18.9793 -12.1374 -4.1360 -7.1250 0.0000 -0.0000 -5.7287 17.2069 3.7967 0.0000 0.0000 0.0000 82.6717 5.0770 15.3064 -13.4988 22.0136 -2.6373 0.0000 -0.0000 -4.6637 -10.4626 -30.7878 5.3997 7.1250 -0.0000 -0.0000 24.0307 -59.5476 -8.8479
6.0049 16.8145 -2.8107 42.2552 -82.6033 -41.7109 0.0000 0.0000 0.0000 -11.7599 -4.7131 -3.9550 0.8327 5.8214 16.2671 0.0438 9.2798 -13.9674 0.2937 -3.4848 -9.6316 0.0000 0.0000 0.0000 15.8056 -8.4875 -9.1127 -1.5312 -7.8124 22.1457 -0.8646 -10.2985 -24.1359 -0.2725 -3.3576 9.2758 -0.0338 -0.2291 1.1093 1.7384 -0.4209 3.9017 1.7981 -0.2703 3.4013 -1.0881 3.3051 -19.3175 -0.0693 3.9701 42.4180 0.8403 0.8283 19.6996 0.0000 0.0000 0.0000 -91.7161 -2.2466 25.5102 13.1173 -21.4589 -2.4960 -0.0000 0.0000 -4.7652 18.8983 -12.0149 -4.0763 -7.1250 0.0000 -0.0000 -5.7829 17.3417 3.8159 0.0000 0.0000 0.0000 82.7140 5.1235 15.4657 -13.6446 22.2243 -2.6922 0.0000 -0.0000 -4.8750 -10.2063 -30.8936 5.2815 7.1250 -0.0000 -0.0000 24.3812 -59.5843 -9.0082
6.0094 16.8100 -2.7055 40.5708 -83.2242 -39.9891 0.0000 0.0000 0.0000 -11.5104 -4.5929 -4.4711 0.9175 6.1029 17.0832 0.1222 8.8819 -14.6933 0.1961 -2.8517 -7.8663 0.0000 0.0000 0.0000 16.0174 -8.3606 -9.2235 -1.5414 -7.8373 22.2210 -0.8388 -10.2745 -23.8972 -0.2473 -3.2001 8.8363 0.5379 -0.1696 1.3202 1.8090 -0.3509 3.9415 1.5521 -0.2208 3.3186 -1.1458 3.2850 -19.1505 -0.1578 3.9994 42.2553 0.8089 0.8244 19.5472 0.0000 -0.0000 0.0000 -91.5802 -2.4883 26.6648 13.2758 -21.6899 -2.5543 -0.0000 0.0000 -5.1673 18.8482 -12.3369 -4.1716 -7.1250 0.0000 -0.0000 -5.8237 17.0094 3.8856 0.0000 -0.0000 0.0000 82.6944 5.1481 15.6901 -13.7448 22.3687 -2.7302 0.0000 -0.0000 -5.0296 -10.6750 -30.3973 5.4484 7.1250 -0.0000 -0.0000 23.4973 -59.2422 -8.4643
6.0159 16.8060 -2.5969 43.3021 -83.5102 -42.8698 0.0000 0.0000 0.0000 -11.9240 -4.3303 -4.8132 1.0125 6.4022 17.9561 0.1811 8.5538 -15.1751 0.1248 -2.2776 -6.2735 0.0000 0.0000 0.0000 15.5141 -8.3683 -9.1119 -1.5448 -7.8456 22.2461 -0.8093 -10.0832 -23.4757 -0.2014 -2.8895 7.9712 0.2005 -0.1751 1.7231 1.8011 -0.3567 4.0343 1.7345 -0.2359 3.1897 -0.8441 3.4109 -18.9681 -0.5255 4.2022 42.3533 0.6120 0.8893 19.5857 0.0000 0.0000 0.0000 -91.4733 -2.6619 27.6957 13.6432 -22.2223 -2.6917 -0.0000 0.0000 -5.7666 18.7361 -11.7947 -3.9660 -7.1250 0.0000 -0.0000 -5.8925 17.5850 3.8575 0.0000 0.0000 0.0000 82.6398 5.2019 16.3185 -13.7408 22.3629 -2.7287 0.0000 -0.0000 -5.1709 -10.6656 -30.7255 5.4962 7.1250 -0.0000 -0.0000 23.7709 -59.5377 -8.7398
6.0309 16.8076 -2.4864 47.0852 -83.9052 -46.6793 0.0000 0.0000 0.0000 -12.2764 -3.7209 -5.4474 1.1134 6.7037 18.8404 0.2103 8.2097 -15.2069 0.1375 -2.3897 -6.5839 0.0000 0.0000 0.0000 15.0800 -8.0216 -9.0585 -1.5323 -7.8153 22.1543 -0.7508 -10.1674 -23.0411 -0.1610 -2.5850 7.1255 -0.0081 -0.0496 2.0192 1.7898 -0.1952 4.2204 1.8423 -0.1655 3.2119 -0.9646 3.3990 -18.8219 -0.6333 4.2984 41.9784 0.5994 0.9111 19.3028 -0.0000 -0.0000 0.0000 -91.3538 -3.0862 28.9843 13.8741 -22.5545 -2.7796 -0.0000 0.0000 -6.2229 18.8519 -11.7229 -3.9684 -7.1250 0.0000 -0.0000 -5.8105 17.6507 3.7948 -0.0000 -0.0000 0.0000 82.6595 5.4963 16.2819 -13.6035 22.1651 -2.6767 0.0000 -0.0000 -5.2555 -10.2536 -30.6662 5.2713 7.1250 -0.0000 -0.0000 24.1464 -59.3900 -8.8017
6.0365 16.8151 -2.3677 48.4161 -84.3146 -47.9858 0.0000 0.0000 0.0000 -12.4346 -3.1901 -6.1635 1.2343 7.0454 19.8499 0.2485 7.7601 -15.2624 0.1416 -2.4253 -6.6825 0.0000 0.0000 0.0000 14.8405 -7.9989 -8.9999 -1.4911 -7.7141 21.8489 -0.6771 -10.2336 -22.4394 -0.1124 -2.1616 5.9524 0.1898 0.0052 2.3507 1.7313 -0.1229 4.3008 1.6718 -0.1241 3.1056 -1.2354 3.3792 -18.6812 -0.2614 4.2033 41.8756 0.8049 0.8888 19.1699 -0.0000 0.0000 0.0000 -91.1297 -3.4589 30.1343 13.9690 -22.6903 -2.8161 -0.0000 0.0000 -6.0516 19.2679 -11.7982 -4.0882 -7.1250 0.0000 -0.0000 -5.5210 17.5383 3.6176 -0.0000 0.0000 0.0000 82.8571 5.5716 16.3300 -13.5971 22.1558 -2.6743 0.0000 -0.0000 -4.7364 -10.6680 -30.4744 5.4571 7.1250 -0.0000 -0.0000 23.5660 -59.3106 -8.5298
6.0659 16.8169 -2.2753 49.1459 -85.5119 -48.7356 0.0000 0.0000 0.0000 -11.6983 -2.3401 -7.0277 1.3494 7.3539 20.7681 0.2793 7.4057 -15.3274 0.1490 -2.4873 -6.8546 0.0000 0.0000 0.0000 15.5808 -6.5526 -8.6714 -1.4583 -7.6326 21.6035 -0.5567 -11.1803 -22.2484 -0.0892 -1.9264 5.3024 0.5860 0.1039 3.4254 1.9232 0.0239 4.0858 1.6453 -0.0419 2.2764 -0.8305 3.6026 -18.3302 -0.7679 4.5864 41.7728 0.5586 1.0309 19.0446 -0.0000 -0.0000 0.0000 -90.9385 -3.2627 31.0454 14.2105 -23.0348 -2.9100 -0.0000 0.0000 -6.3368 19.7883 -11.6480 -4.1548 -7.1250 0.0000 -0.0000 -5.1542 17.6529 3.3621 -0.0000 -0.0000 0.0000 83.2319 5.1078 16.7448 -13.8035 22.4532 -2.7526 0.0000 -0.0000 -5.1528 -10.9070 -30.1684 5.5312 7.1250 -0.0000 -0.0000 23.0782 -59.0862 -8.2160
6.0710 16.8278 -2.1503 53.3421 -85.7052 -52.7494 0.0000 0.0000 0.0000 -12.2231 -2.1438 -7.6509 1.4523 7.6175 21.5581 0.3293 7.2401 -15.8402 0.1036 -2.0752 -5.7135 0.0000 0.0000 0.0000 15.0124 -6.6503 -8.8956 -1.4416 -7.5906 21.4774 -0.5486 -10.8366 -21.8247 -0.0753 -1.7703 4.8712 0.5394 0.1414 3.4866 1.7576 0.0698 4.2486 1.5009 -0.0198 2.4090 -0.8100 3.6261 -18.2690 -0.7707 4.6355 41.4116 0.5640 1.0729 18.8034 -0.0000 -0.0000 0.0000 -90.6793 -3.6314 31.8622 14.4698 -23.4023 -3.0122 -0.0000 0.0000 -6.8104 19.4927 -11.9214 -4.1821 -7.1250 0.0000 -0.0000 -5.3665 17.3903 3.5329 -0.0000 -0.0000 0.0000 83.5212 5.1112 17.1851 -14.0629 22.8246 -2.8525 0.0000 -0.0000 -5.3986 -10.0619 -30.9637 5.2162 7.1250 -0.0000 -0.0000 24.5876 -59.6143 -9.1080
6.0919 16.8344 -2.0385 59.3338 -86.0345 -58.5300 0.0000 0.0000 0.0000 -12.5652 -1.7805 -8.3213 1.5393 7.8323 22.2058 0.3586 7.0646 -16.0571 0.0909 -1.9449 -5.3534 0.0000 0.0000 0.0000 14.6670 -6.0855 -8.9330 -1.3962 -7.4752 21.1310 -0.4867 -11.0154 -21.4099 -0.0723 -1.7351 4.7742 0.2261 0.2077 3.7032 1.7472 0.1462 4.4160 1.6649 0.0061 2.4585 -0.9061 3.5602 -18.1590 -0.9159 4.6546 40.8947 0.5152 1.0706 18.4623 0.0000 0.0000 0.0000 -90.6434 -4.2118 32.2794 14.3832 -23.2798 -2.9779 -0.0000 0.0000 -6.8066 19.8476 -12.8513 -4.5902 -7.1250 0.0000 -0.0000 -5.1432 16.3820 3.4981 0.0000 0.0000 0.0000 83.5983 5.3099 17.8028 -14.1429 22.9387 -2.8836 0.0000 -0.0000 -6.2400 -10.0040 -30.5939 5.1301 7.1250 -0.0000 -0.0000 24.3436 -59.2681 -8.8072
6.0821 16.8433 -1.9197 64.4696 -86.6501 -63.5626 0.0000 0.0000 0.0000 -12.5797 -1.4429 -8.5811 1.5940 7.9636 22.6034 0.4084 6.9539 -16.5880 0.0774 -1.7950 -4.9394 0.0000 0.0000 0.0000 14.6347 -5.9628 -8.8977 -1.3584 -7.3774 20.8384 -0.4410 -10.9331 -20.8690 -0.0360 -1.2241 3.3657 0.5037 0.2784 3.8693 1.7403 0.2386 4.5412 1.5005 0.0569 2.4940 -1.0134 3.5986 -18.0094 -1.0053 4.8185 40.3593 0.5241 1.1342 18.1045 -0.0000 -0.0000 0.0000 -90.4969 -4.3004 33.0427 14.5473 -23.5116 -3.0430 -0.0000 0.0000 -7.3344 20.2573 -12.6649 -4.6261 -7.1250 0.0000 -0.0000 -4.8542 16.5406 3.2833 -0.0000 -0.0000 0.0000 83.8250 5.2142 18.4311 -14.5172 23.4692 -3.0310 0.0000 -0.0000 -6.7015 -10.2719 -31.1124 5.3497 7.1250 -0.0000 -0.0000 24.4955 -59.7964 -9.1789
6.0911 16.8472 -1.8174 74.1249 -86.6763 -72.9330 0.0000 0.0000 0.0000 -13.1877 -1.0506 -8.9803 1.6185 8.0215 22.7795 0.4310 7.0183 -16.9230 0.0947 -1.9843 -5.4622 0.0000 0.0000 0.0000 14.1002 -5.4007 -8.9268 -1.3102 -7.2506 20.4600 -0.3887 -11.1061 -20.5202 -0.0324 -1.1625 3.1961 -0.1278 0.3037 3.8937 1.6693 0.2562 4.6791 1.7821 0.0458 2.6202 -1.1945 3.6038 -17.8028 -0.8673 4.8598 39.6846 0.6251 1.1794 17.6465 -0.0000 0.0000 0.0000 -90.4953 -4.5864 33.1073 14.5260 -23.4816 -3.0345 -0.0000 0.0000 -7.2732 20.3223 -13.0132 -4.7671 -7.1250 0.0000 -0.0000 -4.8203 16.1674 3.2993 -0.0000 0.0000 0.0000 83.9238 5.4735 19.0581 -14.4789 23.4152 -3.0158 0.0000 -0.0000 -6.9536 -10.1261 -30.9862 5.2534 7.1250 -0.0000 -0.0000 24.5404 -59.6493 -9.1099
6.0894 16.8637 -1.7049 81.4656 -86.6847 -79.9732 0.0000 0.0000 0.0000 -13.6323 -1.2674 -9.1347 1.6390 8.0698 22.9263 0.4991 6.8211 -17.5599 0.0129 -0.7335 -2.0158 0.0000 0.0000 0.0000 13.6052 -5.2577 -8.9388 -1.2563 -7.1056 20.0285 -0.3723 -10.9253 -20.1517 -0.0323 -1.1598 3.1886 -0.3692 0.2970 3.9647 1.5478 0.2435 4.7307 1.7925 0.0333 2.6336 -1.2249 3.7120 -17.9687 -1.0993 5.1623 39.4144 0.5879 1.2754 17.5479 -0.0000 0.0000 0.0000 -90.3570 -4.6953 33.4400 14.4805 -23.4174 -3.0164 -0.0000 0.0000 -7.4715 20.6759 -13.0122 -4.8569 -7.1250 0.0000 -0.0000 -4.5762 16.1346 3.1344 -0.0000 0.0000 0.0000 84.1848 5.3832 19.3919 -14.7058 23.7347 -3.1066 0.0000 -0.0000 -7.5619 -9.7938 -30.6278 5.0258 7.1250 -0.0000 -0.0000 24.5862 -59.2511 -8.8915
6.0815 16.8797 -1.5990 89.7018 -86.6395 -87.9797 0.0000 0.0000 0.0000 -14.1272 -1.0239 -9.5145 1.6702 8.1425 23.1477 0.5092 6.9579 -17.7918 0.0104 -0.6573 -1.8063 0.0000 0.0000 0.0000 13.1335 -4.9727 -8.7618 -1.1735 -6.8758 19.3479 -0.3142 -11.0744 -19.6931 -0.0233 -0.9856 2.7092 -0.6693 0.2639 3.5312 1.3673 0.1859 5.0675 1.7785 -0.0109 3.2279 -0.8329 3.7997 -17.9096 -1.5940 5.3682 38.8812 0.3351 1.3721 17.2777 -0.0000 -0.0000 0.0000 -90.0846 -5.1738 33.7486 14.4840 -23.4224 -3.0178 -0.0000 0.0000 -7.3935 21.1071 -12.1789 -4.6556 -7.1250 0.0000 -0.0000 -4.2484 16.9767 2.8307 -0.0000 -0.0000 0.0000 84.6064 5.6945 19.8530 -14.8303 23.9091 -3.1568 0.0000 -0.0000 -7.6142 -9.9321 -30.6294 5.0981 7.1250 -0.0000 -0.0000 24.4461 -59.2840 -8.8564
6.0858 16.8999 -1.5007 99.5408 -86.8904 -97.4703 0.0000 0.0000 0.0000 -14.1508 -0.9681 -9.9981 1.7001 8.2114 23.3580 0.5325 7.1090 -18.1840 0.0024 -0.3183 -0.8747 0.0000 0.0000 0.0000 13.1555 -4.3346 -8.5586 -1.0660 -6.5640 18.4300 -0.2097 -11.5619 -19.0960 -0.0215 -0.9460 2.6003 -0.2887 0.3429 4.1329 1.1345 0.3182 4.6609 1.3195 0.0830 2.4664 -0.8140 3.8305 -17.5408 -1.5353 5.3609 38.7156 0.3481 1.3870 17.0896 0.0000 0.0000 0.0000 -89.6142 -4.6052 34.0306 14.4627 -23.3923 -3.0094 -0.0000 0.0000 -7.6941 21.3331 -12.7474 -4.9253 -7.1250 0.0000 -0.0000 -4.1122 16.3516 2.7954 0.0000 0.0000 0.0000 85.1421 5.0396 19.9432 -14.9917 24.1346 -3.2226 0.0000 -0.0000 -7.8955 -9.5714 -30.6523 4.9136 7.1250 -0.0000 -0.0000 24.8335 -59.2229 -8.9710
6.0739 16.9098 -1.4051 110.9750 -87.1528 -108.7430 0.0000 0.0000 0.0000 -14.0654 -0.8029 -10.1251 1.7071 8.2272 23.4064 0.5697 7.1953 -18.6661 0.0000 -0.0129 -0.0354 0.0000 0.0000 0.0000 13.2809 -3.9296 -8.0993 -0.9612 -6.2427 17.4903 -0.1532 -11.8075 -18.7425 -0.0199 -0.9111 2.5042 0.2615 0.3019 4.0528 0.8007 0.2783 4.7274 0.6693 0.0842 2.5850 -0.2692 3.9736 -17.5633 -1.5732 5.3915 38.6111 0.2418 1.4777 17.0611 -0.0000 -0.0000 0.0000 -88.9293 -4.6645 34.0263 14.3180 -23.1876 -2.9522 -0.0000 0.0000 -8.0409 21.4892 -12.5750 -4.8991 -7.1250 0.0000 -0.0000 -3.9974 16.5198 2.7024 -0.0000 -0.0000 0.0000 85.9090 4.9916 20.3674 -15.0657 24.2376 -3.2529 0.0000 -0.0000 -7.6594 -9.5930 -30.8893 4.9590 7.1250 -0.0000 -0.0000 25.0064 -59.4402 -9.1700
6.0603 16.9223 -1.3123 119.4910 -86.8933 -117.2770 0.0000 0.0000 0.0000 -14.4863 -0.4236 -10.0864 1.7224 8.2621 23.5130 0.6007 7.1362 -18.9501 0.0004 0.1302 0.3577 0.0000 0.0000 0.0000 12.8953 -3.7101 -7.5526 -0.8673 -5.9383 16.6054 -0.0640 -12.1155 -18.0601 -0.0124 -0.7193 1.9767 -0.2866 0.3859 4.3278 0.8994 0.3749 4.7329 1.0747 0.1134 2.4318 -0.2921 4.0509 -17.4059 -1.9780 5.6797 38.3623 0.1175 1.5430 16.9113 0.0000 0.0000 0.0000 -89.1569 -4.6726 34.0402 14.1551 -22.9560 -2.8883 -0.0000 0.0000 -8.2935 19.6214 -10.8309 -3.8326 -7.1250 0.0000 -0.0000 -5.2562 18.5258 3.3278 0.0000 0.0000 0.0000 85.6947 4.8686 20.6230 -15.1265 24.3220 -3.2779 0.0000 -0.0000 -7.8356 -9.2076 -31.8940 4.8952 7.1250 -0.0000 -0.0000 26.2638 -60.2458 -10.1810
6.0528 16.9332 -1.2274 130.1250 -86.7475 -127.7180 0.0000 0.0000 0.0000 -14.5842 -0.1409 -10.3792 1.7621 8.3518 23.7878 0.6283 7.2060 -19.2985 0.0009 0.1889 0.5190 0.0000 0.0000 0.0000 12.8432 -3.1455 -7.1646 -0.7800 -5.6387 15.7397 -0.0077 -12.4162 -17.7598 -0.0182 -0.8716 2.3957 -0.5458 0.4185 4.2597 1.0009 0.4098 4.7398 1.3241 0.1209 2.4740 -0.2918 4.2039 -17.4279 -2.0883 5.9532 38.3432 0.1206 1.6364 16.9168 0.0000 -0.0000 0.0000 -89.3526 -4.7059 33.5718 14.0370 -22.7876 -2.8424 -0.0000 0.0000 -8.0090 19.9441 -10.7108 -3.8582 -7.1250 0.0000 -0.0000 -5.0265 18.6276 3.1698 0.0000 -0.0000 0.0000 85.5378 4.8804 20.9885 -15.0936 24.2763 -3.2643 0.0000 -0.0000 -7.7820 -9.4922 -31.2593 4.9587 7.1250 -0.0000 -0.0000 25.4205 -59.7481 -9.5233
6.0294 16.9395 -1.1389 135.1370 -86.4974 -132.5150 0.0000 0.0000 0.0000 -14.9428 -0.1225 -10.5584 1.8083 8.4549 24.1045 0.6843 7.1901 -19.8611 0.0027 0.3342 0.9182 0.0000 0.0000 0.0000 12.5252 -3.1060 -6.7913 -0.6854 -5.2931 14.7466 0.0423 -12.4826 -17.1969 -0.0048 -0.4459 1.2253 -0.9310 0.4472 4.0630 1.0484 0.4449 4.6553 1.5892 0.1285 2.4927 -0.4321 4.3247 -17.4188 -1.9719 6.1244 38.5824 0.2271 1.6863 17.0335 -0.0000 -0.0000 0.0000 -89.4845 -4.6143 33.7208 13.8771 -22.5587 -2.7808 -0.0000 0.0000 -8.5710 20.1780 -11.5711 -4.2158 -7.1250 0.0000 -0.0000 -4.8795 17.7014 3.1764 -0.0000 -0.0000 0.0000 85.5641 4.8707 20.3895 -14.8304 23.9094 -3.1569 0.0000 -0.0000 -7.2663 -9.3619 -31.0574 4.8615 7.1250 -0.0000 -0.0000 25.3831 -59.5380 -9.3793
6.0329 16.9508 -1.0712 145.9840 -86.4522 -143.2010 0.0000 0.0000 0.0000 -14.6464 0.0837 -10.8325 1.8280 8.4983 24.2382 0.6784 7.3634 -19.9410 0.0010 0.1999 0.5492 0.0000 0.0000 0.0000 12.9010 -2.1628 -6.1548 -0.5959 -4.9419 13.7431 0.1573 -13.3849 -16.9978 -0.0083 -0.5882 1.6163 -1.0850 0.4866 4.1878 1.2717 0.4896 4.5903 1.9034 0.1440 2.3515 -0.4235 4.5008 -17.4217 -2.1023 6.4318 38.7035 0.2247 1.7832 17.1129 -0.0000 -0.0000 0.0000 -89.6765 -4.5741 33.1657 13.8785 -22.5607 -2.7813 -0.0000 0.0000 -7.9996 19.6938 -11.3992 -4.0465 -7.1250 0.0000 -0.0000 -5.2152 17.9225 3.3713 -0.0000 -0.0000 0.0000 85.3633 4.9629 20.7619 -14.7392 23.7816 -3.1200 0.0000 -0.0000 -7.4582 -9.6457 -31.1416 5.0231 7.1250 -0.0000 -0.0000 25.1634 -59.6783 -9.3769
6.0193 16.9623 -0.9992 149.2460 -86.1265 -146.3010 0.0000 0.0000 0.0000 -14.9287 0.0579 -10.9333 1.8314 8.5056 24.2608 0.6655 7.6662 -20.0590 0.0003 0.1050 0.2884 0.0000 0.0000 0.0000 12.6621 -1.8813 -5.7692 -0.5237 -4.6378 12.8784 0.2300 -13.7148 -16.4988 -0.0010 -0.2021 0.5552 -1.5133 0.5355 3.9565 1.2848 0.5486 4.6132 2.1582 0.1597 2.4990 -0.4980 4.6070 -17.3294 -1.9670 6.5611 38.6128 0.3209 1.8494 17.0293 0.0000 -0.0000 0.0000 -89.8016 -4.7206 33.0195 13.8464 -22.5146 -2.7690 -0.0000 0.0000 -7.9495 20.0593 -11.5552 -4.1833 -7.1250 0.0000 -0.0000 -4.9624 17.7282 3.2278 0.0000 -0.0000 0.0000 85.2972 4.9983 21.0805 -14.9947 24.1388 -3.2238 0.0000 -0.0000 -7.6494 -9.7087 -32.3899 5.2365 7.1250 -0.0000 -0.0000 26.1941 -60.8034 -10.5021
5.9876 16.9653 -0.9177 146.7400 -85.5928 -143.7780 0.0000 0.0000 0.0000 -15.7927 0.2720 -10.7760 1.8262 8.4943 24.2257 0.6901 7.7650 -20.3860 0.0001 -0.0596 -0.1637 0.0000 0.0000 0.0000 11.8141 -2.3807 -5.5865 -0.4826 -4.4546 12.3593 0.2118 -13.2262 -15.9397 -0.0003 -0.1060 0.2913 -2.1879 0.5533 3.2605 1.1531 0.5670 5.0127 2.4094 0.1320 3.3002 -0.3808 4.7668 -17.6438 -2.2081 6.8912 38.4298 0.2667 1.9748 17.0359 0.0000 0.0000 0.0000 -89.9776 -5.6931 32.6985 13.6450 -22.2250 -2.6924 -0.0000 0.0000 -7.6545 19.7907 -10.7261 -3.8314 -7.1250 0.0000 -0.0000 -5.1350 18.6233 3.2393 0.0000 0.0000 0.0000 85.1207 5.6059 20.7640 -14.8678 23.9616 -3.1721 0.0000 -0.0000 -7.8997 -9.2169 -31.1998 4.8049 7.1250 -0.0000 -0.0000 25.6516 -59.6317 -9.5448
5.9907 16.9668 -0.8562 151.3350 -85.3170 -148.3000 0.0000 0.0000 0.0000 -15.8127 0.7016 -11.1277 1.8572 8.5621 24.4348 0.7120 7.6012 -20.4678 0.0001 -0.0535 -0.1469 0.0000 0.0000 0.0000 11.8001 -1.6889 -5.3180 -0.4542 -4.3233 11.9881 0.2536 -13.6066 -15.9549 -0.0003 -0.1160 0.3187 -2.4442 0.6146 4.2242 1.2041 0.6414 4.2889 2.5922 0.1962 2.0026 -0.5603 4.8556 -16.8298 -1.8727 6.8711 38.7467 0.4160 1.9685 16.9694 0.0000 0.0000 0.0000 -90.0344 -4.7369 32.7287 13.6187 -22.1870 -2.6824 -0.0000 0.0000 -7.8094 19.9562 -10.9705 -3.9529 -7.1250 0.0000 -0.0000 -5.0225 18.3529 3.1979 0.0000 0.0000 0.0000 85.0398 4.3405 21.4894 -15.1244 24.3191 -3.2770 0.0000 -0.0000 -8.3070 -9.4297 -31.5495 4.9665 7.1250 -0.0000 -0.0000 25.7335 -59.9921 -9.8016
5.9902 16.9699 -0.7982 156.5810 -85.0788 -153.3580 0.0000 0.0000 0.0000 -15.6867 0.6548 -11.4524 1.9046 8.6645 24.7514 0.7493 7.6274 -20.8503 0.0023 0.3119 0.8571 0.0000 0.0000 0.0000 11.9206 -1.2104 -5.1865 -0.4176 -4.1480 11.4934 0.3019 -13.8643 -15.6593 -0.0014 -0.2386 0.6555 -2.6698 0.6489 4.1091 1.4011 0.6788 4.3643 2.9232 0.2014 2.1392 -0.2543 5.1144 -16.9370 -2.6377 7.4800 38.5367 0.1423 2.1593 16.9618 0.0000 -0.0000 0.0000 -90.2672 -5.0451 32.9773 13.6706 -22.2619 -2.7021 -0.0000 0.0000 -8.0417 20.2263 -11.0511 -4.0398 -7.1250 0.0000 -0.0000 -4.8340 18.2465 3.0884 0.0000 -0.0000 0.0000 84.7193 4.6380 22.1024 -15.1935 24.4149 -3.3055 0.0000 -0.0000 -8.5931 -9.6998 -31.5360 5.1088 7.1250 -0.0000 -0.0000 25.4446 -60.0430 -9.7139
5.9716 16.9774 -0.7317 157.3680 -84.7945 -154.1500 0.0000 0.0000 0.0000 -15.9882 0.7254 -11.5555 1.9627 8.7880 25.1344 0.7973 7.5360 -21.2339 0.0063 0.5127 1.4088 0.0000 0.0000 0.0000 11.5806 -1.4459 -4.8944 -0.3733 -3.9242 10.8634 0.3103 -13.6662 -15.1514 -0.0011 -0.2124 0.5835 -2.8432 0.7052 4.0553 1.3523 0.7503 4.4288 2.9697 0.2301 2.2301 -0.3180 5.2567 -16.9744 -2.5765 7.6971 38.5956 0.2229 2.2431 16.9995 0.0000 -0.0000 0.0000 -90.4019 -5.3294 33.0930 13.8021 -22.4511 -2.7521 -0.0000 0.0000 -8.0278 20.0449 -10.6212 -3.8473 -7.1250 0.0000 -0.0000 -4.9538 18.7145 3.1141 0.0000 -0.0000 0.0000 84.5980 4.6336 22.2289 -15.3687 24.6572 -3.3783 0.0000 -0.0000 -9.0037 -9.4427 -31.1017 4.9103 7.1250 -0.0000 -0.0000 25.3377 -59.5959 -9.3966
5.9712 16.9745 -0.6776 159.3870 -84.6945 -156.1640 0.0000 0.0000 0.0000 -16.0432 1.0524 -11.8289 2.0139 8.8950 25.4675 0.8149 7.3341 -21.2416 0.0033 0.3689 1.0135 0.0000 0.0000 0.0000 11.5262 -1.3653 -4.6179 -0.3426 -3.7611 10.4055 0.3259 -13.7541 -15.0553 -0.0043 -0.4219 1.1594 -2.9688 0.7075 4.1997 1.3399 0.7468 4.3965 3.0260 0.2276 2.1153 -0.2006 5.3848 -16.8766 -2.4034 7.7703 38.6426 0.2901 2.3132 16.9945 -0.0000 -0.0000 0.0000 -90.2538 -5.4705 33.6962 13.8957 -22.5853 -2.7879 -0.0000 0.0000 -8.7372 20.3205 -11.0425 -4.0572 -7.1250 0.0000 -0.0000 -4.7675 18.2479 3.0455 -0.0000 -0.0000 0.0000 84.6125 4.6136 22.5494 -15.4740 24.8022 -3.4223 0.0000 -0.0000 -9.4103 -9.6849 -31.2874 5.0649 7.1250 -0.0000 -0.0000 25.2466 -59.8176 -9.4953
5.9641 16.9709 -0.6311 161.6860 -84.5400 -158.4280 0.0000 0.0000 0.0000 -16.0182 1.1657 -12.0590 2.0505 8.9705 25.7030 0.8343 7.2875 -21.3873 0.0082 0.5864 1.6113 0.0000 0.0000 0.0000 11.5383 -0.9962 -4.4153 -0.3283 -3.6823 10.1847 0.3673 -14.0381 -14.8999 -0.0014 -0.2413 0.6629 -3.0007 0.7154 4.2383 1.2644 0.7550 4.4331 2.9655 0.2305 2.1315 0.2437 5.6207 -16.7625 -2.6944 8.0759 38.6955 0.1383 2.4566 17.0482 0.0000 -0.0000 0.0000 -90.1186 -5.6937 33.9478 13.9231 -22.6247 -2.7985 -0.0000 0.0000 -8.9394 20.0274 -11.2653 -4.0731 -7.1250 0.0000 -0.0000 -4.9784 18.0363 3.2045 0.0000 -0.0000 0.0000 84.8059 4.6754 22.3891 -15.5261 24.8739 -3.4442 0.0000 -0.0000 -9.1672 -9.2919 -30.9621 4.8114 7.1250 -0.0000 -0.0000 25.3747 -59.4368 -9.3139
5.9666 16.9719 -0.5854 162.2800 -84.3298 -158.9910 0.0000 0.0000 0.0000 -16.1886 1.1313 -12.1365 2.0526 8.9747 25.7162 0.8392 7.4108 -21.5270 0.0119 0.7047 1.9367 0.0000 0.0000 0.0000 11.3771 -0.5747 -4.3204 -0.3163 -3.6154 9.9970 0.4233 -14.4635 -14.7839 -0.0006 -0.1565 0.4301 -2.2102 0.7774 4.2809 0.4748 0.8649 4.4968 1.7045 0.3172 2.1842 0.5212 5.7297 -16.8433 -1.8065 7.8050 38.5575 0.4378 2.5300 16.9354 0.0000 -0.0000 0.0000 -88.8739 -5.9430 34.7834 14.1243 -22.9121 -2.8763 -0.0000 0.0000 -9.5295 19.5290 -10.6970 -3.7667 -7.1250 0.0000 -0.0000 -5.3195 18.6738 3.3507 0.0000 -0.0000 0.0000 86.0281 4.8908 22.2232 -15.5307 24.8802 -3.4461 0.0000 -0.0000 -9.0890 -9.6168 -30.8971 4.9726 7.1250 -0.0000 -0.0000 24.9887 -59.4528 -9.1706
5.9345 16.9712 -0.5394 161.0230 -84.2406 -157.6490 0.0000 0.0000 0.0000 -16.5419 1.2345 -12.1073 2.0650 9.0001 25.7957 0.8956 7.0903 -21.8006 0.0239 0.9985 2.7447 0.0000 0.0000 0.0000 11.0307 -0.9109 -4.0831 -0.2809 -3.4087 9.4188 0.4322 -14.4335 -14.5587 -0.0001 0.0664 -0.1825 -2.3865 0.7681 3.7142 0.3178 0.8650 4.6815 1.6498 0.3054 2.6927 0.7908 5.8611 -16.9087 -1.9433 7.9724 38.4944 0.3657 2.6218 16.9470 0.0000 -0.0000 0.0000 -88.8042 -6.1896 35.2984 14.3155 -23.1839 -2.9512 -0.0000 0.0000 -9.9178 20.0134 -10.6916 -3.8658 -7.1250 0.0000 -0.0000 -4.9772 18.6426 3.1369 0.0000 -0.0000 0.0000 86.1591 5.2073 22.3901 -15.6386 25.0281 -3.4916 0.0000 -0.0000 -9.3846 -9.5579 -31.9768 5.0956 7.1250 -0.0000 -0.0000 25.9772 -60.4018 -10.1580
5.9348 16.9794 -0.5029 165.7130 -84.1090 -162.1190 0.0000 0.0000 0.0000 -16.2142 1.3322 -12.5063 2.0939 9.0591 25.9803 0.9004 7.2014 -21.9264 0.0185 0.8779 2.4130 0.0000 0.0000 0.0000 11.4521 -0.6946 -3.8485 -0.2321 -3.1005 8.5587 0.4985 -14.7620 -14.0339 -0.0026 0.3279 -0.9009 -2.3250 0.8062 3.5011 0.4550 0.9218 4.6621 1.7585 0.3332 2.7881 0.9728 6.0063 -16.9090 -2.0430 8.1714 38.4404 0.3288 2.7180 16.9407 -0.0000 0.0000 0.0000 -88.8638 -6.2824 35.6463 14.5372 -23.4975 -3.0390 -0.0000 0.0000 -10.1278 20.0209 -10.8396 -3.9201 -7.1250 0.0000 -0.0000 -4.9746 18.4860 3.1525 -0.0000 0.0000 0.0000 86.1446 5.4846 22.2460 -15.4716 24.7990 -3.4213 0.0000 -0.0000 -9.2647 -9.3555 -31.2562 4.8860 7.1250 -0.0000 -0.0000 25.5578 -59.7139 -9.5578
5.9173 16.9831 -0.4643 165.0930 -83.9940 -161.4170 0.0000 0.0000 0.0000 -16.5021 1.4801 -12.5343 2.1063 9.0841 26.0588 0.9204 7.1482 -22.0665 0.0170 0.8420 2.3143 0.0000 0.0000 0.0000 11.2015 -0.7123 -3.5273 -0.1976 -2.8622 7.8954 0.5329 -14.9259 -13.7317 -0.0036 0.3881 -1.0665 -2.5274 0.8864 3.4235 0.3693 1.0333 4.5568 1.7826 0.3883 2.7158 1.1595 6.0716 -16.7641 -2.0805 8.2218 38.3083 0.2852 2.7705 16.8484 0.0000 0.0000 0.0000 -88.6674 -6.2281 36.9001 14.6254 -23.6217 -3.0743 -0.0000 0.0000 -10.8001 20.4239 -10.5728 -3.9086 -7.1250 0.0000 -0.0000 -4.6849 18.7365 2.9416 0.0000 0.0000 0.0000 86.2969 5.2642 21.9457 -15.4540 24.7748 -3.4139 0.0000 -0.0000 -9.0474 -9.2044 -30.8612 4.7516 7.1250 -0.0000 -0.0000 25.3800 -59.3269 -9.2484
5.8849 16.9835 -0.4242 162.9030 -83.8790 -159.1200 0.0000 0.0000 0.0000 -17.0165 1.5204 -12.4658 2.0920 9.0552 25.9682 0.9125 7.2433 -22.0662 0.0055 0.4791 1.3164 0.0000 0.0000 0.0000 10.7400 -0.7563 -3.3321 -0.1814 -2.7435 7.5655 0.5458 -14.9707 -13.5727 -0.0044 0.4290 -1.1787 -2.8586 0.8601 3.1802 0.3030 1.0077 4.4387 1.9029 0.3705 2.7278 1.1090 6.1401 -16.6422 -2.1634 8.3850 38.0259 0.2841 2.8352 16.6742 0.0000 0.0000 0.0000 -88.8136 -6.0422 36.7760 14.6993 -23.7255 -3.1039 -0.0000 0.0000 -11.0313 20.4170 -11.0358 -4.0757 -7.1250 0.0000 -0.0000 -4.6994 18.2472 3.0017 0.0000 0.0000 0.0000 86.1980 4.8843 22.2715 -15.6403 25.0305 -3.4924 0.0000 -0.0000 -9.2490 -9.4284 -31.0176 4.8909 7.1250 -0.0000 -0.0000 25.2818 -59.5175 -9.3264
5.8690 16.9948 -0.3935 165.1900 -83.8535 -161.2560 0.0000 0.0000 0.0000 -16.8603 1.2874 -12.3919 2.0800 9.0308 25.8917 0.9440 7.2424 -22.3449 0.0359 1.2229 3.3624 0.0000 0.0000 0.0000 10.9114 -0.8383 -2.7721 -0.1272 -2.2989 6.3325 0.6082 -15.3082 -13.0891 -0.0044 0.4266 -1.1721 -2.8953 0.8302 3.3486 0.3897 0.9673 4.0837 2.0082 0.3641 2.2661 1.0050 6.1929 -16.4336 -1.8909 8.3924 37.8213 0.4140 2.8765 16.4871 0.0000 0.0000 0.0000 -88.9596 -5.5288 36.4640 14.7820 -23.8416 -3.1373 -0.0000 0.0000 -10.7108 20.0394 -10.7690 -3.8989 -7.1250 0.0000 -0.0000 -4.9602 18.5590 3.1353 0.0000 0.0000 0.0000 86.2448 4.4772 22.1850 -15.6935 25.1033 -3.5149 0.0000 -0.0000 -9.0950 -9.4810 -31.2045 4.9450 7.1250 -0.0000 -0.0000 25.3854 -59.6965 -9.4774
5.8393 16.9959 -0.3642 167.4950 -83.9636 -163.4450 0.0000 0.0000 0.0000 -16.6522 1.0531 -12.3942 2.0916 9.0542 25.9652 0.9729 7.1465 -22.5285 0.0641 1.6335 4.4937 0.0000 0.0000 0.0000 11.1011 -1.2207 -1.7729 -0.0624 -1.6120 4.4347 0.6980 -15.7665 -12.2456 -0.0079 0.5732 -1.5752 -2.6225 0.8505 2.7593 0.3821 1.0186 4.1659 1.8558 0.3910 2.6826 0.9765 6.1448 -16.4655 -1.9089 8.3649 37.2981 0.4065 2.8917 16.2219 0.0000 -0.0000 0.0000 -88.7810 -5.6378 37.0585 14.7355 -23.7764 -3.1185 -0.0000 0.0000 -11.1208 20.1308 -10.5626 -3.8441 -7.1250 0.0000 -0.0000 -4.8920 18.7698 3.0690 0.0000 -0.0000 0.0000 86.3644 4.6849 21.9427 -15.5560 24.9149 -3.4568 0.0000 -0.0000 -8.9980 -9.2042 -31.3227 4.8151 7.1250 -0.0000 -0.0000 25.7693 -59.7382 -9.6585
5.8259 16.9978 -0.3383 169.5430 -83.8309 -165.3420 0.0000 0.0000 0.0000 -16.5563 1.3118 -12.5753 2.0862 9.0434 25.9311 0.9751 7.0582 -22.4839 0.0601 1.5816 4.3508 0.0000 0.0000 0.0000 11.2200 -1.2041 -1.2588 -0.0335 -1.1819 3.2495 0.7626 -16.1302 -11.6827 -0.0145 0.7764 -2.1338 -2.6362 0.8415 2.8110 0.4390 1.0095 3.9080 1.9193 0.3958 2.3860 1.0194 6.1651 -16.4891 -1.9847 8.4228 37.0474 0.3774 2.9243 16.1086 -0.0000 0.0000 0.0000 -89.0697 -5.3275 35.9282 14.6851 -23.7056 -3.0982 -0.0000 0.0000 -10.3397 20.3546 -10.8095 -3.9801 -7.1250 0.0000 -0.0000 -4.7385 18.4915 3.0013 -0.0000 0.0000 0.0000 86.4392 4.4329 21.9791 -15.4721 24.7996 -3.4215 0.0000 -0.0000 -8.9295 -9.3625 -31.1755 4.8784 7.1250 -0.0000 -0.0000 25.4822 -59.6435 -9.4839
5.7842 16.9981 -0.3132 166.6350 -83.6435 -162.5140 0.0000 0.0000 0.0000 -17.0566 1.3635 -12.3242 2.0832 9.0372 25.9119 0.9993 7.0470 -22.6860 0.0713 1.7229 4.7403 0.0000 0.0000 0.0000 10.6847 -1.4284 -0.2693 -0.0108 -0.6715 1.8453 0.8212 -16.4457 -11.0554 -0.0211 0.9377 -2.5774 -2.9574 0.9014 2.5588 0.2776 1.0997 3.8521 1.9359 0.4356 2.4632 0.9009 6.0290 -16.4378 -1.8894 8.2457 36.4243 0.4023 2.8864 15.7640 0.0000 -0.0000 0.0000 -88.9254 -5.3480 36.2156 14.2630 -23.1095 -2.9306 -0.0000 0.0000 -10.1656 20.3914 -10.8204 -3.9919 -7.1250 0.0000 -0.0000 -4.7128 18.4771 2.9864 0.0000 -0.0000 0.0000 86.5450 4.2442 22.0181 -15.4354 24.7492 -3.4062 0.0000 -0.0000 -9.0990 -9.6462 -30.4738 4.9266 7.1250 -0.0000 -0.0000 24.6121 -59.0793 -8.7991
5.7713 16.9987 -0.2881 167.1050 -83.6801 -162.9390 0.0000 0.0000 0.0000 -17.0907 1.3533 -12.3259 2.0800 9.0308 25.8916 1.0037 7.0435 -22.7215 0.0783 1.8055 4.9686 0.0000 0.0000 0.0000 10.6388 -1.6175 0.2595 -0.0023 -0.3096 0.8507 0.8617 -16.7207 -10.8348 -0.0136 0.7524 -2.0678 -2.9241 0.8837 2.1029 0.2924 1.0903 4.0767 1.9418 0.4195 2.9527 0.9169 5.8736 -16.6280 -2.3041 8.2075 35.4032 0.2235 2.8710 15.3368 -0.0000 -0.0000 0.0000 -88.9927 -5.7175 35.9738 14.0661 -22.8291 -2.8537 -0.0000 0.0000 -9.9251 20.7528 -11.2974 -4.2454 -7.1250 0.0000 -0.0000 -4.4697 17.9426 2.8841 -0.0000 -0.0000 0.0000 86.4783 4.5445 22.2878 -15.5558 24.9147 -3.4567 0.0000 -0.0000 -9.3649 -9.7641 -30.6453 5.0129 7.1250 -0.0000 -0.0000 24.6308 -59.2601 -8.9143
5.7623 16.9963 -0.2813 167.2520 -83.5223 -163.0230 0.0000 0.0000 0.0000 -17.1316 1.4131 -12.3357 2.0630 8.9961 25.7831 1.0039 7.1118 -22.7721 0.0811 1.8374 5.0564 0.0000 0.0000 0.0000 10.6475 -1.1928 -0.4152 -0.0152 -0.7950 2.1849 0.7951 -16.3209 -11.4058 -0.0126 0.7258 -1.9946 -3.2255 0.9372 2.1323 0.3429 1.1615 3.9233 2.1609 0.4525 2.7677 0.5565 5.6979 -16.3663 -2.1611 8.0187 34.6579 0.2996 2.8081 14.8874 0.0000 0.0000 0.0000 -89.0560 -5.6632 35.1649 13.9253 -22.6279 -2.7993 -0.0000 0.0000 -9.9548 19.5455 -10.9924 -3.8726 -7.1250 0.0000 -0.0000 -5.3123 18.3620 3.3829 0.0000 0.0000 0.0000 86.5266 4.5957 22.0144 -15.5039 24.8434 -3.4349 0.0000 -0.0000 -9.2082 -9.4700 -31.1475 4.9312 7.1250 -0.0000 -0.0000 25.3485 -59.6432 -9.4299
5.7256 16.9946 -0.2581 164.7660 -83.4940 -160.5200 0.0000 0.0000 0.0000 -17.5932 1.4265 -12.2217 2.0580 8.9858 25.7510 0.9917 7.3024 -22.8047 0.0591 1.5691 4.3161 0.0000 0.0000 0.0000 10.1869 -1.3234 -0.1783 -0.0120 -0.7068 1.9425 0.8086 -16.4176 -11.3599 -0.0219 0.9561 -2.6281 -3.3514 0.9269 1.8152 0.2233 1.1645 3.8878 2.1133 0.4516 2.9096 0.4269 5.5171 -16.5786 -2.3523 7.8906 34.0971 0.2271 2.7394 14.6778 0.0000 0.0000 0.0000 -89.0846 -5.5036 34.6620 13.7841 -22.4252 -2.7452 -0.0000 0.0000 -9.1927 19.6746 -10.9578 -3.8881 -7.1250 0.0000 -0.0000 -5.2208 18.3884 3.3211 0.0000 0.0000 0.0000 86.6016 4.5054 22.1638 -15.5979 24.9724 -3.4745 0.0000 -0.0000 -9.1912 -9.8364 -31.0946 5.1169 7.1250 -0.0000 -0.0000 24.9284 -59.6800 -9.2835
5.7270 16.9955 -0.2501 169.5520 -83.6205 -165.2360 0.0000 0.0000 0.0000 -16.9769 1.3994 -12.3918 2.0868 9.0446 25.9349 1.0056 7.2181 -22.8639 0.0689 1.6933 4.6588 0.0000 0.0000 0.0000 10.7615 -1.5988 0.7787 0.0000 -0.0000 0.0000 0.8986 -16.9508 -10.5289 -0.0165 0.8290 -2.2784 -2.9458 0.9161 1.9486 0.4378 1.1432 3.7267 2.1031 0.4571 2.6710 0.3854 5.3086 -16.4783 -2.5922 7.6868 33.4674 0.0979 2.6473 14.3753 -0.0000 -0.0000 0.0000 -89.1367 -5.2755 34.2117 13.7573 -22.3866 -2.7350 -0.0000 0.0000 -8.8569 19.9186 -11.2812 -4.0548 -7.1250 0.0000 -0.0000 -5.0551 18.0284 3.2551 -0.0000 -0.0000 0.0000 86.5298 4.5447 22.1720 -15.4470 24.7651 -3.4110 0.0000 -0.0000 -9.0597 -9.6342 -30.5828 4.9362 7.1250 -0.0000 -0.0000 24.7127 -59.1746 -8.8950
5.7003 16.9940 -0.2420 170.7990 -83.6305 -166.5060 0.0000 0.0000 0.0000 -16.8622 1.4929 -12.4087 2.1158 9.1031 26.1185 0.9918 7.2868 -22.7947 0.0517 1.4680 4.0374 0.0000 0.0000 0.0000 10.8709 -1.5972 0.9431 0.0000 -0.0000 0.0000 0.8843 -16.8695 -10.6865 -0.0149 0.7873 -2.1638 -2.7848 0.9077 1.7420 0.4164 1.1411 3.6873 1.9940 0.4610 2.7495 -0.0282 5.0490 -15.7925 -2.1354 7.2642 32.1981 0.2563 2.5514 13.6061 0.0000 0.0000 0.0000 -89.0160 -5.2194 34.0340 13.5356 -22.0669 -2.6511 -0.0000 0.0000 -8.6260 20.2319 -10.6380 -3.8923 -7.1250 0.0000 -0.0000 -4.8218 18.6824 3.0340 0.0000 0.0000 0.0000 86.5789 4.4789 22.3075 -15.4856 24.8182 -3.4272 0.0000 -0.0000 -9.1642 -9.3141 -30.6822 4.7839 7.1250 -0.0000 -0.0000 25.1204 -59.1916 -9.0639
5.6850 16.9943 -0.2348 169.7620 -83.5473 -165.5030 0.0000 0.0000 0.0000 -17.0559 1.5482 -12.3440 2.1156 9.1028 26.1174 0.9777 7.4125 -22.7645 0.0272 1.0649 2.9274 0.0000 0.0000 0.0000 10.6923 -1.5443 1.0446 0.0000 -0.0000 0.0000 0.8845 -16.8610 -10.6397 -0.0152 0.7963 -2.1886 -2.9161 0.9273 1.6211 0.3817 1.1719 3.7410 2.0346 0.4704 2.8700 0.0472 4.7983 -16.2029 -2.4137 6.9976 31.8611 0.1025 2.4215 13.5643 -0.0000 0.0000 0.0000 -89.0044 -5.3114 33.7538 13.3446 -21.7900 -2.5798 -0.0000 0.0000 -8.1329 20.3757 -10.7328 -3.9567 -7.1250 0.0000 -0.0000 -4.7221 18.5710 2.9825 -0.0000 0.0000 0.0000 86.6077 4.6672 22.3391 -15.5140 24.8573 -3.4391 0.0000 -0.0000 -9.3368 -9.6329 -30.4024 4.9093 7.1250 -0.0000 -0.0000 24.5681 -59.0120 -8.7421
5.6634 16.9941 -0.2255 168.2460 -83.4493 -163.8940 0.0000 0.0000 0.0000 -17.3191 1.5160 -12.2733 2.1203 9.1123 26.1471 1.0288 7.2237 -23.0656 0.0588 1.5649 4.3046 0.0000 0.0000 0.0000 10.4352 -1.4712 1.0163 0.0000 -0.0000 0.0000 0.8902 -16.9124 -10.6687 -0.0150 0.7915 -2.1754 -3.1182 0.8952 1.3626 0.3845 1.1410 3.6840 2.1544 0.4499 2.9553 -0.2028 4.6701 -16.5643 -2.3278 6.8844 31.6910 0.1700 2.3612 13.5529 -0.0000 -0.0000 0.0000 -89.1559 -5.2491 33.2124 13.2163 -21.6034 -2.5324 -0.0000 0.0000 -7.8543 20.0853 -10.4808 -3.8054 -7.1250 0.0000 -0.0000 -4.9228 18.8596 3.0786 -0.0000 -0.0000 0.0000 86.5709 4.5314 22.4140 -15.7103 25.1262 -3.5220 0.0000 -0.0000 -9.3002 -9.3999 -31.0798 4.8846 7.1250 -0.0000 -0.0000 25.3631 -59.5666 -9.3889
5.6476 16.9915 -0.2232 169.3230 -83.4115 -164.9380 0.0000 0.0000 0.0000 -17.2138 1.4571 -12.2271 2.1215 9.1147 26.1547 1.0342 7.3257 -23.1851 0.0602 1.5835 4.3559 0.0000 0.0000 0.0000 10.5296 -1.3985 1.0896 0.0000 0.0000 -0.0000 0.9418 -17.3380 -10.7812 -0.0006 0.1589 -0.4366 -3.0494 0.8622 1.2525 0.4582 1.1003 3.6254 2.1927 0.4321 2.9587 -0.3890 4.5740 -16.7412 -2.2190 6.7818 31.4450 0.2318 2.3213 13.4709 -0.0000 0.0000 0.0000 -89.2492 -5.0045 32.7432 13.3021 -21.7282 -2.5640 -0.0000 0.0000 -7.5786 19.7991 -9.7277 -3.4809 -7.1250 0.0000 -0.0000 -5.1160 19.6749 3.1072 -0.0000 0.0000 0.0000 86.4762 4.5497 22.7094 -15.7097 25.1255 -3.5218 0.0000 -0.0000 -9.6728 -9.5469 -31.0529 4.9582 7.1250 -0.0000 -0.0000 25.1901 -59.5763 -9.3256
5.6364 16.9916 -0.2212 168.2070 -83.3563 -163.7840 0.0000 0.0000 0.0000 -17.3873 1.4668 -12.2560 2.1203 9.1123 26.1471 1.0226 7.4338 -23.1652 0.0454 1.3750 3.7813 0.0000 0.0000 0.0000 10.3818 -1.3405 1.0432 0.0000 -0.0000 0.0000 0.9251 -17.1774 -10.6241 -0.0212 0.9394 -2.5821 -3.1322 0.8651 1.1291 0.4015 1.1116 3.5813 2.1824 0.4373 2.9818 -0.2867 4.3452 -16.7624 -2.4832 6.5088 31.0772 0.0670 2.1957 13.3324 -0.0000 -0.0000 0.0000 -89.1312 -5.2573 33.0746 12.9614 -21.2307 -2.4393 -0.0000 0.0000 -7.8780 19.7504 -9.5737 -3.4174 -7.1250 0.0000 -0.0000 -5.1494 19.8406 3.1085 -0.0000 -0.0000 0.0000 86.5352 4.4230 22.6744 -15.7866 25.2304 -3.5545 0.0000 -0.0000 -9.6556 -9.5106 -31.2344 4.9650 7.1250 -0.0000 -0.0000 25.3804 -59.7301 -9.4960
5.6156 16.9863 -0.2260 167.6960 -83.1001 -163.3510 0.0000 0.0000 0.0000 -17.5259 1.6586 -12.0516 2.1110 9.0935 26.0882 1.0372 7.4214 -23.2796 0.0463 1.3888 3.8194 0.0000 0.0000 0.0000 10.2481 -1.1261 1.2359 0.0000 0.0000 -0.0000 0.9401 -17.3315 -10.8141 -0.0141 0.7654 -2.1034 -3.2605 0.9686 0.9946 0.3602 1.2571 3.5834 2.2160 0.5060 3.0496 -0.2014 4.0656 -16.7343 -2.6311 6.1284 30.6180 -0.0667 2.0422 13.1368 0.0000 0.0000 0.0000 -89.1211 -5.1942 32.9053 12.9493 -21.2129 -2.4349 -0.0000 0.0000 -7.7526 20.1156 -10.3075 -3.7495 -7.1250 0.0000 -0.0000 -4.8985 19.0404 3.0435 0.0000 0.0000 0.0000 86.5624 4.4091 22.6063 -15.7583 25.1918 -3.5424 0.0000 -0.0000 -9.7479 -9.5614 -30.7190 4.9180 7.1250 -0.0000 -0.0000 24.8984 -59.2805 -9.0310
5.5919 16.9893 -0.2351 169.6680 -82.9856 -165.3320 0.0000 0.0000 0.0000 -17.2854 1.7245 -11.8357 2.0875 9.0460 25.9393 1.0450 7.5029 -23.4036 0.0435 1.3462 3.7020 0.0000 0.0000 0.0000 10.5190 -0.9453 1.3446 0.0000 -0.0000 0.0000 0.8954 -17.0212 -10.9915 -0.0242 1.0050 -2.7626 -3.0195 0.9600 0.7805 0.4120 1.2510 3.5741 2.1383 0.5078 3.1642 -0.3047 3.8636 -16.7715 -2.7482 5.9109 30.2193 -0.1278 1.9367 12.9764 0.0000 -0.0000 0.0000 -89.1338 -5.1876 32.5160 12.8186 -21.0208 -2.3878 -0.0000 0.0000 -7.5190 19.9781 -10.9090 -3.9357 -7.1250 0.0000 -0.0000 -5.0060 18.4161 3.1803 0.0000 -0.0000 0.0000 86.6058 4.3328 22.7311 -15.8627 25.3341 -3.5870 0.0000 -0.0000 -9.8318 -9.7460 -30.6062 4.9977 7.1250 -0.0000 -0.0000 24.6176 -59.2209 -8.8857
5.5671 16.9942 -0.2414 167.7710 -82.9194 -163.4070 0.0000 0.0000 0.0000 -17.5533 1.7147 -11.6600 2.0538 8.9773 25.7244 1.0349 7.6307 -23.4124 0.0507 1.4527 3.9954 0.0000 0.0000 0.0000 10.2569 -0.9460 1.4140 0.0000 0.0000 -0.0000 0.8776 -16.8899 -11.0316 -0.0166 0.8331 -2.2897 -3.2244 0.8843 0.6521 0.4354 1.1576 3.5296 2.2774 0.4558 3.1925 -0.8337 3.6785 -17.3074 -2.4767 5.7530 30.2033 0.0530 1.8422 13.0523 -0.0000 -0.0000 0.0000 -89.3955 -5.1984 32.1625 12.7389 -20.9035 -2.3593 -0.0000 0.0000 -7.2153 19.9755 -10.7715 -3.8863 -7.1250 0.0000 -0.0000 -5.0053 18.5614 3.1638 -0.0000 -0.0000 0.0000 86.5380 4.3871 22.6412 -15.7797 25.2210 -3.5516 0.0000 -0.0000 -9.6148 -9.6483 -30.6337 4.9509 7.1250 -0.0000 -0.0000 24.7398 -59.2236 -8.9349
5.5604 16.9899 -0.2586 166.4230 -82.8271 -162.0610 0.0000 0.0000 0.0000 -17.7104 1.7189 -11.5032 2.0240 8.9159 25.5327 1.0273 7.7218 -23.4159 0.0442 1.3572 3.7323 0.0000 0.0000 0.0000 10.1042 -0.9034 1.4915 0.0000 0.0000 -0.0000 0.9493 -17.4577 -11.0903 -0.0027 0.3384 -0.9297 -3.5494 0.8043 0.7373 0.5052 1.0503 3.4284 2.5274 0.3971 3.0408 -1.4757 3.4487 -17.4801 -2.1225 5.5241 29.9220 0.2651 1.7295 12.9350 0.0000 0.0000 0.0000 -89.6057 -5.0910 31.9170 12.7976 -20.9899 -2.3803 -0.0000 0.0000 -7.1843 20.1570 -10.8879 -3.9663 -7.1250 0.0000 -0.0000 -4.8794 18.4243 3.0984 0.0000 0.0000 0.0000 86.3461 4.3670 23.0478 -15.6740 25.0766 -3.5066 0.0000 -0.0000 -9.6971 -9.6895 -30.9797 5.0227 7.1250 -0.0000 -0.0000 24.9828 -59.5433 -9.2229
5.5499 16.9967 -0.2696 165.2540 -82.8616 -160.9240 0.0000 0.0000 0.0000 -17.8362 1.5382 -11.3440 2.0005 8.8670 25.3803 0.9974 8.0457 -23.4062 0.0258 1.0378 2.8528 0.0000 0.0000 0.0000 10.0088 -0.9652 1.5321 0.0000 -0.0000 0.0000 0.9377 -17.3894 -11.1874 -0.0155 0.8028 -2.2064 -3.4956 0.7688 0.4780 0.3949 1.0151 3.5775 2.3882 0.3736 3.3468 -1.5103 3.2606 -17.6657 -2.0718 5.2670 29.4568 0.2532 1.6429 12.7780 -0.0000 0.0000 0.0000 -89.5325 -5.2885 32.0606 12.9081 -21.1524 -2.4200 -0.0000 0.0000 -7.3149 20.1828 -10.7556 -3.9243 -7.1250 0.0000 -0.0000 -4.8588 18.5620 3.0704 -0.0000 0.0000 0.0000 86.5410 4.6772 22.7200 -15.5781 24.9452 -3.4661 0.0000 -0.0000 -9.4910 -9.6644 -30.9599 5.0066 7.1250 -0.0000 -0.0000 24.9921 -59.5199 -9.2125
5.5411 16.9994 -0.2868 166.3510 -82.9435 -161.9360 0.0000 0.0000 0.0000 -17.6075 1.4273 -11.1737 1.9477 8.7562 25.0357 0.9901 8.0984 -23.3848 0.0341 1.1916 3.2763 0.0000 0.0000 0.0000 10.2618 -0.9539 1.4542 0.0000 -0.0000 0.0000 0.9378 -17.3799 -11.1362 -0.0276 1.0723 -2.9477 -3.3575 0.6861 0.5336 0.5370 0.8990 3.3817 2.4525 0.3267 3.1195 -1.5712 3.1828 -17.8470 -2.4375 5.2986 29.4818 0.1314 1.5953 12.8405 0.0000 0.0000 0.0000 -89.8109 -5.0640 31.6842 12.9890 -21.2710 -2.4493 -0.0000 0.0000 -7.3185 19.9142 -10.3091 -3.7094 -7.1250 0.0000 -0.0000 -5.0413 19.0535 3.1315 0.0000 0.0000 0.0000 86.4193 4.4187 22.7000 -15.5266 24.8746 -3.4444 0.0000 -0.0000 -9.4313 -9.8014 -31.2278 5.1179 7.1250 -0.0000 -0.0000 25.0765 -59.7912 -9.4103
5.5098 17.0025 -0.3028 162.0710 -82.8544 -157.7850 0.0000 0.0000 0.0000 -18.2037 1.2814 -10.4709 1.8582 8.5642 24.4412 0.9776 8.3434 -23.4674 0.0466 1.3939 3.8334 0.0000 0.0000 0.0000 9.6850 -1.0994 1.7038 0.0000 -0.0000 0.0000 0.9022 -17.1297 -11.2483 -0.0236 0.9922 -2.7275 -3.6923 0.6468 0.4107 0.3439 0.8618 3.2913 2.4414 0.3046 3.0970 -1.7466 3.0704 -17.9302 -2.1250 5.1013 29.4676 0.2511 1.5332 12.8336 0.0000 -0.0000 0.0000 -89.7508 -4.8692 31.8118 13.0047 -21.2941 -2.4550 -0.0000 0.0000 -7.4305 20.1306 -11.1287 -4.0469 -7.1250 0.0000 -0.0000 -4.9029 18.1721 3.1408 0.0000 -0.0000 0.0000 86.5371 4.1234 22.3461 -15.4207 24.7289 -3.4000 0.0000 -0.0000 -9.1413 -9.6204 -31.0041 4.9899 7.1250 -0.0000 -0.0000 25.0740 -59.5494 -9.2629
5.5015 16.9985 -0.3299 159.6490 -82.7600 -155.3900 0.0000 0.0000 0.0000 -18.4789 1.2591 -10.2286 1.8056 8.4488 24.0857 0.9378 8.5281 -23.2738 0.0340 1.1901 3.2720 0.0000 0.0000 0.0000 9.4449 -0.8407 0.9704 -0.0079 -0.5741 1.5775 0.8546 -16.9356 -11.9670 -0.0335 1.1810 -3.2469 -3.9435 0.5798 0.0871 0.2597 0.7930 3.4646 2.4990 0.2529 3.4635 -1.5857 2.9594 -18.2068 -2.5019 5.0277 29.2183 0.0726 1.4774 12.8085 0.0000 0.0000 0.0000 -89.6597 -5.2412 32.3568 12.9483 -21.2114 -2.4345 -0.0000 0.0000 -8.1176 20.1962 -11.1206 -4.0583 -7.1250 0.0000 -0.0000 -4.8566 18.1754 3.1106 0.0000 0.0000 0.0000 86.5656 4.3896 22.4067 -15.3812 24.6745 -3.3835 0.0000 -0.0000 -9.0193 -9.5361 -31.2775 4.9846 7.1250 -0.0000 -0.0000 25.3909 -59.7745 -9.5274
5.5282 17.0040 -0.3679 162.1300 -82.7648 -157.6510 0.0000 0.0000 0.0000 -17.9754 1.1081 -10.5044 1.7997 8.4358 24.0458 0.9236 8.6621 -23.2594 0.0438 1.3508 3.7147 0.0000 0.0000 0.0000 9.9961 -0.3686 0.0088 -0.0265 -1.0505 2.8879 0.8316 -16.8882 -12.4469 -0.0035 0.3799 -1.0439 -3.6483 0.6546 0.1474 0.3702 0.8829 3.3333 2.4481 0.3117 3.2880 -1.6308 2.7318 -18.2445 -2.8156 4.8127 29.1367 -0.0743 1.3368 12.7929 0.0000 -0.0000 0.0000 -89.7444 -5.5080 32.3614 12.9323 -21.1879 -2.4288 -0.0000 0.0000 -8.1341 19.7792 -10.7598 -3.8409 -7.1250 0.0000 -0.0000 -5.1437 18.5886 3.2488 0.0000 -0.0000 0.0000 86.5728 4.3274 22.1634 -15.3340 24.6094 -3.3638 0.0000 -0.0000 -9.1485 -9.6575 -30.8532 4.9876 7.1250 -0.0000 -0.0000 24.9106 -59.4227 -9.1215
5.4969 17.0056 -0.4034 159.3770 -82.8721 -155.1710 0.0000 0.0000 0.0000 -18.1619 1.1046 -10.0501 1.7927 8.4202 23.9977 0.9294 8.6006 -23.2600 0.0295 1.1083 3.0469 0.0000 0.0000 0.0000 9.7801 -0.5391 0.0134 -0.0406 -1.3004 3.5756 0.7745 -16.5697 -12.8628 -0.0106 0.6645 -1.8260 -3.8721 0.5445 0.0221 0.3305 0.7458 3.4963 2.5318 0.2284 3.5364 -2.0509 2.5949 -18.6504 -2.2715 4.6103 29.2568 0.1796 1.2706 12.8958 0.0000 0.0000 0.0000 -89.7840 -5.4647 32.5408 13.2183 -21.6063 -2.5331 -0.0000 0.0000 -8.1770 20.4683 -10.6521 -3.9468 -7.1250 0.0000 -0.0000 -4.6551 18.6491 2.9318 0.0000 0.0000 0.0000 86.5484 4.4524 22.2304 -15.2788 24.5331 -3.3409 0.0000 -0.0000 -9.0704 -9.6267 -31.1842 5.0192 7.1250 -0.0000 -0.0000 25.2189 -59.7120 -9.4197
5.5147 17.0123 -0.4512 162.8820 -83.1264 -158.5120 0.0000 0.0000 0.0000 -17.4246 0.9717 -10.0809 1.7397 8.3014 23.6335 0.8814 8.7237 -22.9441 0.0328 1.1697 3.2158 0.0000 0.0000 0.0000 10.5874 -0.1788 -1.1204 -0.0862 -1.8934 5.2112 0.6858 -16.0823 -13.4902 -0.0330 1.1734 -3.2262 -3.4037 0.5832 0.5023 0.5051 0.7669 3.1402 2.4416 0.2702 2.8961 -2.4480 2.4342 -18.7448 -1.9643 4.4127 29.6996 0.3339 1.1598 13.0789 0.0000 -0.0000 0.0000 -89.7641 -5.2112 33.0190 13.3048 -21.7322 -2.5651 -0.0000 0.0000 -8.2934 20.8170 -11.1171 -4.1928 -7.1250 0.0000 -0.0000 -4.4199 18.1284 2.8337 0.0000 -0.0000 0.0000 86.5809 3.8949 22.0129 -15.4084 24.7120 -3.3949 0.0000 -0.0000 -9.0598 -9.6352 -31.1565 5.0197 7.1250 -0.0000 -0.0000 25.1868 -59.6891 -9.3929
5.4862 17.0027 -0.4850 156.1980 -83.1412 -152.1580 0.0000 0.0000 0.0000 -18.1785 0.8386 -9.3603 1.7036 8.2193 23.3822 0.8927 8.6711 -22.9998 0.0318 1.1506 3.1633 0.0000 0.0000 0.0000 9.7536 -0.3803 -1.3606 -0.1349 -2.3671 6.5212 0.5846 -15.5793 -14.2899 -0.0273 1.0670 -2.9331 -3.9105 0.4841 0.2932 0.3334 0.6538 3.3085 2.5499 0.1928 3.1946 -2.4830 2.3438 -18.7914 -2.1276 4.3438 29.9229 0.2651 1.0906 13.1877 0.0000 0.0000 0.0000 -89.8642 -5.0643 33.2057 13.5554 -22.0955 -2.6586 -0.0000 0.0000 -8.7446 20.9144 -11.1246 -4.2170 -7.1250 0.0000 -0.0000 -4.3516 18.1123 2.7912 0.0000 0.0000 0.0000 86.4663 3.8427 21.9616 -15.3863 24.6815 -3.3856 0.0000 -0.0000 -8.7834 -9.3903 -31.2637 4.9054 7.1250 -0.0000 -0.0000 25.5285 -59.7285 -9.5550
5.5010 17.0000 -0.5394 155.9380 -83.2819 -151.9530 0.0000 0.0000 0.0000 -17.9762 1.1453 -9.2134 1.6538 8.1044 23.0317 0.8475 8.6378 -22.5757 0.0146 0.7812 2.1469 0.0000 0.0000 0.0000 10.0152 -0.1703 -2.1960 -0.2050 -2.9156 8.0439 0.4924 -15.2286 -15.1959 -0.0085 0.5956 -1.6368 -3.9214 0.4848 0.6153 0.4047 0.6384 3.1641 2.6253 0.1937 2.8636 -2.6686 2.1426 -18.5166 -2.1955 4.1061 30.1333 0.2257 0.9439 13.2169 -0.0000 -0.0000 0.0000 -89.8741 -4.9378 33.3795 13.7132 -22.3232 -2.7182 -0.0000 0.0000 -8.9770 20.6117 -10.5395 -3.9355 -7.1250 0.0000 -0.0000 -4.5513 18.7572 2.8551 -0.0000 -0.0000 0.0000 86.4331 3.6488 21.9085 -15.2689 24.5194 -3.3367 0.0000 -0.0000 -8.8470 -9.6493 -31.4686 5.0721 7.1250 -0.0000 -0.0000 25.4382 -59.9712 -9.6673
5.5017 16.9944 -0.5861 151.1960 -83.3461 -147.1920 0.0000 0.0000 0.0000 -18.2769 0.7994 -9.0416 1.6109 8.0036 22.7249 0.8403 8.6304 -22.5061 0.0235 0.9888 2.7179 0.0000 0.0000 0.0000 9.5963 -0.2321 -2.9319 -0.2728 -3.3598 9.2821 0.4574 -15.1112 -15.5476 -0.0268 1.0569 -2.9055 -4.2252 0.3939 -0.0678 0.3050 0.5570 3.5826 2.6994 0.1184 3.6899 -2.8927 1.9169 -18.9908 -2.1306 3.8685 30.2624 0.2558 0.8173 13.3673 -0.0000 -0.0000 0.0000 -89.8392 -5.6287 33.7584 13.8146 -22.4691 -2.7569 -0.0000 0.0000 -9.4426 20.6556 -10.7536 -4.0236 -7.1250 0.0000 -0.0000 -4.5249 18.5269 2.8616 -0.0000 -0.0000 0.0000 86.3791 4.3282 21.6718 -15.1419 24.3434 -3.2842 0.0000 -0.0000 -8.5673 -9.2253 -31.1527 4.8029 7.1250 -0.0000 -0.0000 25.6029 -59.5916 -9.5004
5.4958 16.9840 -0.6377 148.7490 -83.5577 -144.9920 0.0000 0.0000 0.0000 -18.2347 0.5553 -8.5271 1.5806 7.9316 22.5064 0.8359 8.6599 -22.4912 0.0234 0.9885 2.7171 0.0000 0.0000 0.0000 9.6230 -0.8851 -3.3145 -0.3348 -3.7187 10.2866 0.3511 -14.3951 -15.8667 -0.0193 0.8959 -2.4624 -4.1939 0.3646 0.6322 0.3076 0.4816 3.2827 2.6757 0.1037 2.9885 -3.2947 1.7114 -19.1104 -2.0177 3.6596 31.1253 0.3304 0.6490 13.7534 0.0000 0.0000 0.0000 -89.9055 -5.0351 33.7503 13.9888 -22.7186 -2.8238 -0.0000 0.0000 -9.6184 20.3073 -10.6137 -3.8992 -7.1250 0.0000 -0.0000 -4.7681 18.7023 2.9978 0.0000 0.0000 0.0000 86.3428 3.7018 21.6079 -15.0911 24.2728 -3.2633 0.0000 -0.0000 -8.4275 -9.8127 -30.6073 5.0326 7.1250 -0.0000 -0.0000 24.5501 -59.2370 -8.8690
5.5088 16.9716 -0.6997 147.8940 -83.8783 -144.1470 0.0000 0.0000 0.0000 -17.8700 0.4373 -8.5940 1.5891 7.9519 22.5682 0.8279 8.5555 -22.3332 0.0177 0.8592 2.3616 0.0000 0.0000 0.0000 9.9558 -1.2395 -3.9232 -0.3957 -4.0390 11.1865 0.2881 -14.0174 -16.1545 -0.0240 0.9996 -2.7478 -4.0257 0.3165 0.5275 0.3178 0.4198 3.4647 2.5919 0.0674 3.2414 -3.2573 1.5614 -19.1814 -2.0886 3.4531 31.2491 0.2606 0.5483 13.8270 -0.0000 -0.0000 0.0000 -89.7418 -5.2556 33.8305 14.1614 -22.9650 -2.8908 -0.0000 0.0000 -10.0917 19.9471 -10.6576 -3.8399 -7.1250 0.0000 -0.0000 -5.0235 18.6836 3.1617 -0.0000 -0.0000 0.0000 86.4117 4.0785 21.5859 -15.0475 24.2122 -3.2454 0.0000 -0.0000 -8.3588 -9.4528 -30.9917 4.9001 7.1250 -0.0000 -0.0000 25.2351 -59.5001 -9.2971
5.5184 16.9613 -0.7638 147.1080 -84.0436 -143.5110 0.0000 0.0000 0.0000 -17.6072 0.5774 -8.5413 1.5990 7.9754 22.6394 0.8086 8.4710 -22.0902 0.0075 0.5603 1.5395 0.0000 0.0000 0.0000 10.1742 -1.3608 -4.4072 -0.4698 -4.3963 12.1942 0.2037 -13.6012 -16.6908 -0.0110 0.6758 -1.8572 -3.9227 0.3714 0.5953 0.3718 0.4861 3.6146 2.5914 0.0963 3.3537 -3.4931 1.3601 -19.2026 -2.1707 3.2657 31.3835 0.2351 0.4201 13.8914 -0.0000 -0.0000 0.0000 -89.8634 -5.4370 33.6752 14.1850 -22.9985 -2.9000 -0.0000 0.0000 -9.9172 20.4395 -10.6195 -3.9289 -7.1250 0.0000 -0.0000 -4.6748 18.6858 2.9405 -0.0000 -0.0000 0.0000 86.2924 4.0627 21.6960 -15.1596 24.3680 -3.2915 0.0000 -0.0000 -8.6419 -9.5083 -31.3009 4.9732 7.1250 -0.0000 -0.0000 25.4393 -59.7889 -9.5559
5.5278 16.9548 -0.8322 143.4490 -84.2250 -140.0340 0.0000 0.0000 0.0000 -17.5583 0.5268 -8.3290 1.5848 7.9416 22.5368 0.7761 8.3970 -21.7305 0.0045 0.4316 1.1858 0.0000 0.0000 0.0000 10.1884 -1.4931 -4.8749 -0.5661 -4.8187 13.3921 0.1162 -13.2392 -17.3359 -0.0063 0.5127 -1.4088 -4.1143 0.3921 0.9574 0.3741 0.4981 3.5423 2.6985 0.1037 3.0727 -3.8313 1.1706 -19.0082 -2.0255 3.0297 31.6969 0.3063 0.2815 13.9797 0.0000 0.0000 0.0000 -89.8933 -5.1986 33.8244 14.1647 -22.9697 -2.8921 -0.0000 0.0000 -9.6355 20.5509 -11.0386 -4.1058 -7.1250 0.0000 -0.0000 -4.6052 18.2333 2.9426 0.0000 0.0000 0.0000 86.3079 3.8115 21.3503 -15.2052 24.4312 -3.3104 0.0000 -0.0000 -8.3741 -9.4566 -30.8897 4.8876 7.1250 -0.0000 -0.0000 25.1462 -59.4096 -9.2067
5.5461 16.9523 -0.9004 140.2570 -84.5784 -136.8570 0.0000 0.0000 0.0000 -17.2855 0.1902 -8.3444 1.5837 7.9391 22.5292 0.7597 8.3328 -21.5252 0.0047 0.4431 1.2174 0.0000 0.0000 0.0000 10.4139 -1.8729 -5.4431 -0.6403 -5.1195 14.2498 0.0503 -12.9098 -17.7161 -0.0031 0.3574 -0.9821 -3.9762 0.3051 0.8306 0.3450 0.3864 3.7457 2.5904 0.0411 3.3644 -3.7075 1.0403 -19.0161 -2.3339 2.8985 31.7014 0.1385 0.1957 13.9955 0.0000 -0.0000 0.0000 -89.8925 -5.4766 33.4469 14.1521 -22.9517 -2.8871 -0.0000 0.0000 -9.4074 22.8803 -11.5041 -4.8110 -7.1250 0.0000 -0.0000 -2.9851 17.5332 1.9498 0.0000 -0.0000 0.0000 86.3420 4.1150 21.4811 -15.2768 24.5303 -3.3400 0.0000 -0.0000 -8.4007 -9.3270 -31.1072 4.8501 7.1250 -0.0000 -0.0000 25.4607 -59.5744 -9.4327
5.5480 16.9489 -0.9728 135.8990 -84.8858 -132.5680 0.0000 0.0000 0.0000 -17.0808 0.1247 -8.3248 1.5751 7.9185 22.4669 0.7345 8.1917 -21.1698 0.0008 0.1872 0.5143 0.0000 0.0000 0.0000 10.5833 -2.1936 -5.7382 -0.6961 -5.3335 14.8623 0.0044 -12.7595 -18.0891 -0.0007 0.1718 -0.4719 -4.5405 0.2398 1.0898 0.7944 0.2819 3.5795 3.3690 -0.0235 3.0532 -4.0767 0.9320 -18.6333 -2.7699 2.9631 31.9387 0.0310 0.0987 14.0264 0.0000 -0.0000 0.0000 -90.7127 -5.1266 32.8286 13.9976 -22.7313 -2.8272 -0.0000 0.0000 -8.8881 22.2170 -11.8049 -4.7764 -7.1250 0.0000 -0.0000 -3.4611 17.2722 2.2816 0.0000 -0.0000 0.0000 85.5498 3.7368 21.8188 -15.2579 24.5042 -3.3322 0.0000 -0.0000 -8.7517 -9.6888 -30.9611 5.0196 7.1250 -0.0000 -0.0000 24.9682 -59.5265 -9.2069
5.5590 16.9432 -1.0502 132.3760 -85.0245 -129.0510 0.0000 0.0000 0.0000 -16.9179 -0.2526 -8.1720 1.5472 7.8512 22.2630 0.7217 8.2887 -21.1288 0.0021 0.2946 0.8094 0.0000 0.0000 0.0000 10.7606 -2.1824 -6.1833 -0.7682 -5.5969 15.6193 -0.0027 -12.8624 -18.3238 -0.0073 0.5522 -1.5175 -4.4812 0.1910 1.0327 0.6837 0.2215 3.6778 3.2205 -0.0564 3.1931 -4.3309 0.6836 -18.9981 -2.4908 2.6194 32.3747 0.1249 -0.0622 14.2935 -0.0000 -0.0000 0.0000 -90.6378 -5.0945 32.2584 14.0535 -22.8111 -2.8488 -0.0000 0.0000 -8.4139 22.0304 -11.5334 -4.6254 -7.1250 0.0000 -0.0000 -3.5813 17.5799 2.3369 -0.0000 -0.0000 0.0000 85.7512 3.9904 21.7156 -15.1607 24.3695 -3.2920 0.0000 -0.0000 -8.5116 -9.6158 -30.5852 4.9270 7.1250 -0.0000 -0.0000 24.7334 -59.1726 -8.9018
5.5483 16.9284 -1.1089 124.0850 -85.0390 -120.8610 0.0000 0.0000 0.0000 -17.1650 -0.5785 -7.8934 1.5255 7.7987 22.1043 0.7404 8.0681 -21.1240 0.0097 0.6358 1.7473 0.0000 0.0000 0.0000 10.4226 -3.3907 -6.6212 -0.8405 -5.8480 16.3442 -0.1385 -11.8771 -18.6561 -0.0010 0.2071 -0.5691 -4.4155 0.1706 0.2587 0.3832 0.2390 4.3126 2.8768 -0.0831 4.2919 -4.1859 0.2891 -19.6573 -2.4978 2.0642 32.3733 0.0028 -0.2761 14.4463 0.0000 0.0000 0.0000 -90.4882 -5.8790 31.9642 14.0280 -22.7748 -2.8390 -0.0000 0.0000 -8.1727 21.5090 -11.3941 -4.4518 -7.1250 0.0000 -0.0000 -3.9418 17.7750 2.5563 0.0000 0.0000 0.0000 86.0188 5.0172 21.2353 -14.9468 24.0719 -3.2042 0.0000 -0.0000 -8.3573 -9.3716 -31.3476 4.9073 7.1250 -0.0000 -0.0000 25.6192 -59.7989 -9.6352
5.5778 16.9332 -1.1939 125.6150 -85.5358 -122.2810 0.0000 0.0000 0.0000 -16.2636 -0.6950 -8.0005 1.4809 7.6889 21.7731 0.6900 8.1926 -20.7422 0.0093 0.6232 1.7124 0.0000 0.0000 0.0000 11.3553 -2.7419 -6.8724 -0.8803 -5.9815 16.7306 -0.1204 -12.3557 -19.0573 -0.0003 0.1022 -0.2809 -3.9307 0.1739 0.7774 0.4169 0.2117 3.8413 2.6360 -0.0508 3.5066 -3.7388 0.2248 -19.2133 -2.6650 1.7998 32.9000 -0.1999 -0.3851 14.5914 -0.0000 0.0000 0.0000 -90.2411 -4.9018 31.7608 14.0166 -22.7585 -2.8345 -0.0000 0.0000 -8.5238 21.7799 -11.8896 -4.7060 -7.1250 0.0000 -0.0000 -3.7694 17.2225 2.4898 -0.0000 0.0000 0.0000 86.3534 4.2087 21.3247 -14.9668 24.0998 -3.2124 0.0000 -0.0000 -7.8281 -9.7384 -30.4130 4.9654 7.1250 -0.0000 -0.0000 24.4690 -59.0452 -8.7238
5.5625 16.9354 -1.2640 117.1220 -85.5519 -113.9820 0.0000 0.0000 0.0000 -16.3881 -1.0080 -7.4720 1.4329 7.5686 21.4113 0.6681 8.2747 -20.5978 0.0016 0.2556 0.7024 0.0000 0.0000 0.0000 11.2073 -3.3552 -6.7836 -0.8989 -6.0425 16.9077 -0.1496 -12.2579 -19.2695 -0.0002 0.0919 -0.2525 -4.0735 0.0429 0.5781 0.2931 0.0505 4.0430 2.5846 -0.1458 3.8424 -3.6239 0.0934 -19.3564 -2.9767 1.6782 33.1171 -0.3746 -0.4780 14.7310 0.0000 -0.0000 0.0000 -90.1575 -4.8289 31.5180 13.9724 -22.6952 -2.8174 -0.0000 0.0000 -8.5556 21.4455 -11.4275 -4.4502 -7.1250 0.0000 -0.0000 -3.9874 17.7451 2.5887 0.0000 -0.0000 0.0000 86.3402 4.5227 21.3340 -14.8795 23.9779 -3.1768 0.0000 -0.0000 -8.0445 -9.6742 -30.7977 4.9883 7.1250 -0.0000 -0.0000 24.8476 -59.3766 -9.0689
5.5716 16.9369 -1.3303 110.8470 -85.5542 -107.5990 0.0000 0.0000 0.0000 -16.3505 -1.3335 -7.4314 1.3819 7.4384 21.0209 0.6083 8.4801 -20.1805 0.0009 -0.1940 -0.5331 0.0000 0.0000 0.0000 11.2528 -3.9754 -7.0463 -0.9133 -6.0895 17.0444 -0.2112 -11.8398 -19.4496 -0.0007 -0.1653 0.4541 -3.8884 0.1012 0.9396 0.1726 0.1132 3.7853 2.3572 -0.0904 3.3640 -4.1270 -0.1732 -19.3886 -2.4958 1.2943 33.3819 -0.1623 -0.6455 14.8526 -0.0000 -0.0000 0.0000 -90.1749 -4.4110 31.4907 13.8366 -22.5007 -2.7653 -0.0000 0.0000 -8.1350 21.5281 -11.9521 -4.6703 -7.1250 0.0000 -0.0000 -3.9473 17.1790 2.6116 -0.0000 -0.0000 0.0000 86.4132 4.1027 20.8946 -15.0025 24.1496 -3.2270 0.0000 -0.0000 -8.0501 -9.3125 -31.3551 4.8770 7.1250 -0.0000 -0.0000 25.6863 -59.7920 -9.6582
5.5699 16.9350 -1.4124 108.7110 -85.7583 -105.4050 0.0000 0.0000 0.0000 -15.8953 -1.6112 -7.2861 1.3452 7.3429 20.7354 0.5815 8.6514 -20.0612 0.0036 -0.3854 -1.0591 0.0000 0.0000 0.0000 11.7500 -3.7614 -7.0022 -0.9227 -6.1197 17.1321 -0.2282 -12.0203 -19.8577 -0.0040 -0.4068 1.1177 -3.7494 0.0726 0.3043 0.1000 0.1046 4.0535 2.2051 -0.1067 4.0027 -3.8815 -0.3549 -19.2983 -2.6728 0.9937 33.2462 -0.3293 -0.7594 14.7737 0.0000 -0.0000 0.0000 -89.9646 -4.6909 30.8916 13.8038 -22.4536 -2.7527 -0.0000 0.0000 -7.8367 21.0546 -11.5931 -4.4236 -7.1250 0.0000 -0.0000 -4.2664 17.6032 2.7841 0.0000 -0.0000 0.0000 86.7106 4.5017 20.8849 -14.9494 24.0756 -3.2053 0.0000 -0.0000 -7.7445 -9.6917 -30.9599 5.0210 7.1250 -0.0000 -0.0000 24.9641 -59.5262 -9.2051
5.5610 16.9360 -1.4744 101.7920 -85.7927 -98.5825 0.0000 0.0000 0.0000 -15.8133 -1.9911 -6.8187 1.3047 7.2359 20.4162 0.5914 8.6245 -20.1378 0.0134 -0.7481 -2.0559 0.0000 0.0000 0.0000 11.8659 -4.3136 -6.8091 -0.9082 -6.0729 16.9961 -0.2489 -11.9472 -19.9954 -0.0056 -0.4822 1.3250 -3.4590 0.0972 0.2230 -0.0042 0.1386 4.1123 1.9358 -0.0805 4.1067 -4.1470 -0.6214 -19.3433 -2.5387 0.6514 33.3533 -0.2916 -0.9215 14.8350 -0.0000 0.0000 0.0000 -89.9298 -4.7795 31.0800 13.4725 -21.9755 -2.6275 -0.0000 0.0000 -7.8285 21.2421 -11.9545 -4.6034 -7.1250 0.0000 -0.0000 -4.1468 17.2025 2.7421 -0.0000 0.0000 0.0000 86.7333 4.6822 20.4323 -14.7343 23.7746 -3.1180 0.0000 -0.0000 -7.5850 -10.0401 -30.7009 5.1651 7.1250 -0.0000 -0.0000 24.3936 -59.3728 -8.8884
5.5653 16.9440 -1.5382 96.9359 -85.9475 -93.6801 0.0000 0.0000 0.0000 -15.5063 -2.4551 -6.5205 1.2400 7.0612 19.8967 0.5010 9.1876 -19.7270 0.0088 -0.6073 -1.6689 0.0000 0.0000 0.0000 12.2358 -4.5224 -6.8938 -0.9037 -6.0581 16.9532 -0.2496 -12.0203 -20.0900 -0.0079 -0.5729 1.5742 -3.4270 -0.0044 0.4763 0.0617 -0.0084 3.8573 1.9815 -0.1412 3.7063 -4.0932 -0.7144 -19.3811 -2.5789 0.4945 33.6895 -0.3542 -1.0029 15.0012 -0.0000 -0.0000 0.0000 -90.0368 -4.0054 30.4696 13.7283 -22.3450 -2.7240 -0.0000 0.0000 -7.8204 20.8955 -11.4896 -4.3487 -7.1250 0.0000 -0.0000 -4.3748 17.7267 2.8434 -0.0000 -0.0000 0.0000 86.6920 4.3445 20.4648 -14.7240 23.7602 -3.1139 0.0000 -0.0000 -7.3958 -10.1010 -29.9587 5.0837 7.1250 -0.0000 -0.0000 23.7399 -58.7154 -8.2548
5.5565 16.9368 -1.6001 92.9710 -85.8001 -89.7343 0.0000 0.0000 0.0000 -15.5293 -2.6330 -6.1510 1.1723 6.8725 19.3383 0.4303 9.6040 -19.3826 0.0156 -0.8052 -2.2130 0.0000 0.0000 0.0000 12.2590 -4.7157 -6.9419 -0.9079 -6.0717 16.9927 -0.2484 -12.0737 -20.1407 -0.0083 -0.5901 1.6214 -4.2069 -0.1017 0.5994 0.5034 -0.1431 3.7040 2.8725 -0.2328 3.4944 -4.5973 -0.8321 -19.1038 -2.9182 0.5816 33.7573 -0.3944 -1.0903 14.9788 -0.0000 0.0000 0.0000 -90.8031 -3.7002 29.8147 13.6357 -22.2115 -2.6889 -0.0000 0.0000 -7.5368 20.5023 -11.7215 -4.3442 -7.1250 0.0000 -0.0000 -4.6564 17.5150 3.0493 -0.0000 0.0000 0.0000 85.8280 4.1308 20.9334 -14.7664 23.8197 -3.1310 0.0000 -0.0000 -7.4936 -9.9457 -30.5104 5.0873 7.1250 -0.0000 -0.0000 24.3357 -59.1797 -8.7520
5.5549 16.9422 -1.6592 89.8618 -85.7979 -86.5179 0.0000 0.0000 0.0000 -15.3645 -2.7369 -5.9654 1.1072 6.6855 18.7870 0.3700 9.9450 -19.0734 0.0452 -1.3727 -3.7748 0.0000 0.0000 0.0000 12.5088 -4.6211 -7.0031 -0.9160 -6.0983 17.0698 -0.2674 -12.1848 -20.4762 -0.0131 -0.7379 2.0278 -4.1569 -0.0279 0.4742 0.4797 -0.0372 3.5922 2.8226 -0.1733 3.4399 -4.6583 -1.0873 -19.0578 -2.8853 0.2050 33.8513 -0.4403 -1.2552 15.0153 0.0000 0.0000 0.0000 -90.7232 -3.4516 30.1100 13.6652 -22.2540 -2.7000 -0.0000 0.0000 -7.6986 20.3440 -11.8524 -4.3550 -7.1250 0.0000 -0.0000 -4.7705 17.3903 3.1376 0.0000 0.0000 0.0000 85.8867 3.9980 20.5176 -14.7484 23.7945 -3.1237 0.0000 -0.0000 -7.3888 -10.2685 -30.4703 5.2488 7.1250 -0.0000 -0.0000 23.9728 -59.2163 -8.6331
5.5545 16.9432 -1.7064 86.4090 -85.7340 -83.0184 0.0000 0.0000 0.0000 -15.2958 -3.3005 -5.5405 1.0553 6.5319 18.3356 0.3476 10.2984 -19.2024 0.0364 -1.2323 -3.3881 0.0000 0.0000 0.0000 12.6324 -4.9788 -7.0786 -0.9092 -6.0761 17.0054 -0.2592 -12.1794 -20.3828 -0.0108 -0.6724 1.8478 -4.0671 -0.0151 0.2916 0.5588 -0.0146 3.6435 2.8548 -0.1647 3.5943 -5.4251 -1.3761 -19.1526 -2.3777 -0.1102 33.7654 -0.1514 -1.4072 15.0051 -0.0000 -0.0000 0.0000 -91.0572 -3.5271 30.0299 13.6898 -22.2895 -2.7093 -0.0000 0.0000 -7.8237 20.5246 -11.9208 -4.4219 -7.1250 0.0000 -0.0000 -4.6463 17.3024 3.0644 -0.0000 -0.0000 0.0000 85.5282 4.2306 20.2430 -14.7361 23.7772 -3.1188 0.0000 -0.0000 -7.5387 -9.6875 -30.2001 4.9079 7.1250 -0.0000 -0.0000 24.3511 -58.8420 -8.5585
5.5573 16.9531 -1.7601 83.6613 -85.6958 -80.2254 0.0000 0.0000 0.0000 -15.1454 -3.7274 -5.1958 0.9982 6.3582 17.8272 0.2938 10.7130 -19.0591 0.0292 -1.1037 -3.0342 0.0000 0.0000 0.0000 12.8354 -5.0459 -7.2258 -0.9195 -6.1095 17.1025 -0.2539 -12.2578 -20.4201 -0.0056 -0.4831 1.3273 -4.2477 -0.1542 0.0232 0.5612 -0.1843 3.7674 2.9532 -0.2645 3.8910 -5.1511 -1.3751 -19.3156 -2.6363 -0.0898 33.5928 -0.3002 -1.3916 14.9606 -0.0000 -0.0000 0.0000 -90.9940 -3.5236 29.7711 13.8244 -22.4831 -2.7606 -0.0000 0.0000 -8.3061 20.4910 -12.6374 -4.6741 -7.1250 0.0000 -0.0000 -4.6913 16.5480 3.1716 -0.0000 -0.0000 0.0000 85.6174 4.5230 20.4660 -14.7756 23.8326 -3.1347 0.0000 -0.0000 -7.6102 -9.5361 -30.7833 4.9140 7.1250 -0.0000 -0.0000 24.9770 -59.3324 -9.0932
5.5595 16.9558 -1.8043 81.8271 -85.4858 -78.3294 0.0000 0.0000 0.0000 -15.1908 -3.9004 -5.0456 0.9608 6.2414 17.4865 0.2753 10.8411 -18.9954 0.0300 -1.1180 -3.0736 0.0000 0.0000 0.0000 12.8016 -5.2040 -7.3102 -0.9166 -6.1002 17.0753 -0.2431 -12.2905 -20.3442 -0.0073 -0.5504 1.5123 -4.3905 -0.1570 -0.1071 0.4816 -0.1758 3.8011 2.9510 -0.2667 4.0003 -5.6759 -1.7916 -19.2574 -2.2347 -0.6516 33.2696 -0.1366 -1.6207 14.8115 0.0000 0.0000 0.0000 -90.8953 -3.5652 29.9754 13.8000 -22.4480 -2.7513 -0.0000 0.0000 -8.1227 20.8918 -12.7457 -4.8136 -7.1250 0.0000 -0.0000 -4.4174 16.3959 2.9999 0.0000 0.0000 0.0000 85.6090 4.6739 20.5927 -14.7899 23.8526 -3.1405 0.0000 -0.0000 -7.4687 -10.4528 -30.3252 5.3217 7.1250 -0.0000 -0.0000 23.6682 -59.1266 -8.4640
5.5580 16.9620 -1.8385 79.9480 -85.5726 -76.4090 0.0000 0.0000 0.0000 -14.9462 -4.0350 -4.9939 0.9435 6.1864 17.3261 0.2561 10.9794 -18.9355 0.0312 -1.1401 -3.1344 0.0000 0.0000 0.0000 13.0788 -5.2921 -7.2348 -0.8979 -6.0393 16.8986 -0.2405 -12.3589 -20.3990 -0.0059 -0.4961 1.3631 -4.2739 -0.2121 -0.1898 0.5704 -0.2498 3.7173 2.9749 -0.2978 3.9654 -6.1619 -2.0261 -18.8259 -2.0186 -0.9432 32.9570 -0.0055 -1.7639 14.5850 0.0000 -0.0000 0.0000 -91.0201 -3.4647 30.0752 13.8041 -22.4539 -2.7528 -0.0000 0.0000 -8.3783 20.7171 -12.2633 -4.5929 -7.1250 0.0000 -0.0000 -4.5225 16.9228 3.0198 0.0000 -0.0000 0.0000 85.3821 4.5395 20.8403 -14.9584 24.0881 -3.2089 0.0000 -0.0000 -7.7859 -10.2754 -31.1377 5.3554 7.1250 -0.0000 -0.0000 24.5130 -59.8199 -9.1999
5.5654 16.9611 -1.8672 77.8686 -85.7073 -74.4028 0.0000 0.0000 0.0000 -14.6585 -4.2140 -4.8816 0.9355 6.1611 17.2525 0.2473 11.0839 -18.9569 0.0211 -0.9377 -2.5774 0.0000 0.0000 0.0000 13.3879 -5.1614 -6.9822 -0.8770 -5.9705 16.6989 -0.2281 -12.5845 -20.5407 -0.0090 -0.6131 1.6848 -4.0390 -0.1784 0.3390 0.6411 -0.2356 3.4089 2.9184 -0.2637 3.3417 -6.7306 -2.4939 -18.7260 -1.9441 -1.4896 33.1461 0.0202 -2.0680 14.6762 0.0000 -0.0000 0.0000 -91.1404 -2.9929 30.0251 13.9571 -22.6733 -2.8116 -0.0000 0.0000 -8.0834 20.4774 -11.8508 -4.3854 -7.1250 0.0000 -0.0000 -4.6774 17.3804 3.0770 0.0000 -0.0000 0.0000 85.2112 4.1395 20.8816 -14.9830 24.1224 -3.2190 0.0000 -0.0000 -8.0128 -10.3432 -30.8815 5.3516 7.1250 -0.0000 -0.0000 24.2304 -59.6048 -8.9603
5.5702 16.9618 -1.8854 77.7330 -85.5117 -74.2709 0.0000 0.0000 0.0000 -14.8001 -4.3317 -4.8494 0.9315 6.1483 17.2152 0.2402 11.1423 -18.9447 0.0199 -0.9106 -2.5029 0.0000 0.0000 0.0000 13.2233 -5.2493 -6.9532 -0.8737 -5.9593 16.6664 -0.2668 -12.3478 -20.6640 -0.0195 -0.9024 2.4804 -4.1189 -0.1335 0.3382 0.5598 -0.1726 3.4586 2.8807 -0.2356 3.3890 -7.4349 -3.0651 -18.4704 -1.5817 -2.2299 32.7476 0.1685 -2.4003 14.4806 0.0000 -0.0000 0.0000 -91.1554 -3.1063 30.2465 14.1158 -22.8999 -2.8730 -0.0000 0.0000 -8.1460 20.0813 -11.6473 -4.2211 -7.1250 0.0000 -0.0000 -4.9490 17.6291 3.2299 0.0000 -0.0000 0.0000 85.2713 4.3935 20.2709 -14.8062 23.8755 -3.1471 0.0000 -0.0000 -7.5075 -9.8816 -30.3138 5.0247 7.1250 -0.0000 -0.0000 24.2436 -58.9879 -8.6036
5.5784 16.9589 -1.8995 79.2530 -85.6052 -75.8569 0.0000 0.0000 0.0000 -14.6901 -4.4047 -4.7051 0.9239 6.1236 17.1433 0.2352 11.3277 -19.1068 0.0265 -1.0502 -2.8871 0.0000 0.0000 0.0000 13.3520 -5.0975 -6.9696 -0.8906 -6.0153 16.8287 -0.2904 -12.1843 -20.7167 -0.0205 -0.9234 2.5381 -4.1080 -0.1028 0.4834 0.6449 -0.1415 3.4988 2.9636 -0.2217 3.3464 -8.1830 -3.7585 -18.2730 -1.3505 -3.0765 32.1757 0.2531 -2.7944 14.2388 -0.0000 0.0000 0.0000 -91.3114 -3.1789 30.5625 14.1572 -22.9590 -2.8891 -0.0000 0.0000 -8.2908 20.3467 -11.9248 -4.3817 -7.1250 0.0000 -0.0000 -4.7707 17.3136 3.1457 -0.0000 0.0000 0.0000 85.1306 4.6145 20.0574 -14.7585 23.8086 -3.1278 0.0000 -0.0000 -7.3704 -9.8742 -29.5621 4.9084 7.1250 -0.0000 -0.0000 23.6660 -58.3058 -7.9913
5.5802 16.9514 -1.9067 81.6830 -85.5980 -78.3863 0.0000 0.0000 0.0000 -14.7257 -4.2673 -4.5640 0.9223 6.1184 17.1283 0.2375 11.3721 -19.1856 0.0219 -0.9558 -2.6271 0.0000 0.0000 0.0000 13.3127 -5.0620 -6.9507 -0.9061 -6.0661 16.9763 -0.2976 -12.1108 -20.7055 -0.0207 -0.9297 2.5555 -4.1256 -0.0423 0.5504 0.6177 -0.0637 3.5585 2.9472 -0.1852 3.3641 -8.7067 -4.4165 -18.1091 -1.1383 -3.9513 31.8730 0.2802 -3.1879 14.1291 -0.0000 0.0000 0.0000 -91.2863 -3.1838 31.2239 14.3095 -23.1754 -2.9488 -0.0000 0.0000 -9.0628 20.6898 -12.3335 -4.6121 -7.1250 0.0000 -0.0000 -4.5437 16.8510 3.0411 -0.0000 0.0000 0.0000 85.0577 4.6090 20.3018 -14.8971 24.0025 -3.1840 0.0000 -0.0000 -7.7873 -10.6879 -29.8578 5.3678 7.1250 -0.0000 -0.0000 23.0624 -58.7540 -8.0242
5.5890 16.9538 -1.9058 83.7407 -85.6826 -80.3672 0.0000 0.0000 0.0000 -14.6470 -4.2907 -4.6606 0.9245 6.1257 17.1495 0.2378 11.4606 -19.2931 0.0253 -1.0278 -2.8253 0.0000 0.0000 0.0000 13.4064 -4.8483 -7.0437 -0.9066 -6.0676 16.9806 -0.2896 -12.1594 -20.6794 -0.0178 -0.8624 2.3702 -4.1643 -0.1019 0.5468 0.7168 -0.1450 3.5271 3.0697 -0.2272 3.3412 -9.5856 -4.9813 -17.9577 -0.6141 -4.6693 31.5067 0.5194 -3.5117 14.0181 0.0000 -0.0000 0.0000 -91.5230 -3.2430 31.0278 14.4341 -23.3518 -2.9980 -0.0000 0.0000 -8.9539 20.5321 -11.8758 -4.4073 -7.1250 0.0000 -0.0000 -4.6398 17.3492 3.0553 0.0000 -0.0000 0.0000 84.8838 4.6865 20.5485 -14.9371 24.0584 -3.2003 0.0000 -0.0000 -7.7776 -10.3961 -31.2403 5.4353 7.1250 -0.0000 -0.0000 24.4747 -59.9402 -9.2553
5.5806 16.9576 -1.8983 85.5721 -85.5840 -82.1964 0.0000 0.0000 0.0000 -14.8077 -4.0944 -4.7264 0.9358 6.1620 17.2553 0.2446 11.3819 -19.2773 0.0360 -1.2255 -3.3695 0.0000 0.0000 0.0000 13.2367 -4.9757 -6.9214 -0.8817 -5.9859 16.7436 -0.2981 -11.9768 -20.5550 -0.0199 -0.9104 2.5023 -4.3221 -0.1439 0.1357 0.7156 -0.1792 3.7111 3.1556 -0.2631 3.7698 -10.0700 -5.4767 -17.7136 -0.4782 -5.2972 31.0726 0.5560 -3.8020 13.8373 -0.0000 -0.0000 0.0000 -91.5720 -3.5351 31.2501 14.4690 -23.4012 -3.0119 -0.0000 0.0000 -9.0685 20.3633 -11.3980 -4.1952 -7.1250 0.0000 -0.0000 -4.7456 17.8687 3.0711 -0.0000 -0.0000 0.0000 84.7865 4.9438 20.5117 -15.0218 24.1765 -3.2349 0.0000 -0.0000 -8.0167 -10.1088 -31.5888 5.3353 7.1250 -0.0000 -0.0000 25.0688 -60.1858 -9.6454
5.5767 16.9571 -1.8839 88.8685 -86.0343 -85.5275 0.0000 0.0000 0.0000 -14.3812 -3.9434 -4.7271 0.9526 6.2155 17.4109 0.2637 11.3797 -19.4885 0.0262 -1.0440 -2.8699 0.0000 0.0000 0.0000 13.6647 -4.8129 -6.6873 -0.8509 -5.8831 16.4455 -0.2774 -12.0331 -20.4030 -0.0266 -1.0531 2.8950 -3.8497 -0.0602 -0.0822 0.7766 -0.0698 3.8195 2.9567 -0.2015 3.9932 -10.3197 -5.9323 -17.6791 -0.2719 -5.9345 30.7454 0.5728 -4.0599 13.7440 -0.0000 0.0000 0.0000 -91.4066 -3.7522 31.8406 14.3744 -23.2674 -2.9744 -0.0000 0.0000 -8.9947 20.5431 -10.9433 -4.0692 -7.1250 0.0000 -0.0000 -4.6085 18.3349 2.9343 -0.0000 0.0000 0.0000 84.8891 5.2531 20.0517 -14.8316 23.9111 -3.1574 0.0000 -0.0000 -7.8422 -10.0520 -31.2038 5.2471 7.1250 -0.0000 -0.0000 24.7987 -59.8277 -9.3198
5.5845 16.9617 -1.8712 95.6959 -86.0777 -92.3621 0.0000 0.0000 0.0000 -14.3507 -3.6867 -4.7756 0.9576 6.2312 17.4568 0.2759 11.4152 -19.6647 0.0158 -0.8127 -2.2336 0.0000 0.0000 0.0000 13.7091 -4.2535 -6.4813 -0.8265 -5.8002 16.2058 -0.2424 -12.2431 -20.2792 -0.0227 -0.9737 2.6764 -3.5430 -0.1155 -0.2586 0.3725 -0.1318 3.9836 2.3631 -0.2233 4.2647 -9.8813 -6.1784 -17.6014 -0.1790 -6.4426 30.2326 0.4628 -4.1945 13.5156 0.0000 -0.0000 0.0000 -90.6240 -4.2318 31.5665 14.0971 -22.8734 -2.8658 -0.0000 0.0000 -8.7274 20.9001 -11.5107 -4.3576 -7.1250 0.0000 -0.0000 -4.3722 17.7040 2.8439 0.0000 -0.0000 0.0000 85.7952 5.5749 20.0627 -14.8743 23.9707 -3.1747 0.0000 -0.0000 -7.5618 -9.2868 -31.8305 4.9291 7.1250 -0.0000 -0.0000 26.1263 -60.2082 -10.0996
5.5731 16.9646 -1.8443 98.0456 -85.8573 -94.6431 0.0000 0.0000 0.0000 -14.6941 -3.5349 -4.7268 0.9468 6.1971 17.3575 0.2816 11.4346 -19.7498 0.0133 -0.7455 -2.0489 0.0000 0.0000 0.0000 13.3586 -4.3396 -6.5854 -0.8229 -5.7878 16.1699 -0.2443 -12.0744 -20.0981 -0.0182 -0.8717 2.3960 -3.8560 -0.2787 -0.5740 0.3646 -0.3269 4.0086 2.5215 -0.3360 4.4873 -10.2140 -6.3660 -17.4588 0.0084 -6.6710 29.8658 0.5617 -4.2942 13.3681 -0.0000 -0.0000 0.0000 -90.7609 -4.1563 31.0625 14.1411 -22.9361 -2.8829 -0.0000 0.0000 -8.5568 21.0193 -11.5882 -4.4137 -7.1250 0.0000 -0.0000 -4.2910 17.6115 2.7995 -0.0000 -0.0000 0.0000 85.7355 5.4601 20.5476 -15.0348 24.1946 -3.2402 0.0000 -0.0000 -7.7797 -9.9377 -31.0223 5.1596 7.1250 -0.0000 -0.0000 24.7639 -59.6385 -9.1928
5.5649 16.9671 -1.8083 102.0720 -85.9428 -98.6876 0.0000 0.0000 0.0000 -14.7141 -3.2699 -4.6414 0.9397 6.1744 17.2913 0.2684 11.5662 -19.7584 0.0223 -0.9632 -2.6474 0.0000 0.0000 0.0000 13.3330 -4.6248 -6.6191 -0.8254 -5.7966 16.1954 -0.2823 -11.5731 -19.9172 -0.0157 -0.8098 2.2257 -3.8041 -0.2796 -0.5383 0.4242 -0.3321 3.8488 2.5546 -0.3300 4.3002 -10.5108 -6.6941 -17.2960 0.1581 -7.1374 29.8794 0.5894 -4.5129 13.3907 0.0000 -0.0000 0.0000 -90.7307 -3.8834 31.2820 14.1558 -22.9570 -2.8886 -0.0000 0.0000 -9.0203 21.1978 -11.6697 -4.4855 -7.1250 0.0000 -0.0000 -4.1685 17.5091 2.7285 0.0000 -0.0000 0.0000 85.7488 5.0294 20.6069 -15.0175 24.1705 -3.2331 0.0000 -0.0000 -7.8749 -10.4766 -30.7352 5.3987 7.1250 -0.0000 -0.0000 23.9734 -59.5033 -8.7996
5.5601 16.9630 -1.7772 107.5320 -85.8384 -104.1400 0.0000 0.0000 0.0000 -14.8356 -2.8900 -4.7220 0.9540 6.2197 17.4233 0.2858 11.4763 -19.8432 0.0243 -1.0061 -2.7655 0.0000 0.0000 0.0000 13.1976 -4.5150 -6.5237 -0.8017 -5.7147 15.9588 -0.2626 -11.4530 -19.5619 -0.0112 -0.6847 1.8815 -4.0919 -0.4004 -0.7081 0.5415 -0.4818 3.8887 2.8302 -0.4212 4.4553 -10.7681 -6.8709 -17.6161 0.1325 -7.2598 29.8979 0.5861 -4.5933 13.4889 -0.0000 -0.0000 0.0000 -90.9734 -4.0375 30.4353 14.0769 -22.8445 -2.8579 -0.0000 0.0000 -8.3373 21.0056 -11.7900 -4.4860 -7.1250 0.0000 -0.0000 -4.3066 17.3985 2.8299 -0.0000 -0.0000 0.0000 85.6019 5.1215 20.9434 -14.9311 24.0500 -3.1978 0.0000 -0.0000 -7.8775 -10.0899 -31.3593 5.2907 7.1250 -0.0000 -0.0000 24.8915 -59.9759 -9.4463
5.5413 16.9633 -1.7435 114.2230 -85.8399 -110.9260 0.0000 0.0000 0.0000 -14.8034 -2.6739 -4.5082 0.9558 6.2256 17.4403 0.3018 11.5997 -20.1581 0.0184 -0.8757 -2.4068 0.0000 0.0000 0.0000 13.2196 -4.5474 -6.3384 -0.7829 -5.6487 15.7684 -0.2740 -11.1641 -19.3521 -0.0077 -0.5663 1.5561 -4.1169 -0.3018 -1.0526 0.5990 -0.3348 3.9572 2.9095 -0.3568 4.7122 -10.7702 -6.9536 -17.2463 0.2136 -7.4431 29.5518 0.6063 -4.6560 13.2796 0.0000 0.0000 0.0000 -90.9040 -4.1036 30.4841 14.0371 -22.7877 -2.8425 -0.0000 0.0000 -8.0882 21.2407 -11.7927 -4.5419 -7.1250 0.0000 -0.0000 -4.1425 17.3747 2.7236 0.0000 0.0000 0.0000 85.6339 5.0036 20.6191 -14.9051 24.0137 -3.1872 0.0000 -0.0000 -7.9950 -9.6722 -31.8147 5.1341 7.1250 -0.0000 -0.0000 25.7160 -60.2847 -9.9754
5.5514 16.9711 -1.7147 120.9010 -85.8537 -117.5920 0.0000 0.0000 0.0000 -14.6462 -2.6163 -4.5951 0.9666 6.2598 17.5400 0.2950 11.8374 -20.3606 0.0191 -0.8911 -2.4493 0.0000 0.0000 0.0000 13.4201 -3.8549 -6.0535 -0.7486 -5.5264 15.4162 -0.2309 -11.5151 -19.2811 -0.0125 -0.7227 1.9862 -4.2526 -0.3131 -0.7501 0.7842 -0.3667 3.8084 3.1781 -0.3710 4.3906 -10.7863 -7.0710 -17.7336 -0.1067 -7.4621 29.9440 0.4522 -4.7163 13.5387 0.0000 0.0000 0.0000 -91.0625 -4.0397 29.9237 14.0055 -22.7425 -2.8302 -0.0000 0.0000 -7.5589 20.9745 -11.5840 -4.4019 -7.1250 0.0000 -0.0000 -4.3222 17.6197 2.8192 0.0000 0.0000 0.0000 85.4827 4.8015 20.8273 -14.8644 23.9569 -3.1707 0.0000 -0.0000 -8.1117 -10.2081 -31.6753 5.4017 7.1250 -0.0000 -0.0000 25.0412 -60.2864 -9.6945
5.5486 16.9730 -1.6774 127.8150 -85.5905 -124.4260 0.0000 0.0000 0.0000 -14.7184 -2.3087 -4.7811 0.9891 6.3300 17.7450 0.3140 11.8938 -20.6255 0.0219 -0.9557 -2.6270 0.0000 0.0000 0.0000 13.3559 -3.3469 -5.8973 -0.7177 -5.4138 15.0926 -0.1927 -11.6361 -18.9901 -0.0079 -0.5752 1.5806 -4.1154 -0.2938 -0.4699 0.6540 -0.3521 3.5322 2.9680 -0.3395 3.9386 -10.7482 -7.0391 -17.4805 0.0967 -7.5200 29.7037 0.5305 -4.7072 13.3920 0.0000 0.0000 0.0000 -90.7849 -3.5567 29.9133 14.2046 -23.0265 -2.9077 -0.0000 0.0000 -8.2788 21.3906 -11.4891 -4.4612 -7.1250 0.0000 -0.0000 -4.0279 17.6842 2.6205 0.0000 0.0000 0.0000 85.7710 4.2940 20.9819 -14.9033 24.0112 -3.1865 0.0000 -0.0000 -8.0661 -10.1647 -31.4055 5.3375 7.1250 -0.0000 -0.0000 24.8537 -60.0347 -9.4661
5.5334 16.9687 -1.6336 131.6110 -85.2321 -128.3190 0.0000 0.0000 0.0000 -14.9881 -1.9466 -4.6623 0.9931 6.3424 17.7811 0.3283 11.9305 -20.8155 0.0136 -0.7516 -2.0656 0.0000 0.0000 0.0000 13.0334 -3.5594 -5.9082 -0.7193 -5.4196 15.1093 -0.2135 -11.1394 -18.6305 -0.0086 -0.6002 1.6494 -4.2692 -0.2019 -0.7930 0.5625 -0.2067 3.6560 2.9647 -0.2800 4.2402 -10.9517 -7.1589 -17.2472 0.6303 -7.8104 29.3615 0.7353 -4.7743 13.2515 -0.0000 0.0000 0.0000 -90.5403 -4.0598 30.1542 13.8434 -22.5104 -2.7679 -0.0000 0.0000 -8.1358 21.5020 -11.8734 -4.6340 -7.1250 0.0000 -0.0000 -3.9627 17.2651 2.6143 -0.0000 0.0000 0.0000 86.0934 4.2842 20.3623 -14.8249 23.9017 -3.1547 0.0000 -0.0000 -7.5924 -9.8874 -31.4539 5.1969 7.1250 -0.0000 -0.0000 25.1808 -60.0133 -9.5873
5.5394 16.9718 -1.5966 135.0430 -84.7665 -131.7690 0.0000 0.0000 0.0000 -15.2848 -1.5603 -4.6446 0.9814 6.3061 17.6751 0.3320 12.0140 -20.9488 0.0118 -0.7009 -1.9263 0.0000 0.0000 0.0000 12.7353 -3.1199 -5.9334 -0.7239 -5.4367 15.1586 -0.2013 -11.1413 -18.4900 -0.0021 -0.2974 0.8172 -4.6134 -0.2709 -0.5393 0.5436 -0.3019 3.4905 3.1354 -0.3277 3.9356 -11.1695 -7.1626 -17.5786 0.6445 -7.7434 29.8438 0.7641 -4.7813 13.5346 0.0000 0.0000 0.0000 -90.5141 -3.9041 29.6891 13.7980 -22.4452 -2.7505 -0.0000 0.0000 -7.7588 21.7253 -11.8717 -4.6862 -7.1250 0.0000 -0.0000 -3.8069 17.2466 2.5126 0.0000 0.0000 0.0000 86.1359 4.0605 20.5911 -14.7807 23.8397 -3.1368 0.0000 -0.0000 -7.5887 -9.8795 -31.7181 5.2315 7.1250 -0.0000 -0.0000 25.4176 -60.2474 -9.8277
5.5229 16.9651 -1.5540 137.7680 -84.3727 -134.6330 0.0000 0.0000 0.0000 -15.6091 -1.1670 -4.4147 0.9866 6.3223 17.7224 0.3498 12.1703 -21.3078 0.0167 -0.8346 -2.2938 0.0000 0.0000 0.0000 12.4401 -2.9108 -5.6293 -0.7037 -5.3618 14.9434 -0.1861 -11.1160 -18.2777 -0.0004 -0.1353 0.3717 -4.6947 -0.2741 -0.3280 0.4495 -0.3131 3.2396 3.0845 -0.3186 3.5557 -11.3382 -7.0553 -17.2318 0.8639 -7.6726 29.8720 0.9009 -4.7524 13.4871 -0.0000 -0.0000 0.0000 -90.3785 -3.4475 29.6164 13.7540 -22.3820 -2.7338 -0.0000 0.0000 -8.0871 21.7152 -11.9429 -4.7113 -7.1250 0.0000 -0.0000 -3.8165 17.1715 2.5253 -0.0000 -0.0000 0.0000 86.2683 3.3235 20.8129 -14.9754 24.1118 -3.2159 0.0000 -0.0000 -7.7868 -10.2882 -31.9170 5.4817 7.1250 -0.0000 -0.0000 25.1698 -60.5214 -9.8900
5.5242 16.9749 -1.5164 143.0730 -84.2081 -139.8600 0.0000 0.0000 0.0000 -15.4243 -0.8932 -4.5026 0.9865 6.3218 17.7211 0.3522 12.2472 -21.4189 0.0220 -0.9586 -2.6350 0.0000 0.0000 0.0000 12.6737 -2.3269 -5.4215 -0.6731 -5.2464 14.6126 -0.1485 -11.3449 -18.1050 -0.0002 -0.0807 0.2218 -4.6221 -0.3572 -0.7857 0.5649 -0.4046 3.5198 3.1571 -0.3843 4.1156 -11.2459 -7.0787 -18.0283 0.8575 -7.6118 30.0509 0.8639 -4.7055 13.7223 -0.0000 0.0000 0.0000 -90.4509 -4.0200 28.8718 13.7566 -22.3856 -2.7347 -0.0000 0.0000 -7.5072 21.8203 -11.7433 -4.6586 -7.1250 0.0000 -0.0000 -3.7359 17.3748 2.4550 -0.0000 0.0000 0.0000 86.2173 3.8518 20.6991 -14.8716 23.9669 -3.1736 0.0000 -0.0000 -7.8084 -9.5973 -31.3250 5.0238 7.1250 -0.0000 -0.0000 25.3686 -59.8309 -9.5529
5.5152 16.9820 -1.4773 145.2330 -83.8755 -141.9940 0.0000 0.0000 0.0000 -15.5987 -1.0558 -4.3142 0.9803 6.3025 17.6648 0.4125 12.2493 -22.0124 0.0008 -0.1814 -0.4983 0.0000 0.0000 0.0000 12.4823 -2.3437 -5.3064 -0.6416 -5.1246 14.2642 -0.1395 -11.1209 -17.7113 -0.0011 -0.2136 0.5869 -4.7956 -0.4546 -0.9208 0.5222 -0.5207 3.4502 3.2045 -0.4453 4.1325 -11.3008 -7.0025 -18.0379 1.2041 -7.6008 30.0753 1.0112 -4.6627 13.7507 -0.0000 0.0000 0.0000 -90.5788 -3.9148 27.4366 13.8847 -22.5697 -2.7837 -0.0000 0.0000 -7.9822 21.1937 -11.8459 -4.5510 -7.1250 0.0000 -0.0000 -4.1770 17.3223 2.7512 -0.0000 0.0000 0.0000 86.3887 3.7370 20.7820 -14.8620 23.9535 -3.1697 0.0000 -0.0000 -7.8471 -9.5554 -30.9963 4.9546 7.1250 -0.0000 -0.0000 25.1340 -59.5276 -9.2736
5.5059 16.9800 -1.4430 147.6280 -83.3215 -144.4990 0.0000 0.0000 0.0000 -15.8764 -0.5989 -4.1615 0.9803 6.3027 17.6651 0.4123 12.5198 -22.3108 0.0089 -0.6105 -1.6776 0.0000 0.0000 0.0000 12.2529 -1.8677 -4.9430 -0.6168 -5.0263 13.9836 -0.1291 -11.1479 -17.6148 -0.0000 -0.0265 0.0728 -5.0294 -0.3907 -0.9033 0.3969 -0.4258 3.4367 3.2102 -0.4028 4.1018 -11.8336 -7.3463 -18.0267 2.1753 -8.2546 30.0618 1.3607 -4.8704 13.8702 0.0000 -0.0000 0.0000 -90.7369 -3.8087 24.7576 14.2893 -23.1468 -2.9409 -0.0000 0.0000 -11.7446 19.4333 -11.8243 -4.1350 -7.1250 0.0000 -0.0000 -5.4060 17.4971 3.5464 0.0000 -0.0000 0.0000 86.7788 3.5633 19.7559 -14.9354 24.0560 -3.1996 0.0000 -0.0000 -8.7029 -9.4076 -30.9303 4.8677 7.1250 -0.0000 -0.0000 25.2301 -59.4348 -9.2553
