HIERARCHY
ROOT Hips
{
	OFFSET 0.00000 0.00000 0.00000
	CHANNELS 6 Xposition Yposition Zposition Zrotation Yrotation Xrotation 
	JOINT LHipJoint
	{
		OFFSET 0 0 0
		CHANNELS 3 Zrotation Yrotation Xrotation
		JOINT LeftUpLeg
		{
			OFFSET 1.30186 -1.90722 0.65024
			CHANNELS 3 Zrotation Yrotation Xrotation
			JOINT LeftLeg
			{
				OFFSET 2.56413 -7.04489 0.00000
				CHANNELS 3 Zrotation Yrotation Xrotation
				JOINT LeftFoot
				{
					OFFSET 2.79321 -7.67428 0.00000
					CHANNELS 3 Zrotation Yrotation Xrotation
					JOINT LeftToeBase
					{
						OFFSET 0.15723 -0.43198 2.08537
						CHANNELS 3 Zrotation Yrotation Xrotation
						End Site
						{
							OFFSET 0.00000 -0.00000 1.07411
						}
					}
				}
			}
		}
	}
	JOINT RHipJoint
	{
		OFFSET 0 0 0
		CHANNELS 3 Zrotation Yrotation Xrotation
		JOINT RightUpLeg
		{
			OFFSET -1.28627 -1.90723 0.65024
			CHANNELS 3 Zrotation Yrotation Xrotation
			JOINT RightLeg
			{
				OFFSET -2.56567 -7.04913 0.00000
				CHANNELS 3 Zrotation Yrotation Xrotation
				JOINT RightFoot
				{
					OFFSET -2.75597 -7.57198 0.00000
					CHANNELS 3 Zrotation Yrotation Xrotation
					JOINT RightToeBase
					{
						OFFSET -0.17500 -0.48081 2.22901
						CHANNELS 3 Zrotation Yrotation Xrotation
						End Site
						{
							OFFSET -0.00000 -0.00000 1.14762
						}
					}
				}
			}
		}
	}
	JOINT LowerBack
	{
		OFFSET 0 0 0
		CHANNELS 3 Zrotation Yrotation Xrotation
		JOINT Spine
		{
			OFFSET -0.04522 2.07467 -0.16566
			CHANNELS 3 Zrotation Yrotation Xrotation
			JOINT Spine1
			{
				OFFSET -0.01178 2.08825 -0.05393
				CHANNELS 3 Zrotation Yrotation Xrotation
				JOINT Neck
				{
					OFFSET 0 0 0
					CHANNELS 3 Zrotation Yrotation Xrotation
					JOINT Neck1
					{
						OFFSET -0.05182 1.80489 0.16014
						CHANNELS 3 Zrotation Yrotation Xrotation
						JOINT Head
						{
							OFFSET 0.14739 1.78840 -0.33342
							CHANNELS 3 Zrotation Yrotation Xrotation
							End Site
							{
								OFFSET 0.04364 1.83899 -0.13460
							}
						}
					}
				}
				JOINT LeftShoulder
				{
					OFFSET 0 0 0
					CHANNELS 3 Zrotation Yrotation Xrotation
					JOINT LeftArm
					{
						OFFSET 3.01264 1.29090 -0.06579
						CHANNELS 3 Zrotation Yrotation Xrotation
						JOINT LeftForeArm
						{
							OFFSET 5.55680 -0.00000 0.00000
							CHANNELS 3 Zrotation Yrotation Xrotation
							JOINT LeftHand
							{
								OFFSET 3.63979 -0.00000 -0.00000
								CHANNELS 3 Zrotation Yrotation Xrotation
								JOINT LeftFingerBase
								{
									OFFSET 0 0 0
									CHANNELS 3 Zrotation Yrotation Xrotation
									JOINT LeftHandIndex1
									{
										OFFSET 0.56942 -0.00000 -0.00000
										CHANNELS 3 Zrotation Yrotation Xrotation
										End Site
										{
											OFFSET 0.45908 -0.00000 -0.00000
										}
									}
								}
								JOINT LThumb
								{
									OFFSET 0 0 0
									CHANNELS 3 Zrotation Yrotation Xrotation
									End Site
									{
										OFFSET 0.46609 -0.00000 0.46609
									}
								}
							}
						}
					}
				}
				JOINT RightShoulder
				{
					OFFSET 0 0 0
					CHANNELS 3 Zrotation Yrotation Xrotation
					JOINT RightArm
					{
						OFFSET -3.15796 1.37283 -0.36748
						CHANNELS 3 Zrotation Yrotation Xrotation
						JOINT RightForeArm
						{
							OFFSET -5.34339 -0.00000 0.00000
							CHANNELS 3 Zrotation Yrotation Xrotation
							JOINT RightHand
							{
								OFFSET -3.65101 -0.00000 -0.00000
								CHANNELS 3 Zrotation Yrotation Xrotation
								JOINT RightFingerBase
								{
									OFFSET 0 0 0
									CHANNELS 3 Zrotation Yrotation Xrotation
									JOINT RightHandIndex1
									{
										OFFSET -0.69425 -0.00000 -0.00000
										CHANNELS 3 Zrotation Yrotation Xrotation
										End Site
										{
											OFFSET -0.55972 -0.00000 -0.00000
										}
									}
								}
								JOINT RThumb
								{
									OFFSET 0 0 0
									CHANNELS 3 Zrotation Yrotation Xrotation
									End Site
									{
										OFFSET -0.56827 -0.00000 0.56827
									}
								}
							}
						}
					}
				}
			}
		}
	}
}
MOTION
Frames: 237
Frame Time: 0.0166666
9.4769 18.414 -13.4598 0 0 0 0 0 0 -21 0 0 0 0 0 0 0 0 0 0 0 0 0 0 21 0 0 0 0 0 0 0 0 0 0 0 0 0 0 0 0 0 0 0 0 0 0 -16 0 0 21 0 0 11 0 0 0 -8 0 0 0 0 0 0 0 0 0 0 0 0 0 0 0 0 0 0 0 0 8 0 0 0 0 0 0 0 0 0 0 0 0 0 0 0 0 0
10.1322 18.3748 -13.5554 0.7544 -10.0992 -2.3921 0.0000 0.0000 0.0000 -15.6280 -0.9516 3.8821 0.4038 4.0798 11.3012 0.4907 5.5127 -16.3985 0.1324 -2.3456 -6.4618 0.0000 0.0000 0.0000 15.5558 16.7689 -0.6673 -0.5039 -4.5504 12.6306 0.1302 -7.1423 -6.0255 -0.0314 -1.1439 3.1448 -6.9974 -1.3094 1.3004 -1.9148 -1.8942 -0.4897 1.9836 -0.9036 -1.0751 -3.6425 -2.8291 -11.9850 2.5994 -3.9027 24.2911 1.0502 -1.8881 9.7897 0.0000 -0.0000 0.0000 -91.2472 -15.0099 38.1603 59.2622 -56.1101 -33.7279 -0.0000 0.0000 -24.7402 33.1284 16.0763 10.2437 -7.1250 0.0000 -0.0000 5.3120 48.8965 0.5118 0.0000 -0.0000 0.0000 46.6750 19.5252 20.8630 -109.6782 58.4851 -76.9552 0.0000 0.0000 21.4177 -36.0502 42.2988 -26.0985 7.1250 -0.0000 -0.0000 0.5485 18.3951 0.6936
10.1497 18.3685 -13.5326 1.9556 -10.2628 -3.1053 0.0000 0.0000 0.0000 -17.1004 -0.7931 4.5488 0.3994 4.0577 11.2389 0.4661 5.9307 -16.4270 0.1997 -2.8773 -7.9374 0.0000 0.0000 0.0000 14.2360 15.8914 -0.3433 -0.5031 -4.5468 12.6204 0.0839 -6.1973 -5.9654 -0.0477 -1.4096 3.8766 -8.4197 -1.4254 0.9473 -2.4477 -2.0121 -0.0705 2.2057 -0.9889 -0.4051 -3.3645 -2.6976 -12.3923 2.9087 -3.8553 24.4777 1.1120 -1.8024 9.9324 0.0000 0.0000 0.0000 -91.0413 -15.6610 40.2661 56.2679 -55.2305 -31.2549 -0.0000 0.0000 -24.0102 32.5699 17.1462 10.6651 -7.1250 0.0000 -0.0000 4.6703 50.0298 0.5802 0.0000 0.0000 0.0000 43.2077 21.0131 18.4749 -108.9626 58.5967 -76.3447 0.0000 0.0000 20.8401 -33.5470 44.4574 -24.9100 7.1250 -0.0000 -0.0000 2.4167 19.6396 3.0905
10.1778 18.3647 -13.5624 1.2931 -11.0831 -3.0771 0.0000 0.0000 0.0000 -16.5031 -0.7566 4.4242 0.4219 4.1689 11.5522 0.4735 6.4057 -16.9086 0.2207 -3.0241 -8.3458 0.0000 0.0000 0.0000 14.8951 15.9336 -0.4456 -0.4838 -4.4604 12.3757 0.0674 -5.6004 -5.4459 -0.0269 -1.0596 2.9127 -7.9366 -1.5549 1.1800 -2.5071 -2.2309 -0.4589 1.8936 -1.0727 -0.9370 -2.9050 -2.3819 -11.2841 3.0888 -3.6062 24.6037 1.1398 -1.6421 9.7490 -0.0000 -0.0000 0.0000 -90.6993 -15.8247 42.0876 52.1120 -53.8126 -27.8699 -0.0000 0.0000 -22.2954 31.9028 16.8312 10.2179 -7.1250 0.0000 -0.0000 4.0237 49.5504 0.4521 -0.0000 -0.0000 0.0000 40.4261 21.8124 17.1736 -107.4439 58.8184 -75.0469 0.0000 0.0000 21.0024 -34.9438 45.1129 -26.3382 7.1250 -0.0000 -0.0000 1.9887 20.7635 2.5657
10.1979 18.3520 -13.5679 0.9298 -11.6089 -3.6249 0.0000 0.0000 0.0000 -16.1808 -0.3475 4.9551 0.4326 4.2210 11.6993 0.4760 6.5788 -17.0837 0.2185 -3.0093 -8.3045 0.0000 0.0000 0.0000 15.3815 15.4554 0.0606 -0.4698 -4.3962 12.1941 0.0506 -5.0004 -5.0334 -0.0172 -0.8473 2.3287 -7.9748 -1.4802 1.5358 -2.4728 -2.1513 -0.1819 1.9552 -1.0420 -0.8545 -2.3734 -2.4412 -12.3785 2.7915 -3.7468 25.5393 0.9169 -1.6755 10.2857 -0.0000 -0.0000 0.0000 -90.2223 -16.3466 45.1183 50.0808 -53.0280 -26.2387 -0.0000 0.0000 -21.5292 31.8322 17.9257 10.8173 -7.1250 0.0000 -0.0000 3.8417 50.7850 0.5483 -0.0000 -0.0000 0.0000 37.0481 22.6707 14.5854 -103.9641 59.2502 -72.0628 0.0000 0.0000 20.7983 -36.2524 45.5324 -27.6236 7.1250 -0.0000 -0.0000 1.5382 21.6409 1.9975
10.1866 18.3408 -13.5464 1.2054 -12.3394 -4.0850 0.0000 0.0000 0.0000 -16.3596 0.4164 5.5979 0.4177 4.1486 11.4951 0.5294 6.2567 -17.4439 0.1758 -2.7007 -7.4464 0.0000 0.0000 0.0000 15.4077 15.9378 0.6106 -0.4888 -4.4829 12.4393 0.0538 -5.0902 -5.0512 -0.0195 -0.9022 2.4797 -9.1125 -1.9135 1.2584 -2.3473 -2.7253 -0.3437 2.7109 -1.3209 -0.7565 -2.6947 -1.9096 -11.7756 3.1704 -3.0784 26.3749 1.1980 -1.3665 10.4643 -0.0000 -0.0000 0.0000 -90.8579 -16.1956 46.3625 46.8553 -51.6457 -23.6849 -0.0000 0.0000 -19.3507 32.2166 16.9399 10.4038 -7.1250 0.0000 -0.0000 4.3303 49.7301 0.5058 -0.0000 -0.0000 0.0000 34.1595 24.2314 13.9197 -99.0457 59.6885 -67.8256 0.0000 0.0000 19.9339 -39.3424 44.9643 -30.0825 7.1250 -0.0000 -0.0000 -0.0633 22.2684 -0.0826
10.2250 18.3350 -13.5657 0.6274 -12.9780 -3.6990 0.0000 0.0000 0.0000 -15.8872 0.4653 4.9766 0.4432 4.2716 11.8420 0.5038 6.7221 -17.5301 0.1732 -2.6810 -7.3917 0.0000 0.0000 0.0000 15.7522 15.7577 -0.2501 -0.5046 -4.5539 12.6404 0.0248 -4.0613 -4.6175 -0.0218 -0.9536 2.6213 -8.7098 -2.0110 0.8820 -2.4378 -2.8107 -0.4042 2.3825 -1.3696 -0.6211 -2.1178 -1.7955 -12.3080 3.2521 -3.1284 27.6534 1.1240 -1.3155 11.0409 -0.0000 -0.0000 0.0000 -90.2831 -16.7787 49.5054 44.5228 -50.5326 -21.8698 -0.0000 0.0000 -18.4891 32.7293 16.0832 10.0958 -7.1250 0.0000 -0.0000 4.9126 48.8358 0.4658 -0.0000 -0.0000 0.0000 31.8776 25.5566 11.5263 -92.0076 59.9848 -61.7385 0.0000 0.0000 19.3035 -37.9438 43.1685 -28.0769 7.1250 -0.0000 -0.0000 -0.0583 19.9659 -0.0747
10.2725 18.3336 -13.5908 1.0583 -13.5539 -3.8964 0.0000 0.0000 0.0000 -16.6131 0.2194 4.6837 0.5075 4.5664 12.6759 0.5363 7.0439 -18.1707 0.1129 -2.1668 -5.9668 0.0000 0.0000 0.0000 15.0516 14.9963 -0.8036 -0.5110 -4.5819 12.7198 -0.0033 -2.7264 -4.0865 -0.0257 -1.0349 2.8447 -9.2478 -2.0170 1.0970 -2.7756 -2.8611 -0.4687 2.3401 -1.3846 -0.7965 -1.3048 -1.8651 -13.1384 2.6928 -3.3485 29.4024 0.7473 -1.3835 11.8681 -0.0000 -0.0000 0.0000 -90.4201 -17.4491 52.6772 42.0680 -49.2485 -19.9920 -0.0000 0.0000 -16.4687 31.6724 16.2164 9.7756 -7.1250 0.0000 -0.0000 3.8489 48.8086 0.3620 -0.0000 -0.0000 0.0000 29.8105 26.8572 9.3123 -83.4077 59.8351 -54.2941 0.0000 0.0000 18.9483 -35.9823 42.2465 -26.0194 7.1250 -0.0000 -0.0000 0.5642 18.3183 0.7130
10.3106 18.3306 -13.6078 0.9994 -14.1964 -3.9191 0.0000 0.0000 0.0000 -16.6703 0.3924 4.3458 0.5537 4.7665 13.2438 0.5742 7.0998 -18.6346 0.1188 -2.2222 -6.1200 0.0000 0.0000 0.0000 15.0206 14.9330 -1.0942 -0.5168 -4.6075 12.7924 -0.0127 -2.0601 -3.8038 -0.0265 -1.0513 2.8900 -9.4122 -2.0281 0.8638 -2.9537 -2.8547 -0.5051 2.2377 -1.3840 -0.7055 -1.4363 -2.0238 -12.8142 3.2755 -3.7873 30.2499 0.9314 -1.5273 12.1678 0.0000 -0.0000 0.0000 -90.4424 -17.9250 55.8712 40.4250 -48.3197 -18.7561 -0.0000 0.0000 -14.8127 30.4520 16.4656 9.4608 -7.1250 0.0000 -0.0000 2.6123 48.8868 0.2506 0.0000 -0.0000 0.0000 27.9136 28.0512 7.2213 -74.4179 59.0624 -46.5480 0.0000 0.0000 18.4665 -34.2940 42.4209 -24.7052 7.1250 -0.0000 -0.0000 1.4257 17.8909 1.7951
10.3489 18.3208 -13.6155 0.6156 -14.8353 -4.3181 0.0000 0.0000 0.0000 -16.3974 0.6470 4.4376 0.6204 5.0407 14.0246 0.6285 6.9943 -19.1284 0.1065 -2.1044 -5.7944 0.0000 0.0000 0.0000 15.5211 15.1464 -0.4489 -0.4950 -4.5109 12.5186 -0.0126 -1.8951 -3.6154 -0.0063 -0.5137 1.4117 -9.1019 -1.9622 1.3382 -3.1961 -2.8164 -0.3853 1.8340 -1.3646 -0.8785 -1.0165 -2.1631 -13.4923 3.4108 -4.2376 31.5906 0.8421 -1.6461 12.8714 0.0000 -0.0000 0.0000 -90.2079 -18.8299 59.1563 38.6021 -47.2195 -17.4062 -0.0000 0.0000 -12.7494 30.6885 16.3936 9.5089 -7.1250 0.0000 -0.0000 2.8546 48.8449 0.2709 0.0000 -0.0000 0.0000 26.7859 29.3652 5.2594 -65.3551 57.5758 -38.8306 0.0000 0.0000 18.4024 -33.6574 42.0448 -24.0332 7.1250 -0.0000 -0.0000 1.6170 17.2976 2.0254
10.3762 18.3147 -13.6342 0.3834 -15.6255 -4.4704 0.0000 0.0000 0.0000 -16.1749 1.0854 4.1992 0.6755 5.2556 14.6389 0.6790 6.8920 -19.5700 0.0911 -1.9470 -5.3591 0.0000 0.0000 0.0000 15.8851 15.6891 -0.1116 -0.4808 -4.4466 12.3365 -0.0077 -1.9590 -3.3773 -0.0261 -1.0423 2.8653 -9.2569 -1.9317 1.0886 -3.2913 -2.7372 -0.2406 1.8068 -1.3396 -0.5931 -1.2577 -2.3351 -13.3744 3.9325 -4.6948 32.7294 1.0243 -1.8078 13.3687 -0.0000 -0.0000 0.0000 -90.0059 -19.5960 62.3265 37.0583 -46.2272 -16.2821 -0.0000 0.0000 -10.3698 28.5670 14.5843 7.8066 -7.1250 0.0000 -0.0000 0.9932 46.4796 0.0363 -0.0000 -0.0000 0.0000 25.5650 30.4381 3.5415 -57.6228 55.6425 -32.3707 0.0000 0.0000 18.2796 -32.7812 41.7266 -23.2012 7.1250 -0.0000 -0.0000 1.9468 16.6851 2.4250
10.4228 18.3021 -13.6515 0.5427 -16.2369 -4.9329 0.0000 0.0000 0.0000 -16.5226 1.2167 4.2642 0.7377 5.4870 15.3029 0.6775 7.3417 -19.9145 0.0763 -1.7816 -4.9025 0.0000 0.0000 0.0000 15.7361 15.8960 0.2455 -0.4783 -4.4350 12.3038 -0.0083 -1.7522 -3.1725 -0.0179 -0.8629 2.3716 -9.6231 -1.9722 1.2430 -3.4969 -2.7952 0.0453 1.7943 -1.3844 -0.3700 -1.1049 -2.5064 -13.4596 3.7919 -5.0266 33.6274 0.8928 -1.9495 13.7842 -0.0000 -0.0000 0.0000 -90.2235 -20.5830 64.3090 35.5148 -45.1762 -15.1773 -0.0000 0.0000 -6.7365 30.1128 13.9210 7.9434 -7.1250 0.0000 -0.0000 2.5309 45.9532 0.0596 -0.0000 -0.0000 0.0000 24.9134 31.7881 1.9635 -52.1421 53.8237 -27.8942 0.0000 0.0000 18.1232 -30.5467 41.0499 -21.1841 7.1250 -0.0000 -0.0000 2.8505 15.2893 3.5050
10.4725 18.2894 -13.6751 0.3673 -16.8533 -5.0845 0.0000 0.0000 0.0000 -16.4964 1.3255 3.9624 0.8136 5.7559 16.0777 0.7289 7.3711 -20.4479 0.0446 -1.3629 -3.7478 0.0000 0.0000 0.0000 15.8806 16.2088 0.2937 -0.4804 -4.4448 12.3315 -0.0119 -1.4400 -3.0921 -0.0161 -0.8186 2.2497 -9.5419 -1.8680 1.3984 -3.6342 -2.6674 0.1764 1.6108 -1.3262 -0.3444 -1.1839 -2.7641 -13.4731 3.9712 -5.5413 34.5538 0.8998 -2.1559 14.2337 -0.0000 -0.0000 0.0000 -90.0793 -20.7891 66.3565 35.3922 -45.0901 -15.0904 -0.0000 0.0000 -2.4985 29.0586 13.3268 7.2987 -7.1250 0.0000 -0.0000 1.5875 45.1366 0.0054 -0.0000 -0.0000 0.0000 24.6857 31.6746 1.1252 -49.7322 52.8869 -25.9604 0.0000 0.0000 17.2762 -28.0118 40.3700 -19.0125 7.1250 -0.0000 -0.0000 3.9350 13.8493 4.7722
10.5178 18.2770 -13.6872 0.4449 -17.3919 -5.2526 0.0000 0.0000 0.0000 -16.6826 1.6385 3.5492 0.8986 6.0417 16.9054 0.8055 6.7833 -20.7356 0.0165 -0.8289 -2.2782 0.0000 0.0000 0.0000 15.7086 16.2580 0.3335 -0.4714 -4.4033 12.2143 -0.0124 -1.0633 -2.7756 -0.0137 -0.7568 2.0798 -9.7335 -1.8119 1.7737 -3.8255 -2.6465 0.2125 1.5313 -1.3105 -0.5208 -1.1906 -2.9565 -13.8948 4.0370 -5.9574 35.5997 0.8567 -2.3124 14.8380 -0.0000 -0.0000 0.0000 -90.2929 -20.2344 66.8406 36.0244 -45.5299 -15.5399 -0.0000 -0.0000 2.7134 28.6104 12.6600 6.8170 -7.1250 0.0000 -0.0000 1.2299 44.3287 -0.0204 -0.0000 -0.0000 0.0000 25.5646 31.8175 0.5757 -48.4914 52.3686 -24.9744 0.0000 0.0000 17.7393 -27.1764 39.2599 -17.9993 7.1250 -0.0000 -0.0000 4.0921 12.5000 4.8918
10.5627 18.2626 -13.7125 -0.2690 -18.0943 -5.2841 0.0000 0.0000 0.0000 -15.9629 2.1093 3.0933 1.0050 6.3792 17.8888 0.8951 6.2011 -21.1575 0.0194 -0.8998 -2.4730 0.0000 0.0000 0.0000 16.4062 15.9909 0.3774 -0.4487 -4.2974 11.9149 -0.0137 -0.2598 -2.3183 -0.0128 -0.7301 2.0064 -9.2129 -1.6684 2.1485 -3.8158 -2.4735 0.4627 1.2629 -1.2326 -0.5094 -1.2861 -3.2369 -13.7809 4.4055 -6.5275 35.8305 0.9323 -2.5241 14.9689 0.0000 -0.0000 0.0000 -90.1460 -20.1291 68.0010 36.7630 -46.0308 -16.0692 -0.0000 -0.0000 6.6244 29.4992 11.6263 6.5045 -7.1250 0.0000 -0.0000 2.1302 43.2699 -0.0910 0.0000 -0.0000 0.0000 27.0355 31.1241 0.4519 -50.0468 53.0143 -26.2115 0.0000 0.0000 17.2696 -26.8444 38.8275 -17.6053 7.1250 -0.0000 -0.0000 4.1628 11.9735 4.9475
10.6110 18.2536 -13.7338 -0.5386 -18.6110 -5.1311 0.0000 0.0000 0.0000 -15.7648 2.3152 2.3080 1.1100 6.6937 18.8110 0.9178 6.1941 -21.3617 0.0162 -0.8218 -2.2585 0.0000 0.0000 0.0000 16.5175 15.9361 0.0993 -0.4322 -4.2187 11.6928 -0.0114 0.2910 -1.9299 -0.0053 -0.4714 1.2954 -9.0252 -1.6467 2.4608 -3.9426 -2.4686 0.6312 1.0367 -1.2346 -0.5239 -1.1322 -3.4947 -14.2418 4.3913 -7.0162 36.2498 0.8073 -2.7006 15.2958 0.0000 0.0000 0.0000 -90.1095 -19.9251 68.7745 38.1258 -46.9195 -17.0574 -0.0000 -0.0000 10.0090 28.8691 11.6874 6.3726 -7.1250 0.0000 -0.0000 1.5485 43.2651 -0.0663 0.0000 0.0000 0.0000 28.9338 30.0052 0.9724 -53.3632 54.2650 -28.8827 0.0000 0.0000 16.9047 -27.9761 38.5874 -18.3299 7.1250 -0.0000 -0.0000 3.5271 12.0480 4.1927
10.6419 18.2472 -13.7536 -0.4736 -19.1843 -5.2286 0.0000 0.0000 0.0000 -15.8592 2.8031 1.9643 1.1572 6.8297 19.2118 0.9060 6.3909 -21.3908 0.0415 -1.3148 -3.6155 0.0000 0.0000 0.0000 16.4204 16.1961 -0.0595 -0.4437 -4.2737 11.8480 -0.0089 0.5483 -1.6770 -0.0050 -0.4557 1.2521 -9.1753 -1.4399 2.3336 -4.2233 -2.1314 1.2653 0.8058 -1.1081 0.1739 -1.4987 -3.8639 -14.6406 5.1696 -7.7454 36.0309 1.0609 -2.9475 15.3840 0.0000 0.0000 0.0000 -89.9370 -20.6253 69.4945 39.4947 -47.7677 -18.0642 -0.0000 -0.0000 14.0173 28.8718 12.9008 7.0181 -7.1250 0.0000 -0.0000 1.4514 44.6326 -0.0132 0.0000 0.0000 0.0000 31.0778 28.5879 1.2109 -58.3219 55.8459 -32.9486 0.0000 0.0000 16.3646 -28.7475 38.5672 -18.8803 7.1250 -0.0000 -0.0000 3.1265 12.2496 3.7236
10.6755 18.2437 -13.7586 -0.1364 -19.6246 -5.3066 0.0000 0.0000 0.0000 -16.3113 3.0335 1.6841 1.2008 6.9527 19.5752 0.9401 6.3289 -21.6581 0.0245 -1.0102 -2.7768 0.0000 0.0000 0.0000 16.0269 16.6828 0.0355 -0.4314 -4.2152 11.6828 -0.0068 0.5202 -1.4643 -0.0047 -0.4435 1.2187 -9.9659 -1.4105 2.5353 -4.2717 -2.1398 1.2424 1.1943 -1.1120 0.0664 -1.7316 -4.0510 -13.7509 5.5462 -8.0657 35.5854 1.2179 -3.1030 15.0117 -0.0000 -0.0000 0.0000 -89.7590 -19.9145 69.6359 41.2269 -48.7802 -19.3571 -0.0000 -0.0000 17.1496 29.3172 11.9626 6.6393 -7.1250 0.0000 -0.0000 1.9396 43.6293 -0.0656 -0.0000 -0.0000 0.0000 33.9465 27.5005 2.8583 -62.8660 57.0265 -36.7358 0.0000 0.0000 16.8968 -28.9737 38.7603 -19.1192 7.1250 -0.0000 -0.0000 3.0570 12.5109 3.6512
10.7105 18.2396 -13.7767 -0.6451 -20.2799 -4.9656 0.0000 0.0000 0.0000 -15.8311 3.3774 1.0486 1.2639 7.1264 20.0903 0.9587 6.3628 -21.8487 0.0460 -1.3835 -3.8047 0.0000 0.0000 0.0000 16.5221 17.2419 0.0847 -0.4028 -4.0745 11.2862 -0.0044 0.4694 -1.1752 -0.0003 0.1117 -0.3068 -9.8199 -1.3633 2.5130 -4.1866 -2.0887 1.0423 1.2053 -1.0729 -0.1371 -1.8235 -4.0902 -11.9987 5.9341 -8.1671 34.7848 1.4072 -3.1805 14.2667 0.0000 0.0000 0.0000 -89.6739 -18.9574 69.6180 42.6869 -49.5836 -20.4621 -0.0000 -0.0000 19.9791 29.9728 13.6863 7.7703 -7.1250 0.0000 -0.0000 2.4177 45.6672 0.0398 0.0000 0.0000 0.0000 37.2192 25.4181 5.3306 -68.9989 58.2661 -41.9184 0.0000 0.0000 17.3483 -28.9264 38.6543 -19.0439 7.1250 -0.0000 -0.0000 3.0557 12.3898 3.6448
10.7654 18.2336 -13.7993 -0.5957 -20.6694 -5.0499 0.0000 0.0000 0.0000 -16.0227 3.5824 0.6242 1.3361 7.3192 20.6646 1.0258 5.9886 -22.1888 0.0555 -1.5197 -4.1800 0.0000 0.0000 0.0000 16.2834 16.9209 -0.0079 -0.3694 -3.9037 10.8060 -0.0002 0.9744 -0.7110 -0.0031 -0.3581 0.9839 -10.3404 -1.8545 2.9095 -3.8868 -2.8092 0.9893 1.8266 -1.4234 -0.3070 -2.5288 -3.6841 -11.1128 5.9486 -7.3705 34.5534 1.6773 -2.9613 13.9419 -0.0000 0.0000 0.0000 -90.0337 -18.2550 67.7317 43.7819 -50.1576 -21.2993 -0.0000 -0.0000 21.4117 29.5581 13.5498 7.5685 -7.1250 0.0000 -0.0000 2.0374 45.4556 0.0229 -0.0000 0.0000 0.0000 40.4562 24.9320 8.8623 -74.2799 59.0453 -46.4296 0.0000 0.0000 17.3943 -29.6470 38.8324 -19.6410 7.1250 -0.0000 -0.0000 2.7308 12.7835 3.2706
10.8259 18.2333 -13.7817 -0.8457 -20.7818 -4.9246 0.0000 0.0000 0.0000 -16.1269 3.0284 0.5813 1.3790 7.4310 20.9986 1.0290 6.5943 -22.6247 0.0297 -1.1122 -3.0577 0.0000 0.0000 0.0000 16.2867 16.6396 -0.1881 -0.3608 -3.8589 10.6801 0.0035 1.2756 -0.3176 -0.0046 0.4403 -1.2099 -9.9933 -2.2063 2.4027 -3.9158 -3.1652 1.3387 1.5794 -1.6362 0.3602 -3.0454 -3.4060 -10.3998 6.7017 -7.0524 34.0032 2.1230 -2.8244 13.5746 0.0000 -0.0000 0.0000 -89.7939 -18.5125 66.9462 44.2088 -50.3749 -21.6276 -0.0000 -0.0000 22.9823 30.6052 14.0733 8.1851 -7.1250 0.0000 -0.0000 2.9877 46.1969 0.0883 0.0000 -0.0000 0.0000 44.4273 23.6207 11.9100 -79.6538 59.5916 -51.0522 0.0000 0.0000 17.6223 -30.1019 38.5238 -19.8534 7.1250 -0.0000 -0.0000 2.4224 12.6077 2.8950
10.8581 18.2371 -13.7871 -0.6692 -21.2990 -4.4805 0.0000 0.0000 0.0000 -16.4165 3.2213 -0.1181 1.3932 7.4676 21.1083 1.0587 6.5026 -22.8170 0.0535 -1.4924 -4.1048 0.0000 0.0000 0.0000 15.9046 16.7327 -0.9195 -0.3599 -3.8540 10.6662 0.0081 1.7841 -0.2019 -0.0189 0.8885 -2.4421 -10.3547 -1.9961 1.6734 -4.0685 -2.7694 1.5824 1.5781 -1.4747 0.9961 -2.7738 -3.6198 -10.1307 6.9190 -7.4663 33.5295 2.0961 -2.9586 13.3373 -0.0000 0.0000 0.0000 -90.0670 -19.1516 67.3120 43.9706 -50.2541 -21.4443 -0.0000 -0.0000 23.9246 30.2475 13.3637 7.6760 -7.1250 0.0000 -0.0000 2.7028 45.3389 0.0226 -0.0000 0.0000 0.0000 48.2891 21.2460 13.9770 -84.0035 59.8637 -54.8092 0.0000 0.0000 17.5054 -30.5284 39.0130 -20.3660 7.1250 -0.0000 -0.0000 2.3274 13.2338 2.8004
10.8852 18.2305 -13.8357 -0.4488 -22.0944 -4.9191 0.0000 0.0000 0.0000 -16.5245 4.2863 -0.1392 1.3965 7.4758 21.1330 1.0081 6.6880 -22.5095 0.0598 -1.5779 -4.3406 0.0000 0.0000 0.0000 15.8481 17.2257 -0.7439 -0.3656 -3.8843 10.7513 0.0113 1.9501 0.1712 -0.0055 0.4793 -1.3169 -11.1202 -1.5393 2.0592 -4.1632 -2.2059 1.8651 1.9048 -1.2147 1.0453 -2.6729 -3.6853 -9.0970 7.6936 -7.7715 32.7090 2.3427 -3.0324 12.8192 -0.0000 0.0000 0.0000 -90.4854 -20.2525 68.0119 42.5679 -49.5198 -20.3715 -0.0000 -0.0000 24.4469 30.6194 13.7320 7.9974 -7.1250 0.0000 -0.0000 3.0273 45.8100 0.0606 -0.0000 0.0000 0.0000 52.4013 19.0004 16.2196 -86.8572 59.9626 -57.2786 0.0000 0.0000 17.9276 -32.1148 38.8042 -21.4711 7.1250 -0.0000 -0.0000 1.4684 13.5213 1.7716
10.9350 18.2264 -13.8560 -0.0449 -22.3652 -4.9658 0.0000 0.0000 0.0000 -17.0869 4.4897 -0.4481 1.3971 7.4776 21.1383 1.0112 6.7220 -22.5602 0.0207 -0.9291 -2.5537 0.0000 0.0000 0.0000 15.3026 17.8363 -0.9083 -0.3692 -3.9028 10.8033 0.0089 1.7745 0.0298 -0.0212 0.9403 -2.5845 -11.7485 -1.5210 2.0478 -4.2394 -2.1682 2.0775 2.1605 -1.2222 1.2953 -2.7909 -3.6883 -9.2952 8.1773 -7.9403 32.8795 2.5285 -3.0570 12.9798 -0.0000 0.0000 0.0000 -91.3397 -21.3923 67.8698 40.6221 -48.4342 -18.9034 -0.0000 -0.0000 25.8092 31.1164 14.9370 8.8437 -7.1250 0.0000 -0.0000 3.4110 47.2582 0.1903 -0.0000 0.0000 0.0000 56.0119 17.6770 18.8283 -87.1589 59.9695 -57.5398 0.0000 0.0000 18.6316 -32.4131 39.2858 -21.9020 7.1250 -0.0000 -0.0000 1.4459 14.1075 1.7552
10.9848 18.2268 -13.8825 0.2843 -22.7916 -5.1990 0.0000 0.0000 0.0000 -17.5412 4.8149 -0.6736 1.4215 7.5399 21.3250 0.9411 7.5179 -22.5244 0.0899 -1.9340 -5.3234 0.0000 0.0000 0.0000 14.8931 17.9885 -0.9725 -0.3735 -3.9254 10.8670 0.0135 2.1943 0.0034 -0.0630 1.6189 -4.4536 -12.6174 -1.4878 2.3516 -4.0065 -2.1844 2.0973 2.8833 -1.2392 1.1952 -3.1305 -3.4570 -8.7225 8.2536 -7.5490 32.8271 2.6826 -2.9369 12.8186 -0.0000 -0.0000 0.0000 -92.2208 -22.6217 68.0343 38.5866 -47.2099 -17.3948 -0.0000 -0.0000 25.6567 29.5395 15.3946 8.5552 -7.1250 0.0000 -0.0000 1.8369 47.5331 0.1149 -0.0000 -0.0000 0.0000 58.9676 16.1658 21.4892 -86.0053 59.9396 -56.5412 0.0000 0.0000 19.5853 -32.7242 39.4841 -22.2248 7.1250 -0.0000 -0.0000 1.3432 14.4105 1.6356
11.0478 18.2254 -13.9057 0.1504 -23.1125 -4.6208 0.0000 0.0000 0.0000 -17.6289 4.7999 -1.6072 1.4595 7.6356 21.6126 0.9693 7.3560 -22.6506 0.0859 -1.8902 -5.2023 0.0000 0.0000 0.0000 14.6595 18.6180 -1.7026 -0.3817 -3.9675 10.9854 0.0094 1.7218 0.5977 -0.0192 0.8940 -2.4572 -12.6466 -1.6156 1.6391 -3.9353 -2.2399 2.0317 2.9497 -1.2823 1.5407 -2.9333 -3.1387 -7.8028 8.5579 -7.2061 32.5376 2.8200 -2.7625 12.4790 0.0000 0.0000 0.0000 -93.2080 -23.8012 67.8944 35.5009 -45.1665 -15.1675 -0.0000 -0.0000 26.1815 29.6895 14.3196 8.0266 -7.1250 0.0000 -0.0000 2.0919 46.3437 0.0694 0.0000 0.0000 0.0000 61.7040 15.8068 23.7366 -81.1222 59.7001 -52.3193 0.0000 0.0000 20.6107 -33.1926 39.2612 -22.4902 7.1250 -0.0000 -0.0000 1.0470 14.3393 1.2739
11.1024 18.2130 -13.9333 0.6235 -23.5127 -4.9984 0.0000 0.0000 0.0000 -18.1816 5.3636 -1.9700 1.5205 7.7863 22.0668 0.9969 7.1770 -22.7591 0.1329 -2.3496 -6.4728 0.0000 0.0000 0.0000 14.1084 18.8409 -1.6381 -0.3750 -3.9331 10.8884 0.0053 1.4425 1.2113 -0.0028 0.3446 -0.9467 -13.4327 -1.6574 1.3707 -3.8643 -2.1826 2.7165 3.4198 -1.3448 2.4518 -2.9375 -3.0111 -8.6289 8.5517 -7.0448 32.8396 2.8368 -2.6599 12.7700 0.0000 -0.0000 0.0000 -94.8713 -27.1439 68.6110 30.7578 -41.5341 -11.9089 -0.0000 -0.0000 26.1101 28.9023 14.3068 7.7687 -7.1250 0.0000 -0.0000 1.3431 46.2166 0.0403 0.0000 -0.0000 0.0000 64.2180 17.5574 25.1644 -72.5233 58.8139 -44.9250 0.0000 0.0000 20.9882 -32.8717 39.5354 -22.3603 7.1250 -0.0000 -0.0000 1.2833 14.5112 1.5642
11.1726 18.2057 -13.9624 -0.0858 -23.9379 -4.9114 0.0000 0.0000 0.0000 -17.5578 5.8081 -2.3858 1.5986 7.9744 22.6365 1.0184 6.9321 -22.7695 0.1284 -2.3098 -6.3625 0.0000 0.0000 0.0000 14.6907 18.4560 -1.8296 -0.3751 -3.9336 10.8900 0.0181 2.4114 1.2555 -0.0473 1.4043 -3.8620 -12.8118 -1.7698 1.5325 -3.5777 -2.3416 2.9108 3.3801 -1.4276 2.5724 -2.9137 -2.6823 -8.3692 8.4912 -6.5735 33.0052 2.8805 -2.4637 12.7415 0.0000 -0.0000 0.0000 -97.1997 -29.6185 68.4505 26.0587 -37.2667 -8.9232 -0.0000 -0.0000 26.0588 27.8182 14.8768 7.7148 -7.1250 0.0000 -0.0000 0.2434 46.6976 0.0102 0.0000 -0.0000 0.0000 66.5106 18.9384 26.7011 -63.2006 57.1042 -37.0167 0.0000 0.0000 21.1303 -31.2401 39.7140 -21.1852 7.1250 -0.0000 -0.0000 2.1496 14.1647 2.6118
11.2440 18.1946 -13.9966 0.0712 -24.4683 -4.9343 0.0000 0.0000 0.0000 -17.8487 6.2955 -3.0756 1.6644 8.1289 23.1063 1.0200 6.9252 -22.7781 0.1007 -2.0464 -5.6339 0.0000 0.0000 0.0000 14.3787 18.9238 -1.9922 -0.3755 -3.9357 10.8959 0.0281 2.9887 0.7671 -0.1079 2.1181 -5.8320 -13.0080 -1.9323 1.1732 -3.5186 -2.4727 3.1605 3.5214 -1.5347 3.0764 -2.8798 -2.3759 -8.0076 8.4571 -6.1222 32.9345 2.9226 -2.2784 12.5939 0.0000 -0.0000 0.0000 -98.6324 -31.9618 68.2047 22.3733 -33.3964 -6.7902 -0.0000 -0.0000 26.4867 27.4953 14.0688 7.2106 -7.1250 0.0000 -0.0000 0.0385 45.7554 0.0007 0.0000 -0.0000 0.0000 68.5204 21.2655 28.0753 -53.4192 54.2848 -28.9282 0.0000 0.0000 21.4367 -29.5001 38.6037 -19.4432 7.1250 -0.0000 -0.0000 2.7498 12.5080 3.2835
11.3131 18.1852 -14.0218 0.6750 -24.9026 -5.3489 0.0000 0.0000 0.0000 -18.6143 6.6566 -3.1994 1.6760 8.1558 23.1882 1.0458 6.8315 -22.9337 0.0949 -1.9872 -5.4702 0.0000 0.0000 0.0000 13.5973 18.8671 -2.3415 -0.3978 -4.0493 11.2155 0.0396 3.5485 0.8847 -0.1254 2.2830 -6.2884 -13.3057 -1.8694 2.0121 -3.7706 -2.5825 2.6844 3.4670 -1.5229 2.1155 -2.5452 -2.1917 -7.3554 8.3708 -6.0294 33.8484 2.8718 -2.2264 12.8238 -0.0000 -0.0000 0.0000 -99.7671 -32.6021 67.6321 19.3428 -29.8424 -5.2003 -0.0000 -0.0000 29.6130 27.4454 14.8642 7.5888 -7.1250 0.0000 -0.0000 -0.1104 46.6301 -0.0044 -0.0000 -0.0000 0.0000 70.9383 22.2517 28.8603 -45.0066 50.7717 -22.2438 0.0000 0.0000 21.9797 -29.6921 39.8689 -20.0785 7.1250 -0.0000 -0.0000 2.9671 13.8428 3.5949
11.3788 18.1735 -14.0387 1.2674 -25.4459 -5.7085 0.0000 0.0000 0.0000 -19.3493 7.3462 -3.4351 1.6851 8.1768 23.2523 1.0258 6.9664 -22.8567 0.1057 -2.0961 -5.7714 0.0000 0.0000 0.0000 12.8835 19.2309 -2.3781 -0.3986 -4.0536 11.2274 0.0428 3.6850 0.9395 -0.0748 1.7649 -4.8564 -13.5808 -1.7589 2.0199 -3.9810 -2.4219 2.8699 3.3921 -1.4652 2.2878 -2.2799 -2.2229 -7.7083 8.1764 -6.1353 34.3726 2.7445 -2.2496 13.1215 0.0000 0.0000 0.0000 -100.7355 -34.2038 67.8138 16.9704 -26.8187 -4.0740 -0.0000 -0.0000 31.0128 26.1383 14.2959 6.9091 -7.1250 0.0000 -0.0000 -1.2684 45.8224 -0.0257 0.0000 0.0000 0.0000 72.7724 24.0824 28.9402 -38.3297 47.0486 -17.2065 0.0000 0.0000 22.4917 -32.2971 40.3292 -22.2486 7.1250 -0.0000 -0.0000 1.7883 15.1245 2.1938
11.4473 18.1582 -14.0222 1.4685 -26.5883 -6.1279 0.0000 0.0000 0.0000 -19.7930 7.9533 -3.4631 1.7463 8.3164 23.6793 1.0904 7.2099 -23.5728 0.0860 -1.8917 -5.2065 0.0000 0.0000 0.0000 12.6470 19.7590 -1.8750 -0.3560 -3.8333 10.6080 0.0387 3.5703 2.1246 -0.0114 0.6902 -1.8966 -13.2304 -1.4719 1.6440 -4.0773 -1.9361 3.2540 3.0861 -1.2614 2.8122 -2.5040 -2.3826 -7.6560 8.3300 -6.3810 34.3345 2.8116 -2.3730 13.1261 -0.0000 0.0000 0.0000 -101.3818 -35.8107 68.4985 15.2375 -24.4759 -3.3237 -0.0000 -0.0000 32.1600 27.1430 14.0120 7.0760 -7.1250 0.0000 -0.0000 -0.2860 45.6448 -0.0046 -0.0000 0.0000 0.0000 73.9141 25.5480 28.5353 -33.8386 43.9648 -14.0009 0.0000 0.0000 23.9840 -32.0685 40.9223 -22.3133 7.1250 -0.0000 -0.0000 2.0659 15.6461 2.5479
11.5037 18.1499 -14.0576 0.9404 -27.4054 -5.9140 0.0000 0.0000 0.0000 -19.2393 8.6757 -4.1258 1.8071 8.4523 24.0964 1.1303 6.7867 -23.6102 0.0343 -1.1963 -3.2892 0.0000 0.0000 0.0000 13.2001 20.6370 -1.5629 -0.3125 -3.5938 9.9367 0.0146 2.8456 3.0291 -0.0045 0.4343 -1.1934 -12.5784 -1.2445 2.0252 -3.9090 -1.6945 3.3224 2.9244 -1.1206 2.6087 -3.0011 -2.6130 -7.5948 8.7143 -6.7400 34.1995 3.0019 -2.5548 13.1166 0.0000 0.0000 0.0000 -101.8418 -36.5021 68.9033 14.4475 -23.3708 -3.0033 -0.0000 -0.0000 31.3881 28.1923 14.3287 7.5566 -7.1250 0.0000 -0.0000 0.6663 46.1408 0.0188 0.0000 0.0000 0.0000 75.0805 26.0741 28.2626 -31.3975 42.0616 -12.3353 0.0000 0.0000 23.5529 -33.7308 40.9678 -23.6421 7.1250 -0.0000 -0.0000 1.2628 16.2454 1.5660
11.5575 18.1506 -14.0857 1.4947 -27.9993 -6.0435 0.0000 0.0000 0.0000 -19.8933 9.1100 -4.7260 1.8490 8.5441 24.3794 1.1506 6.7951 -23.7820 0.0290 -1.0996 -3.0230 0.0000 0.0000 0.0000 12.5538 21.1970 -1.8839 -0.3206 -3.6394 10.0643 0.0198 3.0611 3.0047 -0.0160 0.8173 -2.2462 -12.8364 -1.0560 2.3025 -3.9756 -1.4907 3.3716 3.0034 -1.0219 2.4826 -3.1933 -2.7567 -7.5067 8.7426 -6.8683 33.7725 3.0184 -2.6384 12.9301 -0.0000 -0.0000 0.0000 -102.4678 -37.0235 68.6191 14.0464 -22.8011 -2.8461 -0.0000 -0.0000 28.7962 28.8453 12.3020 6.6932 -7.1250 0.0000 -0.0000 1.4782 43.9551 -0.0381 -0.0000 -0.0000 0.0000 75.9780 26.2509 27.9593 -30.6109 41.4113 -11.8116 0.0000 0.0000 22.6529 -33.2436 40.6523 -23.1232 7.1250 -0.0000 -0.0000 1.4111 15.7634 1.7418
11.5961 18.1464 -14.1443 1.8848 -27.7155 -5.5449 0.0000 0.0000 0.0000 -20.2792 9.2145 -5.8890 1.8656 8.5804 24.4913 1.1146 6.3460 -23.1841 0.0370 -1.2424 -3.4159 0.0000 0.0000 0.0000 11.8329 21.7094 -2.9694 -0.3549 -3.8275 10.5920 0.0067 2.2910 2.7194 -0.0001 -0.0568 0.1559 -13.2752 -1.0780 2.8898 -4.0011 -1.6835 2.8232 3.2431 -1.0577 1.6134 -3.0194 -2.8436 -6.3583 8.6218 -6.9006 32.9264 2.9264 -2.6923 12.3158 0.0000 0.0000 0.0000 -102.5460 -36.1878 68.5333 14.6240 -23.6197 -3.0737 -0.0000 -0.0000 25.5862 29.5769 13.0032 7.2773 -7.1250 0.0000 -0.0000 2.1009 44.8399 -0.0083 0.0000 0.0000 0.0000 76.7877 25.3026 27.8827 -30.8345 41.5980 -11.9598 0.0000 0.0000 20.9001 -34.0025 40.4327 -23.6292 7.1250 -0.0000 -0.0000 0.9739 15.7997 1.2024
11.6429 18.1408 -14.1622 2.1832 -27.7427 -5.6510 0.0000 0.0000 0.0000 -20.7062 9.2286 -6.1271 1.8823 8.6166 24.6031 1.0968 6.4506 -23.1044 0.0406 -1.3011 -3.5777 0.0000 0.0000 0.0000 11.3689 21.6478 -3.2468 -0.3612 -3.8611 10.6861 0.0052 2.2603 2.8072 -0.0035 -0.3839 1.0548 -13.2007 -1.0960 3.2996 -4.0345 -1.7460 3.1437 3.1716 -1.1071 1.7280 -3.2353 -2.9047 -6.2567 8.8026 -6.8391 31.6318 3.0107 -2.6834 11.7709 0.0000 0.0000 0.0000 -102.3740 -36.4961 68.6185 15.5478 -24.9037 -3.4533 -0.0000 -0.0000 20.8722 28.5404 13.7850 7.3839 -7.1250 0.0000 -0.0000 1.0554 45.5813 0.0151 0.0000 0.0000 0.0000 77.5428 25.3018 27.9853 -31.8379 42.4175 -12.6313 0.0000 0.0000 19.4421 -34.3612 40.2896 -23.8516 7.1250 -0.0000 -0.0000 0.7553 15.7788 0.9323
11.6873 18.1447 -14.1591 2.2212 -28.4166 -5.5514 0.0000 0.0000 0.0000 -20.9076 9.5968 -6.4657 1.8870 8.6267 24.6345 1.1158 6.6077 -23.3686 0.0358 -1.2206 -3.3560 0.0000 0.0000 0.0000 11.1468 21.7955 -3.5649 -0.3498 -3.7998 10.5142 0.0123 2.7709 3.0828 -0.0197 -0.9051 2.4876 -12.7867 -0.9803 2.9604 -4.0408 -1.4958 3.4583 2.9233 -1.0125 2.1992 -3.5210 -2.7681 -4.8972 9.5361 -6.5343 29.2359 3.3296 -2.5708 10.5681 0.0000 0.0000 0.0000 -101.7101 -35.9732 67.5862 17.1606 -27.0690 -4.1601 -0.0000 -0.0000 16.8734 30.5890 13.0520 7.6040 -7.1250 0.0000 -0.0000 3.0466 45.0302 0.0023 0.0000 0.0000 0.0000 78.2045 25.1761 28.1175 -33.1851 43.4718 -13.5493 0.0000 0.0000 18.6984 -36.7187 40.2081 -25.7116 7.1250 -0.0000 -0.0000 -0.4299 16.5400 -0.5345
11.7238 18.1492 -14.1467 2.1645 -29.0989 -5.7578 0.0000 0.0000 0.0000 -20.9647 10.0221 -6.3244 1.8819 8.6156 24.6002 1.1424 6.7635 -23.6940 0.0516 -1.4656 -4.0309 0.0000 0.0000 0.0000 11.2739 22.5741 -3.3139 -0.3596 -3.8521 10.6611 0.0148 2.8187 2.9562 -0.0041 -0.4134 1.1360 -12.2616 -0.7559 3.3078 -4.0231 -1.2180 3.7922 2.6570 -0.8817 2.2984 -2.5400 -2.4334 -4.9862 9.1372 -5.8991 27.7291 3.0443 -2.2285 9.9331 -0.0000 -0.0000 0.0000 -102.4468 -35.3938 66.4490 18.4146 -28.6847 -4.7466 -0.0000 -0.0000 13.7372 31.8600 12.1207 7.4347 -7.1250 0.0000 -0.0000 4.2855 44.1279 -0.0924 -0.0000 -0.0000 0.0000 78.7337 24.8273 27.5302 -34.8619 44.7133 -14.7161 0.0000 0.0000 18.8366 -39.6584 41.1259 -28.6010 7.1250 -0.0000 -0.0000 -1.5626 18.6021 -1.9800
11.7483 18.1507 -14.1633 2.5054 -29.0346 -5.4367 0.0000 0.0000 0.0000 -21.3663 10.2230 -7.0909 1.8821 8.6160 24.6013 1.1216 6.5000 -23.3449 0.0457 -1.3803 -3.7958 0.0000 0.0000 0.0000 10.6632 22.7338 -3.9605 -0.3560 -3.8335 10.6086 0.0072 2.6205 3.2352 -0.0048 -0.4486 1.2326 -12.4708 -0.8464 3.4451 -3.9965 -1.3626 3.8139 2.8015 -0.9585 2.2728 -2.3813 -1.9930 -4.2181 9.6745 -5.2007 25.7261 3.2407 -1.8917 9.0265 -0.0000 0.0000 0.0000 -102.1764 -34.5429 64.9830 20.2604 -30.9548 -5.6647 -0.0000 -0.0000 10.8512 31.3203 12.1676 7.3085 -7.1250 0.0000 -0.0000 3.7810 44.1126 -0.0829 -0.0000 0.0000 0.0000 79.0631 24.8640 27.7952 -36.0531 45.5496 -15.5604 0.0000 0.0000 18.4230 -40.5155 41.7555 -29.6437 7.1250 -0.0000 -0.0000 -1.7566 19.5829 -2.2446
11.7743 18.1455 -14.1750 2.9241 -29.3390 -5.4689 0.0000 0.0000 0.0000 -21.8583 10.2480 -7.4354 1.8886 8.6300 24.6447 1.1324 6.6323 -23.5230 0.0177 -0.8584 -2.3592 0.0000 0.0000 0.0000 10.1696 22.7672 -4.2363 -0.3486 -3.7936 10.4967 0.0045 2.7168 3.5871 -0.0056 -0.4814 1.3229 -12.7394 -0.9171 3.7919 -4.0047 -1.5274 3.7566 2.9496 -1.0337 2.0503 -1.8933 -1.2819 -3.1126 9.9808 -4.1112 23.7952 3.3220 -1.3786 8.0744 0.0000 0.0000 0.0000 -101.2720 -33.6523 63.7465 22.2200 -33.2248 -6.7060 -0.0000 -0.0000 6.8767 33.0457 10.6072 6.8285 -7.1250 0.0000 -0.0000 5.4148 42.5103 -0.3337 0.0000 0.0000 0.0000 78.9789 24.3060 29.1788 -37.5764 46.5666 -16.6573 0.0000 0.0000 18.4437 -41.0559 41.2376 -29.8622 7.1250 -0.0000 -0.0000 -2.1934 19.2869 -2.7964
11.7957 18.1423 -14.1718 3.2496 -29.7616 -5.6314 0.0000 0.0000 0.0000 -22.2113 10.7333 -7.5496 1.8709 8.5917 24.5264 1.1423 6.6126 -23.5912 0.0204 -0.9225 -2.5355 0.0000 0.0000 0.0000 9.8855 22.7695 -4.5733 -0.3655 -3.8834 10.7489 0.0119 3.1103 3.7269 -0.0001 0.0597 -0.1640 -12.8134 -0.6349 3.9200 -4.0455 -1.1616 3.9407 2.9420 -0.8659 2.1220 -0.8896 -0.8542 -2.3215 10.1399 -3.4590 22.1477 3.2212 -1.0318 7.3298 0.0000 -0.0000 0.0000 -100.2650 -32.8300 64.1681 24.2335 -35.4102 -7.8414 -0.0000 -0.0000 4.6396 34.4542 10.0176 6.8060 -7.1250 0.0000 -0.0000 6.6959 41.9760 -0.5020 0.0000 -0.0000 0.0000 78.6075 23.9802 29.1483 -38.4983 47.1546 -17.3300 0.0000 0.0000 20.2723 -39.7528 41.6043 -28.9112 7.1250 -0.0000 -0.0000 -1.4460 19.1211 -1.8404
11.8121 18.1382 -14.1751 3.9818 -30.3228 -6.0082 0.0000 0.0000 0.0000 -22.9444 11.3153 -7.6956 1.8548 8.5568 24.4183 1.1191 6.7722 -23.5077 0.0322 -1.1577 -3.1827 0.0000 0.0000 0.0000 9.1978 23.0107 -4.8273 -0.3778 -3.9475 10.9290 0.0177 3.4545 3.9452 -0.0001 -0.0501 0.1377 -13.2980 -0.3908 3.9729 -4.1393 -0.8315 4.2540 3.0965 -0.7426 2.3915 -0.1422 -0.2935 -2.3185 10.2938 -2.6439 20.9510 3.1760 -0.5999 6.8863 -0.0000 -0.0000 0.0000 -100.1925 -31.8371 64.1102 25.8734 -37.0835 -8.8112 -0.0000 -0.0000 5.6044 36.7653 9.8338 7.2720 -7.1250 0.0000 -0.0000 8.7953 42.0238 -0.6513 -0.0000 -0.0000 0.0000 77.9286 24.5565 29.8734 -38.4580 47.1293 -17.3004 0.0000 0.0000 20.9193 -43.0410 42.1933 -32.0962 7.1250 -0.0000 -0.0000 -2.7884 21.0936 -3.6084
11.8372 18.1360 -14.1530 3.9181 -31.2659 -6.0207 0.0000 0.0000 0.0000 -23.0495 11.5233 -7.6772 1.8424 8.5298 24.3351 1.1572 7.2532 -24.1501 0.0100 -0.6447 -1.7717 0.0000 0.0000 0.0000 9.2398 23.5387 -5.0711 -0.3928 -4.0245 11.1456 0.0250 3.8177 4.1476 -0.0041 -0.4148 1.1396 -12.7961 -0.1727 3.9067 -4.1141 -0.4984 4.4959 2.8417 -0.5870 2.6226 0.6913 0.2835 -2.1968 10.3449 -1.8257 20.0317 3.0841 -0.1707 6.5222 0.0000 0.0000 0.0000 -99.8974 -31.2769 63.3769 26.8128 -38.0001 -9.3837 -0.0000 -0.0000 6.6373 37.8072 11.4394 8.7482 -7.1250 0.0000 -0.0000 9.8549 44.1211 -0.2160 0.0000 0.0000 0.0000 77.1814 25.1141 30.6704 -37.6572 46.6190 -16.7160 0.0000 0.0000 22.0776 -44.7369 43.2451 -34.1709 7.1250 -0.0000 -0.0000 -3.1711 22.8924 -4.1595
11.8515 18.1333 -14.1508 4.1143 -31.5645 -6.0396 0.0000 0.0000 0.0000 -23.3183 11.6729 -7.8315 1.8394 8.5232 24.3150 1.1320 7.6604 -24.2337 0.0341 -1.1922 -3.2778 0.0000 0.0000 0.0000 8.9422 23.9242 -5.3518 -0.4105 -4.1130 11.3947 0.0230 3.7449 4.1342 -0.0293 -1.1048 3.0372 -12.8401 -0.3212 3.9924 -4.0158 -0.7038 4.5786 2.9702 -0.6990 2.6951 1.1124 1.1524 -1.7532 10.2294 -0.5516 19.3567 3.0335 0.4322 6.1627 -0.0000 0.0000 0.0000 -99.1257 -31.0215 63.3928 27.5812 -38.7279 -9.8606 -0.0000 -0.0000 4.8496 41.2074 15.9889 13.5609 -7.1250 0.0000 -0.0000 13.6347 50.3303 1.8208 -0.0000 0.0000 0.0000 76.8708 26.0142 31.2319 -36.1172 45.5936 -15.6061 0.0000 0.0000 23.6106 -45.1489 43.2588 -34.5617 7.1250 -0.0000 -0.0000 -3.3538 23.0950 -4.4060
11.8674 18.1332 -14.1680 4.3838 -31.7463 -6.0277 0.0000 0.0000 0.0000 -23.6120 11.6895 -8.1495 1.8569 8.5615 24.4330 1.1770 7.4274 -24.4301 0.0191 -0.8926 -2.4533 0.0000 0.0000 0.0000 8.5570 24.1561 -5.9033 -0.4476 -4.2923 11.9004 0.0251 3.8036 4.1153 -0.0279 -1.0791 2.9665 -12.9362 -0.2634 4.0871 -3.9806 -0.6248 4.8106 3.0550 -0.6833 2.8816 1.7397 1.7277 -1.5774 10.0846 0.3245 18.4187 2.9074 0.8565 5.8005 0.0000 -0.0000 0.0000 -99.2282 -30.7418 62.6304 28.4696 -39.5449 -10.4213 -0.0000 -0.0000 4.4402 43.7827 21.4481 19.3126 -7.1250 0.0000 -0.0000 17.3822 57.6770 5.5051 0.0000 -0.0000 0.0000 76.5840 27.4513 30.5804 -34.0907 44.1518 -14.1762 0.0000 0.0000 24.0393 -41.7035 42.8045 -31.1944 7.1250 -0.0000 -0.0000 -1.9403 21.1228 -2.5102
11.8755 18.1281 -14.2010 4.4122 -32.0453 -5.9345 0.0000 0.0000 0.0000 -23.5816 11.7602 -8.6492 1.9103 8.6768 24.7893 1.1451 7.7094 -24.3739 0.0550 -1.5135 -4.1630 0.0000 0.0000 0.0000 8.5079 24.5617 -6.2641 -0.4688 -4.3917 12.1814 0.0321 3.8554 3.7287 -0.0072 -0.5486 1.5076 -12.8609 -0.1781 4.3208 -3.9431 -0.5427 4.9092 3.0538 -0.6435 2.8409 2.4279 2.1291 -1.3200 9.7673 0.9419 17.8932 2.7087 1.1564 5.5768 -0.0000 -0.0000 0.0000 -99.2903 -29.5482 61.8738 30.1031 -40.9816 -11.4772 -0.0000 -0.0000 0.6228 47.7369 22.9591 23.2310 -7.1250 0.0000 -0.0000 23.1722 60.6745 9.1375 -0.0000 -0.0000 0.0000 76.8515 29.2005 29.5614 -31.5706 42.2022 -12.4514 0.0000 0.0000 23.9355 -39.5139 42.3091 -29.0373 7.1250 -0.0000 -0.0000 -1.0911 19.7293 -1.3955
11.8839 18.1182 -14.2133 4.3483 -32.2256 -5.9193 0.0000 0.0000 0.0000 -23.4834 11.8946 -8.9127 1.9659 8.7946 25.1550 1.1496 7.6814 -24.3903 0.0576 -1.5493 -4.2616 0.0000 0.0000 0.0000 8.5426 24.7511 -6.3928 -0.4811 -4.4478 12.3401 0.0374 3.8041 3.1367 -0.0036 -0.3894 1.0699 -12.6728 -0.1101 4.7650 -3.9036 -0.5094 5.0795 2.9948 -0.6255 2.7623 3.2683 2.4987 -1.4022 9.3479 1.4996 17.3947 2.4553 1.4404 5.4340 0.0000 -0.0000 0.0000 -100.3280 -30.2314 61.3677 28.4905 -39.5639 -10.4346 -0.0000 0.0000 -1.4074 49.8706 25.5919 27.1321 -7.1250 0.0000 -0.0000 27.7189 64.5284 13.5972 0.0000 -0.0000 0.0000 76.9170 30.9417 28.7458 -29.1196 40.1267 -10.8377 0.0000 0.0000 23.1312 -40.1023 41.1578 -28.9972 7.1250 -0.0000 -0.0000 -1.7647 18.8137 -2.2404
11.8955 18.1119 -14.2115 4.5298 -32.5442 -6.0273 0.0000 0.0000 0.0000 -23.6889 11.9936 -9.0169 1.9807 8.8258 25.2518 1.1725 7.7192 -24.5999 0.0504 -1.4483 -3.9831 0.0000 0.0000 0.0000 8.3520 24.9350 -6.5097 -0.4959 -4.5148 12.5297 0.0464 3.9838 2.6664 -0.0065 -0.5213 1.4324 -12.5649 -0.3338 5.0105 -3.8044 -0.8421 5.1116 3.0493 -0.7876 2.7050 3.2232 3.0671 -1.3474 8.9617 2.3362 17.4661 2.3819 1.8216 5.4230 0.0000 0.0000 0.0000 -101.1592 -30.5620 59.1083 27.1977 -38.3671 -9.6216 -0.0000 0.0000 -1.9583 51.4064 27.5991 30.1341 -7.1250 0.0000 -0.0000 31.8160 67.3749 17.8450 0.0000 0.0000 0.0000 77.7315 32.9491 27.8709 -26.1823 37.3881 -8.9981 0.0000 0.0000 24.2957 -39.3912 41.1159 -28.3680 7.1250 -0.0000 -0.0000 -1.4377 18.4851 -1.8198
11.9008 18.1042 -14.2263 4.6775 -32.7192 -6.1460 0.0000 0.0000 0.0000 -23.7840 12.1830 -9.1262 1.9943 8.8542 25.3404 1.1708 7.6092 -24.5085 0.0267 -1.0549 -2.8999 0.0000 0.0000 0.0000 8.2438 25.1780 -6.6463 -0.5230 -4.6349 12.8701 0.0461 3.8406 1.9631 -0.0039 0.4021 -1.1049 -12.4996 -0.1222 5.3169 -3.8322 -0.5948 5.3133 2.9797 -0.6720 2.7096 3.7525 3.0727 -1.5484 8.8292 2.3368 17.2212 2.2523 1.8439 5.3960 0.0000 -0.0000 0.0000 -102.0879 -31.0777 58.9003 25.8400 -37.0503 -8.7911 -0.0000 0.0000 -3.2756 53.3114 29.4928 33.4553 -7.1250 0.0000 -0.0000 37.5861 70.0973 23.6396 0.0000 -0.0000 0.0000 78.1583 35.0595 25.8428 -23.3143 34.4307 -7.3152 0.0000 0.0000 25.3227 -39.4344 40.3744 -28.0462 7.1250 -0.0000 -0.0000 -1.7035 17.7524 -2.1426
11.9021 18.0971 -14.2312 4.8882 -33.1387 -6.2874 0.0000 0.0000 0.0000 -23.9869 12.2550 -9.2184 2.0178 8.9030 25.4923 1.1716 7.9969 -24.7920 0.0500 -1.4432 -3.9691 0.0000 0.0000 0.0000 8.0914 25.5729 -6.8527 -0.5599 -4.7927 13.3184 0.0575 4.2490 1.4652 -0.0410 1.3075 -3.5953 -12.4452 -0.0572 5.5313 -3.7632 -0.5288 5.4945 3.0200 -0.6503 2.7724 3.8820 3.2850 -1.3864 8.5208 2.7354 16.5857 2.1378 2.0031 5.1666 0.0000 -0.0000 0.0000 -103.3868 -31.8023 57.6108 24.2435 -35.4207 -7.8473 -0.0000 0.0000 -5.2027 54.5888 29.6380 34.8212 -7.1250 0.0000 -0.0000 40.8495 70.6112 26.3496 0.0000 -0.0000 0.0000 78.7763 37.3166 23.6089 -20.6495 31.4169 -5.8662 0.0000 0.0000 27.5075 -38.8376 40.4278 -27.5691 7.1250 -0.0000 -0.0000 -1.3961 17.5704 -1.7529
11.8962 18.0960 -14.2319 4.9170 -33.4059 -6.0870 0.0000 0.0000 0.0000 -24.0176 12.3350 -9.5820 2.0396 8.9481 25.6330 1.1743 8.0594 -24.8582 0.0392 -1.2774 -3.5125 0.0000 0.0000 0.0000 7.9757 26.0461 -7.2539 -0.5900 -4.9180 13.6747 0.0619 4.4257 1.1859 -0.0339 1.1893 -3.2698 -12.2491 -0.2511 5.6064 -3.6614 -0.7889 5.5262 3.0271 -0.7772 2.7967 3.7699 3.5651 -1.2949 8.1455 3.2296 16.1106 2.0504 2.1994 4.9939 0.0000 0.0000 0.0000 -104.3142 -32.6851 55.6423 22.5444 -33.5869 -6.8846 -0.0000 0.0000 -7.1093 54.7766 29.4189 34.8265 -7.1250 0.0000 -0.0000 41.0534 70.4229 26.3337 0.0000 0.0000 0.0000 79.6491 39.6429 22.2423 -18.2382 28.4610 -4.6622 0.0000 0.0000 29.5858 -36.7246 39.7161 -25.4877 7.1250 -0.0000 -0.0000 -0.5828 16.0421 -0.7212
11.8880 18.0838 -14.2498 5.2991 -33.6469 -6.0687 0.0000 0.0000 0.0000 -24.3115 12.5743 -10.1240 2.0798 9.0304 25.8904 1.2338 7.7324 -25.0908 0.0214 -0.9446 -2.5964 0.0000 0.0000 0.0000 7.5839 26.3688 -7.6097 -0.5907 -4.9206 13.6823 0.0681 4.6286 1.8940 -0.0265 1.0507 -2.8882 -12.1100 -0.0272 5.8215 -3.8803 -0.5246 5.5191 2.7177 -0.6297 2.6232 4.4379 3.3192 -1.4358 7.5831 2.9357 15.9654 1.7543 2.0611 5.0064 0.0000 -0.0000 0.0000 -105.4807 -33.3457 54.4360 20.9261 -31.7419 -6.0110 -0.0000 0.0000 -9.6514 53.7265 28.2102 32.7871 -7.1250 0.0000 -0.0000 37.2414 68.7816 22.3510 0.0000 -0.0000 0.0000 80.0411 41.6266 19.5634 -16.0477 25.5853 -3.6666 0.0000 0.0000 29.7297 -33.3038 39.7375 -22.7816 7.1250 -0.0000 -0.0000 1.1231 14.8599 1.3737
11.8793 18.0800 -14.2469 5.2387 -33.9174 -5.8529 0.0000 0.0000 0.0000 -24.2787 12.5250 -10.3451 2.0909 9.0529 25.9610 1.2241 8.0104 -25.2125 0.0336 -1.1836 -3.2541 0.0000 0.0000 0.0000 7.6580 26.3913 -7.7373 -0.5644 -4.8118 13.3726 0.0817 5.1497 2.8853 -0.0055 0.4774 -1.3117 -11.5571 0.1882 5.8173 -3.9280 -0.1950 5.7977 2.3518 -0.4691 2.8639 4.7868 3.2436 -1.7682 7.4437 2.8774 15.1627 1.6445 2.0269 4.8259 -0.0000 -0.0000 0.0000 -107.1615 -34.3706 52.5324 19.2381 -29.7135 -5.1483 -0.0000 0.0000 -11.1703 51.7396 25.8512 28.9383 -7.1250 0.0000 -0.0000 31.2241 65.4322 16.1176 -0.0000 -0.0000 0.0000 80.1040 43.8119 16.1530 -13.7934 22.4385 -2.7487 0.0000 0.0000 31.8259 -33.7340 38.3540 -22.5075 7.1250 -0.0000 -0.0000 0.5259 13.5948 0.6348
11.8618 18.0826 -14.2073 5.5900 -34.5312 -6.1441 0.0000 0.0000 0.0000 -24.6482 12.6725 -10.0195 2.0568 8.9834 25.7434 1.2490 8.3702 -25.6626 0.0211 -0.9380 -2.5782 0.0000 0.0000 0.0000 7.5316 26.8009 -7.5175 -0.5495 -4.7490 13.1941 0.0838 5.3336 3.5171 -0.0220 -0.9580 2.6333 -11.3466 0.1070 5.7602 -3.8585 -0.2863 5.8151 2.3118 -0.5121 2.9209 4.3085 3.4397 -1.2756 7.1778 3.2795 14.7605 1.6410 2.1611 4.6033 -0.0000 -0.0000 0.0000 -108.3412 -35.2123 49.3911 17.4564 -27.4555 -4.2957 -0.0000 0.0000 -12.3697 49.4423 23.3337 24.8352 -7.1250 0.0000 -0.0000 25.8962 61.6622 10.9032 -0.0000 -0.0000 0.0000 80.4807 45.1195 15.6277 -12.4101 20.4168 -2.2433 0.0000 0.0000 31.6066 -32.1455 37.1121 -20.7650 7.1250 -0.0000 -0.0000 1.0175 11.7989 1.2042
11.8361 18.0806 -14.1856 5.9430 -35.1098 -6.5367 0.0000 0.0000 0.0000 -24.9141 12.9601 -9.6724 2.0300 8.9283 25.5712 1.2811 8.5515 -26.0366 0.0243 -1.0067 -2.7671 0.0000 0.0000 0.0000 7.5078 27.2444 -7.3179 -0.5651 -4.8147 13.3809 0.1061 5.8474 3.1733 -0.0004 -0.1357 0.3728 -11.3596 -0.0218 6.1990 -3.6610 -0.5326 5.7598 2.5385 -0.6250 2.6491 3.5965 3.8306 -0.8738 6.7031 3.9837 14.0876 1.8269 2.4030 4.7889 0.0000 0.0000 0.0000 -109.3025 -35.9921 45.9986 15.8404 -25.3037 -3.5775 -0.0000 0.0000 -13.7104 47.1797 19.9112 20.1791 -7.1250 0.0000 -0.0000 21.3885 56.7244 6.3469 0.0000 0.0000 0.0000 81.9919 46.4838 12.5341 -11.0359 18.3433 -1.7872 0.0000 0.0000 35.7398 -32.4957 37.5486 -21.2156 7.1250 -0.0000 -0.0000 0.9472 12.3602 1.1282
11.8085 18.0831 -14.2052 5.7258 -35.0530 -6.0194 0.0000 0.0000 0.0000 -24.6377 12.8099 -10.1477 2.0531 8.9758 25.7196 1.2401 8.7280 -25.8569 0.0490 -1.4285 -3.9286 0.0000 0.0000 0.0000 7.6748 27.4331 -7.8650 -0.5959 -4.9420 13.7434 0.1130 5.9812 2.8395 -0.0093 0.6241 -1.7149 -10.9069 -0.1342 6.1306 -3.6497 -0.6389 5.9294 2.3025 -0.6781 2.8677 3.6443 4.0531 -1.0385 6.7850 4.3023 13.5632 1.8464 2.5563 4.6203 0.0000 -0.0000 0.0000 -109.9915 -37.0342 43.4765 14.5406 -23.5022 -3.0404 -0.0000 0.0000 -14.7119 43.1177 17.1233 15.4131 -7.1250 0.0000 -0.0000 15.8715 52.1664 2.8592 0.0000 -0.0000 0.0000 83.2495 48.3323 7.1570 -9.8163 16.4517 -1.4225 0.0000 0.0000 41.1619 -32.3499 37.3879 -21.0369 7.1250 -0.0000 -0.0000 0.9814 12.1480 1.1661
11.7783 18.0744 -14.2430 5.7714 -34.8145 -5.3873 0.0000 0.0000 0.0000 -24.5824 12.5135 -10.9612 2.0750 9.0206 25.8598 1.2407 8.4486 -25.6559 0.0401 -1.2923 -3.5533 0.0000 0.0000 0.0000 7.4217 27.6338 -8.8753 -0.6308 -5.0819 14.1422 0.0904 5.4375 3.1593 -0.0001 0.0516 -0.1417 -10.9441 -0.2337 6.1539 -3.5881 -0.7709 5.9785 2.3904 -0.7500 2.9254 4.0737 3.8920 -1.1899 6.1723 4.1786 12.8483 1.5384 2.4755 4.4128 0.0000 0.0000 0.0000 -110.6136 -37.8939 42.3449 13.4811 -21.9881 -2.6307 -0.0000 0.0000 -16.1461 41.1475 14.7215 12.5197 -7.1250 0.0000 -0.0000 13.4292 48.7429 1.2606 0.0000 0.0000 0.0000 83.4243 49.1116 8.1505 -9.7854 16.4032 -1.4137 0.0000 0.0000 38.4096 -32.8478 38.4725 -21.8841 7.1250 -0.0000 -0.0000 1.0083 13.4214 1.2150
11.7549 18.0810 -14.1896 6.2492 -35.2820 -5.6848 0.0000 0.0000 0.0000 -25.1444 12.1334 -10.5028 2.0536 8.9769 25.7231 1.2977 9.1101 -26.5701 0.0630 -1.6198 -4.4560 0.0000 0.0000 0.0000 7.0450 27.5717 -9.0050 -0.6584 -5.1897 14.4504 0.1333 6.4712 2.7975 -0.0075 0.5579 -1.5332 -10.6269 -0.0991 6.2051 -3.6405 -0.5887 5.9842 2.1573 -0.6455 2.8697 3.9300 3.9289 -0.9319 5.9202 4.3122 12.4183 1.4618 2.5104 4.2035 -0.0000 0.0000 0.0000 -111.2039 -38.1065 40.9116 12.7436 -20.9104 -2.3610 -0.0000 0.0000 -16.3211 37.4128 15.1331 11.2928 -7.1250 0.0000 -0.0000 9.6404 48.5427 0.8497 -0.0000 0.0000 0.0000 83.7281 49.0570 9.4742 -9.8879 16.5640 -1.4428 0.0000 0.0000 34.4151 -30.9346 36.9535 -19.8132 7.1250 -0.0000 -0.0000 1.6085 11.2577 1.8922
11.7096 18.0786 -14.1793 6.3452 -35.7896 -5.6345 0.0000 0.0000 0.0000 -25.0976 12.5719 -10.5477 2.0342 8.9369 25.5983 1.2741 9.1571 -26.4306 0.0554 -1.5189 -4.1779 0.0000 0.0000 0.0000 7.0930 27.5074 -9.3512 -0.6716 -5.2404 14.5955 0.1547 6.9923 3.3131 -0.0015 -0.2541 0.6981 -10.5716 -0.0032 6.6497 -3.5135 -0.5381 5.8156 2.2663 -0.5968 2.4357 3.8230 4.0307 -0.6082 5.8249 4.5130 11.9766 1.4321 2.5855 3.9767 -0.0000 -0.0000 0.0000 -111.3984 -37.8606 39.2057 12.4635 -20.4960 -2.2620 -0.0000 0.0000 -14.7025 32.9521 16.7719 10.5948 -7.1250 0.0000 -0.0000 5.0877 49.6684 0.5870 -0.0000 -0.0000 0.0000 84.5663 48.8953 10.4937 -10.0371 16.7977 -1.4857 0.0000 0.0000 32.2567 -31.7122 36.6689 -20.2545 7.1250 -0.0000 -0.0000 1.1332 11.2056 1.3321
11.6726 18.0751 -14.2101 6.1960 -35.8753 -5.0537 0.0000 0.0000 0.0000 -24.8067 12.6754 -11.1844 2.0308 8.9299 25.5762 1.2473 9.0124 -26.1227 0.0672 -1.6721 -4.6002 0.0000 0.0000 0.0000 7.1489 27.7567 -10.2163 -0.7130 -5.3964 15.0427 0.1675 7.2483 3.1042 -0.0073 0.5511 -1.5143 -10.5244 -0.2094 6.8040 -3.2914 -0.8390 5.6926 2.4890 -0.7361 2.2567 3.9223 4.3095 -0.4992 5.2851 4.9726 11.5744 1.2364 2.7851 3.8220 0.0000 -0.0000 0.0000 -111.2036 -38.1119 38.4193 12.2199 -20.1335 -2.1774 -0.0000 0.0000 -14.1917 31.3545 17.2154 10.2226 -7.1250 0.0000 -0.0000 3.4328 49.8912 0.4144 0.0000 -0.0000 0.0000 85.4234 48.9080 12.7586 -10.4767 17.4817 -1.6152 0.0000 0.0000 30.1128 -31.3632 35.7361 -19.5953 7.1250 -0.0000 -0.0000 1.0924 10.1329 1.2677
11.6260 18.0859 -14.1700 6.4311 -36.7272 -5.4355 0.0000 0.0000 0.0000 -24.9404 12.9063 -10.6137 1.9970 8.8597 25.3576 1.3304 9.2174 -26.8893 0.0691 -1.6962 -4.6667 0.0000 0.0000 0.0000 7.2990 27.5852 -10.2381 -0.7540 -5.5459 15.4723 0.2585 9.0099 2.4120 -0.0342 1.1941 -3.2830 -10.4122 0.0156 6.6479 -3.2040 -0.4926 6.0427 2.4963 -0.5934 2.6716 3.7848 4.4390 -0.6599 5.0912 5.1908 11.1614 1.1961 2.8742 3.7047 0.0000 -0.0000 0.0000 -111.4893 -38.3112 37.7120 12.0522 -19.8828 -2.1200 -0.0000 0.0000 -12.0115 32.5101 17.2211 10.6852 -7.1250 0.0000 -0.0000 4.6031 50.1048 0.5803 0.0000 -0.0000 0.0000 85.5752 49.0783 14.0194 -10.7690 17.9333 -1.7041 0.0000 0.0000 28.7757 -33.0047 36.0828 -20.9338 7.1250 -0.0000 -0.0000 0.3113 11.0098 0.3650
11.5865 18.0960 -14.1455 6.0087 -36.8510 -4.7997 0.0000 0.0000 0.0000 -24.5726 12.8967 -10.6195 1.9274 8.7131 24.9019 1.2896 9.4060 -26.7323 0.0487 -1.4245 -3.9178 0.0000 0.0000 0.0000 7.5924 27.4613 -10.8858 -0.7916 -5.6792 15.8565 0.2925 9.5904 2.4372 -0.0429 1.3365 -3.6751 -9.7822 -0.1186 6.4853 -3.0531 -0.6257 5.9454 2.3127 -0.6350 2.6580 4.3286 4.4702 -0.9287 4.3361 5.2584 11.3542 0.8719 2.9087 3.8641 -0.0000 -0.0000 0.0000 -111.2310 -37.8417 38.2350 12.3187 -20.2809 -2.2115 -0.0000 0.0000 -12.4972 33.1475 15.9952 10.2017 -7.1250 0.0000 -0.0000 5.3362 48.8061 0.5022 -0.0000 -0.0000 0.0000 86.3155 49.2092 14.1288 -10.7226 17.8618 -1.6898 0.0000 0.0000 29.5160 -33.9319 35.8641 -21.5123 7.1250 -0.0000 -0.0000 -0.2305 11.0859 -0.2705
11.5410 18.1035 -14.1234 6.8450 -36.4609 -5.0446 0.0000 0.0000 0.0000 -25.2734 12.4340 -10.3030 1.8567 8.5609 24.4312 1.2584 9.6747 -26.7081 0.0662 -1.6605 -4.5683 0.0000 0.0000 0.0000 6.8417 27.1507 -11.1955 -0.8257 -5.7974 16.1976 0.2911 9.6329 1.9296 -0.0602 1.5835 -4.3558 -10.2097 -0.2939 6.2265 -3.1667 -0.8286 6.1147 2.4286 -0.7698 3.0181 4.2650 4.5956 -1.2863 4.2439 5.4233 11.3051 0.8683 2.9876 3.9164 0.0000 0.0000 0.0000 -110.5510 -38.2330 42.3540 12.0548 -19.8867 -2.1209 -0.0000 0.0000 -17.5043 39.5082 11.1945 9.0949 -7.1250 0.0000 -0.0000 11.4442 44.0631 -0.2683 0.0000 0.0000 0.0000 86.4905 49.0031 16.3242 -11.1846 18.5707 -1.8343 0.0000 0.0000 26.9731 -32.5277 35.7192 -20.4217 7.1250 -0.0000 -0.0000 0.4727 10.4790 0.5507
11.4960 18.1202 -14.0818 6.8212 -37.0448 -5.3228 0.0000 0.0000 0.0000 -25.1720 12.5435 -9.4998 1.7856 8.4043 23.9491 1.3097 9.9511 -27.2949 0.0458 -1.3809 -3.7974 0.0000 0.0000 0.0000 7.2151 27.4432 -10.8545 -0.8550 -5.8969 16.4855 0.3042 9.8887 1.7054 -0.0425 1.3310 -3.6601 -9.8538 -0.1374 6.2053 -3.1143 -0.5919 6.3439 2.2760 -0.6575 3.2356 4.3878 4.5833 -1.1752 4.1400 5.4486 10.7095 0.7951 2.9881 3.6904 0.0000 -0.0000 0.0000 -110.0900 -37.9469 45.1807 12.4330 -20.4508 -2.2513 -0.0000 0.0000 -21.5435 31.5092 16.4216 9.8319 -7.1250 0.0000 -0.0000 3.6677 49.0151 0.3636 0.0000 -0.0000 0.0000 86.8133 48.8777 16.6337 -11.3632 18.8428 -1.8915 0.0000 0.0000 26.6031 -32.8212 35.1924 -20.3909 7.1250 -0.0000 -0.0000 0.1892 10.0230 0.2193
11.4569 18.1200 -14.0723 6.7790 -37.2571 -4.9215 0.0000 0.0000 0.0000 -25.1147 12.4677 -9.6868 1.7630 8.3538 23.7940 1.2742 10.2506 -27.2719 0.0660 -1.6575 -4.5600 0.0000 0.0000 0.0000 7.2436 27.6279 -11.2186 -0.8593 -5.9115 16.5277 0.3095 9.9740 1.7186 -0.0437 1.3492 -3.7102 -9.5769 -0.1283 5.9986 -3.0816 -0.5437 6.3213 2.1546 -0.6250 3.3139 4.6484 4.4923 -1.2658 3.7905 5.3664 10.2568 0.6254 2.9369 3.5676 0.0000 -0.0000 0.0000 -109.9023 -37.4997 47.1847 12.9052 -21.1481 -2.4190 -0.0000 0.0000 -25.6110 34.2734 17.1420 11.3572 -7.1250 0.0000 -0.0000 6.4125 50.3390 0.8469 0.0000 -0.0000 0.0000 86.8570 48.6842 18.1866 -11.7060 19.3622 -2.0037 0.0000 0.0000 24.4799 -33.3812 35.1190 -20.7594 7.1250 -0.0000 -0.0000 -0.1260 10.1260 -0.1462
11.4214 18.1280 -14.0715 6.5661 -37.1672 -4.4832 0.0000 0.0000 0.0000 -24.8085 12.4191 -9.8250 1.7290 8.2772 23.5593 1.2493 10.1150 -26.9841 0.0605 -1.5876 -4.3673 0.0000 0.0000 0.0000 7.4442 27.4971 -11.5121 -0.8533 -5.8911 16.4689 0.3114 9.9970 1.7594 -0.0444 1.3595 -3.7385 -9.5505 -0.2534 6.4823 -2.7237 -0.8018 5.8272 2.5371 -0.7116 2.5523 4.3951 4.5664 -1.1120 3.6804 5.4906 10.4105 0.6360 2.9866 3.5868 -0.0000 0.0000 0.0000 -109.9000 -36.5086 47.4851 13.1432 -21.4967 -2.5055 -0.0000 0.0000 -25.6252 41.2173 13.1380 11.2606 -7.1250 0.0000 -0.0000 13.3129 46.7734 0.5929 -0.0000 0.0000 0.0000 86.7324 47.8438 19.1601 -11.9174 19.6806 -2.0744 0.0000 0.0000 23.2816 -33.0415 35.6379 -20.7559 7.1250 -0.0000 -0.0000 0.1815 10.5586 0.2117
11.3800 18.1453 -13.9898 6.9505 -37.7549 -4.9999 0.0000 0.0000 0.0000 -25.2578 12.0503 -8.7068 1.6464 8.0870 22.9785 1.3228 10.8178 -28.0673 0.0380 -1.2590 -3.4617 0.0000 0.0000 0.0000 7.3885 26.9356 -11.1879 -0.8522 -5.8876 16.4588 0.3871 11.1847 1.6785 -0.0619 1.6056 -4.4168 -9.3151 -0.0519 6.2601 -2.7799 -0.4905 5.9555 2.3327 -0.5608 2.7693 4.4415 4.4329 -1.4490 3.4943 5.3014 10.5885 0.5743 2.8954 3.7210 -0.0000 0.0000 0.0000 -110.0891 -36.2085 48.1852 13.1739 -21.5415 -2.5168 -0.0000 0.0000 -24.8061 44.8023 8.2793 8.1386 -7.1250 0.0000 -0.0000 15.9304 41.0332 -1.6044 -0.0000 0.0000 0.0000 86.6733 47.2691 19.4605 -12.2961 20.2473 -2.2037 0.0000 0.0000 21.8579 -33.1510 35.7773 -20.8999 7.1250 -0.0000 -0.0000 0.1583 10.7391 0.1851
11.3344 18.1484 -13.9789 7.2043 -37.5071 -4.7725 0.0000 0.0000 0.0000 -25.4327 11.9914 -8.6133 1.5591 7.8799 22.3500 1.2796 10.8141 -27.7596 0.0284 -1.0886 -2.9926 0.0000 0.0000 0.0000 7.1118 26.6294 -11.5997 -0.8650 -5.9304 16.5826 0.3974 11.3825 1.4568 -0.0657 1.6543 -4.5512 -9.7382 -0.1024 6.0252 -2.5530 -0.5566 5.7363 2.8055 -0.6005 2.6903 4.3539 4.3858 -1.5007 3.3664 5.2465 10.7466 0.5503 2.8639 3.7874 0.0000 -0.0000 0.0000 -110.2672 -35.7525 49.0701 13.2248 -21.6157 -2.5355 -0.0000 0.0000 -23.9075 43.2462 9.8310 9.1237 -7.1250 0.0000 -0.0000 14.7855 42.8687 -0.7964 0.0000 -0.0000 0.0000 85.9682 46.0037 21.1771 -13.3152 21.7472 -2.5689 0.0000 0.0000 18.2666 -32.8155 35.6445 -20.5953 7.1250 -0.0000 -0.0000 0.3025 10.4928 0.3525
11.3055 18.1624 -13.9644 7.1387 -37.1860 -4.5464 0.0000 0.0000 0.0000 -25.3548 11.5344 -8.2124 1.4867 7.7032 21.8161 1.2257 11.1152 -27.6198 0.0399 -1.2895 -3.5456 0.0000 0.0000 0.0000 7.1839 26.2612 -11.6462 -0.8566 -5.9024 16.5016 0.3911 11.3171 1.3428 -0.0660 1.6575 -4.5600 -9.6457 -0.2334 6.0922 -2.4030 -0.7385 5.6721 2.9187 -0.6843 2.6066 4.4118 4.2880 -2.0597 3.1617 5.0967 10.9139 0.4863 2.7931 3.9632 0.0000 0.0000 0.0000 -109.9765 -35.5299 50.8950 13.6397 -22.2173 -2.6904 -0.0000 0.0000 -24.4424 43.6079 11.1717 10.4567 -7.1250 0.0000 -0.0000 15.3660 44.6708 -0.1280 0.0000 0.0000 0.0000 85.9893 45.4144 21.9731 -14.0036 22.7398 -2.8295 0.0000 0.0000 15.5491 -33.3691 34.9103 -20.6522 7.1250 -0.0000 -0.0000 -0.1707 9.9034 -0.1975
11.2629 18.1788 -13.9130 6.9589 -37.5421 -4.3145 0.0000 0.0000 0.0000 -25.2203 11.5442 -7.7966 1.4117 7.5148 21.2499 1.2078 11.4377 -27.7599 0.0348 -1.2041 -3.3105 0.0000 0.0000 0.0000 7.4383 26.3157 -11.4904 -0.8311 -5.8160 16.2515 0.4073 11.5474 1.3624 -0.0459 1.3824 -3.8017 -8.7754 -0.2779 5.2274 -2.6387 -0.6474 5.8764 2.1755 -0.6348 3.2672 4.7919 4.3416 -2.3246 3.0308 5.1451 10.8645 0.3867 2.8280 4.0156 0.0000 0.0000 0.0000 -109.1070 -35.5859 51.5779 13.9795 -22.7055 -2.8202 -0.0000 0.0000 -23.0025 47.3697 7.0578 7.6029 -7.1250 0.0000 -0.0000 17.9636 39.6884 -2.4435 0.0000 0.0000 0.0000 86.7495 45.0090 22.1827 -14.8552 23.9440 -3.1670 0.0000 0.0000 12.8706 -34.8479 35.0707 -21.8044 7.1250 -0.0000 -0.0000 -0.9152 10.5612 -1.0675
11.2200 18.1876 -13.8842 6.6303 -37.4434 -3.9100 0.0000 0.0000 0.0000 -24.9078 11.4167 -7.5351 1.3528 7.3629 20.7949 1.1936 11.5235 -27.7312 0.0233 -0.9857 -2.7095 0.0000 0.0000 0.0000 7.7610 26.3624 -11.3518 -0.8005 -5.7103 15.9462 0.3775 11.0014 1.8918 -0.0123 0.7167 -1.9697 -8.5853 -0.2952 5.0860 -2.2939 -0.6660 5.5764 2.4328 -0.6240 3.0308 4.4925 4.3438 -2.3479 2.9045 5.1699 11.1354 0.4037 2.8287 4.1106 0.0000 -0.0000 0.0000 -108.9225 -34.8742 52.8641 14.5630 -23.5338 -3.0493 -0.0000 0.0000 -24.2474 35.9200 15.8247 11.1745 -7.1250 0.0000 -0.0000 8.1348 49.0972 0.8269 0.0000 -0.0000 0.0000 86.8152 43.8360 21.2394 -16.0132 25.5386 -3.6517 0.0000 0.0000 9.8502 -34.4788 34.9613 -21.4804 7.1250 -0.0000 -0.0000 -0.7475 10.3218 -0.8694
11.1887 18.1993 -13.8557 6.5571 -37.0526 -3.7672 0.0000 0.0000 0.0000 -24.8354 11.0750 -7.0528 1.2868 7.1882 20.2741 1.1813 11.5093 -27.6305 0.0168 -0.8361 -2.2979 0.0000 0.0000 0.0000 7.8015 26.1864 -11.1745 -0.7899 -5.6734 15.8396 0.3409 10.3932 2.2210 -0.0012 0.2217 -0.6092 -8.5097 -0.4888 4.7226 -2.1470 -0.8817 5.5400 2.5426 -0.7358 3.2196 4.7462 4.2137 -2.4022 2.4524 5.0204 11.2408 0.2071 2.7487 4.1806 -0.0000 -0.0000 0.0000 -108.8044 -34.4091 52.6139 15.3041 -24.5680 -3.3514 -0.0000 0.0000 -23.7122 39.4207 14.9527 11.9748 -7.1250 0.0000 -0.0000 11.6751 48.6959 1.0778 -0.0000 -0.0000 0.0000 86.9421 42.6105 21.4249 -17.5652 27.5969 -4.3460 0.0000 0.0000 5.5038 -33.9937 33.4423 -20.3867 7.1250 -0.0000 -0.0000 -0.8596 8.5563 -0.9780
11.1522 18.2102 -13.8355 6.6214 -36.4556 -3.7092 0.0000 0.0000 0.0000 -24.8301 10.8079 -6.5631 1.2066 6.9689 19.6233 1.0985 11.7516 -27.2378 0.0347 -1.2018 -3.3043 0.0000 0.0000 0.0000 7.7453 26.3029 -10.9388 -0.8058 -5.7289 15.9998 0.3057 10.0154 1.2165 -0.0179 0.8639 -2.3745 -8.6577 -0.5848 4.6847 -1.9561 -1.0153 5.4206 2.8264 -0.8035 3.1385 4.3767 4.1089 -3.0690 2.7472 4.8106 11.9373 0.3904 2.6593 4.5434 -0.0000 -0.0000 0.0000 -109.0625 -33.3728 52.1199 16.5586 -26.2722 -3.8899 -0.0000 0.0000 -22.8193 51.0603 7.4641 9.1331 -7.1250 0.0000 -0.0000 21.4234 40.7584 -2.3646 -0.0000 -0.0000 0.0000 86.9089 41.4542 20.7263 -19.2330 29.7072 -5.1458 0.0000 0.0000 1.3027 -34.3027 32.9116 -20.3388 7.1250 -0.0000 -0.0000 -1.1532 8.0915 -1.3043
11.1252 18.2267 -13.8006 6.6809 -35.8954 -3.3983 0.0000 0.0000 0.0000 -24.9277 10.2885 -6.2274 1.1289 6.7484 18.9720 1.0451 11.9286 -26.9995 0.0620 -1.6062 -4.4185 0.0000 0.0000 0.0000 7.5340 26.0810 -11.0653 -0.8091 -5.7403 16.0328 0.2872 9.8950 0.5015 -0.0603 1.5849 -4.3598 -8.5394 -0.8052 4.2297 -1.8300 -1.2589 5.3256 2.8873 -0.9251 3.3207 4.3549 4.0817 -3.6427 2.4070 4.7833 12.0818 0.2961 2.6362 4.7217 -0.0000 0.0000 0.0000 -107.5023 -33.4204 56.0111 17.3546 -27.3229 -4.2488 -0.0000 0.0000 -25.9687 54.9760 8.0298 11.2724 -7.1250 0.0000 -0.0000 25.3293 42.2682 -1.8376 -0.0000 0.0000 0.0000 87.0565 40.2504 20.6337 -21.1725 32.0291 -6.1411 0.0000 -0.0000 -2.1505 -35.0321 31.4923 -20.1135 7.1250 -0.0000 -0.0000 -1.8854 6.8049 -2.0966
11.0977 18.2390 -13.7601 6.1683 -35.5945 -3.1204 0.0000 0.0000 0.0000 -24.4879 9.8989 -5.4775 1.0513 6.5198 18.3002 1.0166 12.1597 -26.9949 0.0342 -1.1932 -3.2807 0.0000 0.0000 0.0000 8.0469 25.6186 -10.8393 -0.7979 -5.7015 15.9207 0.2838 9.7395 0.8312 -0.0177 0.8587 -2.3600 -7.9254 -0.9287 4.2356 -1.6308 -1.4250 5.0575 2.7608 -0.9707 3.0352 4.2816 4.1033 -3.4656 2.2854 4.8394 12.1783 0.2683 2.6551 4.7229 -0.0000 0.0000 0.0000 -107.3660 -32.5222 54.5931 18.1711 -28.3757 -4.6303 -0.0000 0.0000 -23.0560 54.7042 10.4918 14.4250 -7.1250 0.0000 -0.0000 26.2863 45.9328 0.6503 -0.0000 0.0000 0.0000 87.0779 38.6559 20.5287 -22.7508 33.8151 -6.9991 0.0000 -0.0000 -5.1985 -35.5268 32.0726 -20.7632 7.1250 -0.0000 -0.0000 -2.0205 7.5945 -2.2711
11.0656 18.2444 -13.7391 6.7792 -35.0044 -3.3748 0.0000 0.0000 0.0000 -24.9886 9.7776 -4.9075 0.9553 6.2239 17.4355 0.9304 12.2699 -26.4459 0.0495 -1.4351 -3.9469 0.0000 0.0000 0.0000 7.4789 25.2518 -10.7598 -0.7966 -5.6968 15.9073 0.2712 9.5984 0.5502 -0.0181 0.8689 -2.3883 -8.6905 -0.8597 4.2355 -1.4392 -1.3660 4.7328 3.3903 -0.9467 2.7220 4.0561 3.8626 -3.6685 2.1641 4.5160 13.1342 0.2290 2.4976 4.5903 0.0000 -0.0000 0.0000 -107.4115 -31.4325 54.6099 19.3013 -29.7914 -5.1797 -0.0000 0.0000 -21.8843 53.4579 12.4950 16.2745 -7.1250 0.0000 -0.0000 25.9485 48.5419 2.4181 0.0000 -0.0000 0.0000 86.3495 37.4053 19.3291 -23.5743 34.7108 -7.4627 0.0000 -0.0000 -6.4624 -36.4536 32.5795 -21.6913 7.1250 -0.0000 -0.0000 -2.4018 8.4562 -2.7311
11.0406 18.2513 -13.6613 6.6996 -34.8934 -3.5427 0.0000 0.0000 0.0000 -25.0956 9.0679 -3.7103 0.8831 5.9905 16.7569 0.9674 12.6533 -27.0809 0.0160 -0.8171 -2.2458 0.0000 0.0000 0.0000 7.5875 25.1460 -10.1604 -0.7833 -5.6503 15.7729 0.2593 9.2498 1.0467 -0.0002 0.0873 -0.2398 -8.1375 -0.7499 3.8677 -1.4089 -1.1775 4.5342 3.1088 -0.8273 2.6782 4.2665 3.6463 -3.3803 1.8366 4.2552 13.3829 0.0782 2.3636 4.6280 -0.0000 0.0000 0.0000 -106.1107 -30.6440 57.1637 20.0705 -30.7272 -5.5673 -0.0000 0.0000 -23.9294 51.9650 13.8422 17.0058 -7.1250 0.0000 -0.0000 24.8988 50.0466 3.2768 -0.0000 0.0000 0.0000 85.9360 36.3124 18.2710 -23.5299 34.6632 -7.4375 0.0000 -0.0000 -7.2599 -36.2822 32.4448 -21.4962 7.1250 -0.0000 -0.0000 -2.3421 8.2519 -2.6560
11.0156 18.2687 -13.6470 5.9493 -34.0689 -2.9246 0.0000 0.0000 0.0000 -24.3233 8.7276 -3.3848 0.8251 5.7954 16.1920 0.9183 12.3827 -26.4582 0.0176 -0.8564 -2.3539 0.0000 0.0000 0.0000 8.2363 24.9911 -9.9094 -0.7672 -5.5931 15.6082 0.2303 8.9596 0.1728 -0.0277 1.0736 -2.9513 -7.3906 -0.8491 3.7970 -1.2829 -1.2990 4.2449 2.8288 -0.8491 2.4065 4.5572 3.4568 -3.9547 1.9343 3.9055 14.2215 0.0631 2.2269 4.9849 -0.0000 0.0000 0.0000 -105.7600 -29.6079 56.9311 21.1920 -32.0518 -6.1515 -0.0000 0.0000 -23.5688 49.3551 14.6941 16.4613 -7.1250 0.0000 -0.0000 22.2695 50.5332 3.1733 -0.0000 0.0000 0.0000 85.4915 35.6628 17.4326 -22.9426 34.0260 -7.1062 0.0000 -0.0000 -8.2096 -35.9912 31.5297 -20.7975 7.1250 -0.0000 -0.0000 -2.4047 7.1625 -2.6880
10.9951 18.2738 -13.6095 6.4408 -33.5206 -3.1547 0.0000 0.0000 0.0000 -24.8186 8.3564 -2.7093 0.7618 5.5739 15.5529 0.9517 12.2671 -26.6056 0.0050 -0.4545 -1.2488 0.0000 0.0000 0.0000 7.7413 24.3222 -9.8794 -0.7760 -5.6245 15.6988 0.2391 9.4217 -0.5777 -0.0441 1.3551 -3.7265 -7.6543 -0.9669 3.3591 -1.3319 -1.4200 4.1844 2.9170 -0.9203 2.6099 4.4558 3.4176 -4.5266 2.0998 3.7867 14.9069 0.1421 2.1871 5.2879 0.0000 -0.0000 0.0000 -104.3855 -29.3997 58.3139 21.9069 -32.8716 -6.5352 -0.0000 0.0000 -23.1174 45.3343 15.6218 15.2401 -7.1250 0.0000 -0.0000 18.0451 50.7788 2.6435 0.0000 -0.0000 0.0000 85.0296 35.3065 17.5605 -22.2389 33.2459 -6.7163 0.0000 -0.0000 -8.5572 -34.5837 29.1936 -18.5867 7.1250 -0.0000 -0.0000 -2.1484 4.1616 -2.3002
10.9743 18.2883 -13.5695 5.8442 -32.9413 -3.0377 0.0000 0.0000 0.0000 -24.2455 8.1191 -1.8239 0.7013 5.3528 14.9175 0.8982 12.3862 -26.3073 0.0057 -0.4878 -1.3403 0.0000 0.0000 0.0000 8.3942 24.0383 -9.2877 -0.7729 -5.6134 15.6667 0.2049 8.8537 -0.8138 -0.0451 1.3703 -3.7682 -7.0317 -1.1224 3.0307 -1.1161 -1.5876 4.2337 2.7855 -0.9974 2.8471 4.1151 3.3510 -4.2274 2.2695 3.7297 14.6750 0.2381 2.1470 5.1527 0.0000 -0.0000 0.0000 -103.5391 -28.5428 57.8044 23.2885 -34.4028 -7.3007 -0.0000 0.0000 -21.1268 41.6342 15.9638 13.7381 -7.1250 0.0000 -0.0000 14.0872 50.3894 1.9041 0.0000 -0.0000 0.0000 84.1718 34.3615 18.4087 -21.9928 32.9689 -6.5819 0.0000 -0.0000 -8.8085 -32.5016 28.2770 -16.7949 7.1250 -0.0000 -0.0000 -1.1466 2.5452 -1.1966
10.9546 18.2971 -13.5548 5.9475 -32.2976 -2.8543 0.0000 0.0000 0.0000 -24.2891 7.8927 -1.6773 0.6586 5.1907 14.4532 0.8750 12.1203 -25.8781 0.0002 -0.0865 -0.2378 0.0000 0.0000 0.0000 8.2100 23.5515 -9.3684 -0.7628 -5.5774 15.5631 0.1889 8.6014 -0.9850 -0.0685 1.6892 -4.6474 -7.2268 -0.9682 2.6834 -0.9819 -1.3646 3.9523 3.0309 -0.8815 2.7362 4.1369 2.9443 -4.4068 2.2554 3.1560 15.1318 0.2040 1.8757 5.3206 0.0000 0.0000 0.0000 -102.0097 -27.6411 60.0564 24.9078 -36.1096 -8.2355 -0.0000 0.0000 -20.6192 38.5808 16.7655 12.9589 -7.1250 0.0000 -0.0000 10.9062 50.7358 1.5574 0.0000 0.0000 0.0000 83.2164 33.0158 17.9244 -22.2938 33.3075 -6.7465 0.0000 -0.0000 -8.3078 -31.6899 28.7125 -16.5200 7.1250 -0.0000 -0.0000 -0.5943 2.7900 -0.6225
10.9335 18.3041 -13.5280 6.2077 -31.4766 -2.9832 0.0000 0.0000 0.0000 -24.4825 7.6013 -0.9207 0.5781 4.8689 13.5351 0.8335 11.9943 -25.4304 0.0009 0.1975 0.5426 0.0000 0.0000 0.0000 7.9164 23.1862 -9.1817 -0.7751 -5.6213 15.6894 0.1586 7.8072 -0.7409 -0.0210 0.9353 -2.5707 -7.3298 -1.0104 2.3579 -0.9446 -1.3912 3.9642 3.1195 -0.9045 2.9396 3.8147 2.7330 -5.0423 2.3830 2.8469 15.4276 0.2901 1.7257 5.5103 0.0000 -0.0000 0.0000 -100.5397 -26.8110 60.5312 27.5493 -38.6980 -9.8406 -0.0000 0.0000 -18.9121 36.4436 18.2766 13.0386 -7.1250 0.0000 -0.0000 8.6468 52.0970 1.5202 0.0000 -0.0000 0.0000 82.8051 31.4411 18.5273 -23.8920 35.0498 -7.6444 0.0000 -0.0000 -8.2404 -32.0094 28.4706 -16.5935 7.1250 -0.0000 -0.0000 -0.8251 2.6171 -0.8620
10.9145 18.3160 -13.4729 6.2559 -30.9732 -3.3100 0.0000 0.0000 0.0000 -24.6031 7.0975 0.2819 0.5154 4.6014 12.7752 0.8223 12.2282 -25.5638 0.0048 0.4465 1.2268 0.0000 0.0000 0.0000 7.9723 22.7396 -8.4064 -0.7518 -5.5381 15.4499 0.1403 7.7777 -1.5013 -0.0663 1.6613 -4.5705 -7.0418 -1.0335 2.1677 -0.8768 -1.4001 4.0827 3.0229 -0.9116 3.1635 3.2952 2.5384 -5.8633 2.3841 2.5908 15.9875 0.3760 1.5861 5.8152 0.0000 0.0000 0.0000 -99.1057 -25.7656 59.4936 30.7500 -41.5276 -11.9038 -0.0000 0.0000 -16.1896 35.0560 18.2706 12.4061 -7.1250 0.0000 -0.0000 7.1698 51.8055 1.2067 0.0000 0.0000 0.0000 82.5472 28.8174 19.8512 -27.5545 38.7028 -9.8439 0.0000 -0.0000 -9.1810 -31.5618 29.2641 -16.7142 7.1250 -0.0000 -0.0000 -0.4132 3.3496 -0.4366
10.9005 18.3308 -13.4358 5.5405 -30.2934 -2.5111 0.0000 0.0000 0.0000 -23.9740 6.5837 0.5585 0.4521 4.3136 11.9608 0.7569 12.3123 -25.1180 0.0003 0.1080 0.2967 0.0000 0.0000 0.0000 8.4435 22.6261 -8.5114 -0.7428 -5.5055 15.3562 0.1095 7.1605 -1.7746 -0.0538 1.4973 -4.1183 -6.1697 -1.0777 1.5970 -0.5433 -1.4249 3.8820 2.8723 -0.8991 3.2574 2.6838 2.3026 -5.8865 2.4682 2.3472 15.5956 0.4829 1.4358 5.6836 0.0000 0.0000 0.0000 -96.8333 -24.1036 58.9418 36.3565 -45.7568 -15.7774 -0.0000 0.0000 -15.7338 34.0739 19.5409 12.7479 -7.1250 0.0000 -0.0000 6.0329 53.0746 1.2019 0.0000 0.0000 0.0000 81.8949 26.0900 21.3933 -32.5989 43.0194 -13.1476 0.0000 -0.0000 -11.2584 -32.9162 29.3913 -17.6246 7.1250 -0.0000 -0.0000 -1.1599 3.8752 -1.2359
10.8778 18.3306 -13.4470 6.1877 -28.7831 -2.5867 0.0000 0.0000 0.0000 -24.3848 6.4158 0.7390 0.4016 4.0687 11.2700 0.6381 11.9047 -23.7131 0.0068 -0.5340 -1.4673 0.0000 0.0000 0.0000 7.7144 22.2702 -8.4007 -0.7480 -5.5244 15.4105 0.0631 5.9515 -2.0381 -0.0603 1.5842 -4.3579 -6.6284 -1.2075 1.8874 -0.6857 -1.6267 3.5725 2.9900 -0.9893 2.8032 2.1461 2.0018 -6.0810 2.9143 1.9346 15.4888 0.6850 1.2373 5.6714 -0.0000 0.0000 0.0000 -95.1503 -22.3260 57.7941 43.1232 -49.8152 -20.7948 -0.0000 0.0000 -16.0135 34.9166 17.7236 11.9969 -7.1250 0.0000 -0.0000 7.0501 51.1399 1.0709 -0.0000 0.0000 0.0000 81.6063 23.0128 22.2527 -39.4693 47.7523 -18.0454 0.0000 -0.0000 -12.0407 -32.4362 29.0418 -17.1452 7.1250 -0.0000 -0.0000 -0.9572 3.3571 -1.0118
10.8582 18.3362 -13.4219 5.6023 -28.6520 -2.1999 0.0000 0.0000 0.0000 -23.7888 6.5312 0.8652 0.3806 3.9623 10.9705 0.6304 11.7556 -23.4966 0.0011 -0.2101 -0.5773 0.0000 0.0000 0.0000 8.2880 22.6443 -8.1370 -0.7362 -5.4816 15.2874 0.0438 5.4491 -2.2652 -0.0586 1.5623 -4.2974 -5.9317 -1.0469 1.3975 -0.4010 -1.3788 3.6410 2.8871 -0.8603 3.1103 2.6272 1.7790 -6.9723 1.6557 1.7376 15.8331 0.2094 1.0911 5.9504 0.0000 -0.0000 0.0000 -92.1007 -20.7215 55.6983 52.9183 -54.1068 -28.5219 -0.0000 0.0000 -16.2221 33.9847 19.0717 12.4221 -7.1250 0.0000 -0.0000 5.9783 52.5160 1.1091 0.0000 -0.0000 0.0000 81.5267 21.1038 22.3910 -47.0077 51.7150 -23.8045 0.0000 -0.0000 -11.1896 -31.7269 29.2139 -16.7915 7.1250 -0.0000 -0.0000 -0.5175 3.3418 -0.5468
10.8482 18.3475 -13.4071 5.0736 -27.9345 -1.5733 0.0000 0.0000 0.0000 -23.3001 5.8241 0.9071 0.3560 3.8332 10.6079 0.6215 11.6973 -23.3593 0.0001 0.0628 0.1725 0.0000 0.0000 0.0000 8.6247 22.6630 -8.1438 -0.7141 -5.4005 15.0544 0.0183 4.4501 -2.3709 -0.0578 1.5516 -4.2679 -5.4576 -1.1801 1.1178 0.0526 -1.5589 3.2299 3.0876 -0.9269 2.8549 1.5158 1.7535 -5.6603 1.9838 1.8474 14.9317 0.4830 1.0912 5.4252 0.0000 0.0000 0.0000 -89.6975 -19.0442 52.7128 62.9026 -57.0351 -36.7666 -0.0000 0.0000 -15.1051 33.2721 17.9973 11.4609 -7.1250 0.0000 -0.0000 5.3196 51.1382 0.8063 0.0000 0.0000 0.0000 80.7181 19.3178 22.9255 -55.1358 54.8679 -30.3270 0.0000 -0.0000 -10.3013 -31.0218 30.7611 -17.0969 7.1250 -0.0000 -0.0000 0.1910 4.8015 0.2063
10.8362 18.3464 -13.3775 5.8569 -27.0838 -2.1335 0.0000 0.0000 0.0000 -24.0403 5.7004 1.8591 0.2965 3.5015 9.6783 0.5809 11.6113 -22.9081 0.0013 0.2345 0.6444 0.0000 0.0000 0.0000 7.8826 21.9514 -7.8320 -0.7202 -5.4231 15.1194 0.0117 4.1944 -2.4429 -0.0309 1.1345 -3.1190 -6.1387 -1.0976 1.1633 0.1124 -1.4515 3.1485 3.5355 -0.8869 2.7585 1.5029 1.3607 -5.4605 1.2137 1.4393 14.8071 0.2171 0.8397 5.3584 0.0000 -0.0000 0.0000 -87.8590 -17.7109 49.9248 73.6569 -58.9663 -45.8956 -0.0000 0.0000 -12.7893 35.0731 17.4955 11.9188 -7.1250 0.0000 -0.0000 7.2236 50.9042 1.0556 0.0000 -0.0000 0.0000 79.6296 17.8778 22.8852 -63.7687 57.2333 -37.4941 0.0000 -0.0000 -9.0861 -32.1954 30.9787 -17.9563 7.1250 -0.0000 -0.0000 -0.4227 5.3728 -0.4604
10.8291 18.3521 -13.3549 5.9152 -26.5968 -2.0587 0.0000 0.0000 0.0000 -24.1370 5.5904 2.4275 0.2389 3.1453 8.6835 0.4976 11.8212 -22.3579 0.0017 0.2666 0.7326 0.0000 0.0000 0.0000 7.7419 21.9214 -7.7341 -0.7245 -5.4389 15.1646 0.0021 3.6184 -2.4367 -0.0004 0.1335 -0.3668 -5.7315 -1.0142 0.6392 0.0647 -1.3053 3.1692 3.2501 -0.8107 3.0463 1.4243 1.1974 -5.1659 1.1354 1.2516 14.4394 0.1905 0.7368 5.1935 0.0000 -0.0000 0.0000 -84.4781 -16.9552 46.4529 85.0035 -59.9055 -55.6743 -0.0000 0.0000 -10.6921 36.1044 18.0420 12.7286 -7.1250 0.0000 -0.0000 8.2905 51.7508 1.3862 0.0000 -0.0000 0.0000 78.6788 17.3823 22.3652 -72.0233 58.7430 -44.4974 0.0000 -0.0000 -6.6733 -31.0526 31.9821 -17.6881 7.1250 -0.0000 -0.0000 0.4249 6.1073 0.4677
10.8273 18.3499 -13.3335 6.1526 -26.1058 -2.3274 0.0000 0.0000 0.0000 -24.4009 5.5569 3.1380 0.2006 2.8842 7.9566 0.4550 11.8922 -22.0300 0.0000 -0.0096 -0.0265 0.0000 0.0000 0.0000 7.5354 21.9251 -7.2668 -0.7224 -5.4309 15.1417 -0.0114 2.9992 -2.6814 -0.0007 0.1743 -0.4789 -5.5675 -0.8088 0.3560 -0.0238 -1.0107 3.2223 3.0691 -0.6637 3.2259 1.4059 0.8564 -4.9641 1.1577 0.7916 14.4868 0.1722 0.5124 5.1729 -0.0000 -0.0000 0.0000 -80.8074 -16.4915 42.4423 94.8614 -59.9105 -64.2089 -0.0000 0.0000 -10.2002 35.7948 16.1812 11.3622 -7.1250 0.0000 -0.0000 8.0038 49.4962 0.8924 -0.0000 -0.0000 0.0000 77.4480 17.2284 21.5152 -80.0519 59.6227 -51.3956 0.0000 -0.0000 -5.4598 -29.4611 31.8932 -16.6175 7.1250 -0.0000 -0.0000 1.2919 5.5654 1.4115
10.8261 18.3466 -13.3065 6.3452 -25.6362 -2.8184 0.0000 0.0000 0.0000 -24.5889 5.7117 4.2501 0.1556 2.5417 7.0052 0.3929 12.0702 -21.6224 0.0030 -0.3551 -0.9756 0.0000 0.0000 0.0000 7.4799 21.4333 -6.7101 -0.7336 -5.4721 15.2600 -0.0211 3.0473 -3.1404 -0.0071 0.5458 -1.4997 -5.4439 -0.6816 0.2686 0.0112 -0.8398 3.1399 3.0405 -0.5721 3.1710 1.4686 0.7300 -4.4179 1.0371 0.6372 14.6265 0.1135 0.4312 5.1236 -0.0000 -0.0000 0.0000 -77.4386 -15.8110 37.2564 102.6085 -59.3907 -70.8969 -0.0000 0.0000 -8.7924 34.5481 16.2570 10.9099 -7.1250 0.0000 -0.0000 6.7332 49.3575 0.7264 -0.0000 -0.0000 0.0000 75.9262 17.7053 20.2989 -86.7847 59.9609 -57.2159 0.0000 -0.0000 -4.4050 -29.4946 32.9393 -17.0964 7.1250 -0.0000 -0.0000 1.4845 6.6721 1.6475
10.8181 18.3514 -13.3174 6.1478 -25.6651 -2.3559 0.0000 0.0000 0.0000 -24.3766 5.7489 3.8325 0.1491 2.4885 6.8577 0.3843 11.9526 -21.4073 0.0008 -0.1795 -0.4933 0.0000 0.0000 0.0000 7.5853 22.3239 -6.8017 -0.7176 -5.4135 15.0918 -0.0222 2.0390 -2.8088 -0.0002 -0.0993 0.2729 -5.1644 -0.4274 -0.0911 0.1788 -0.4960 2.7276 3.0661 -0.3794 2.9110 0.9351 0.3629 -4.3998 1.2092 0.1493 15.4720 0.2284 0.1784 5.3800 0.0000 0.0000 0.0000 -73.8951 -15.5529 31.7026 108.1497 -58.7180 -75.6504 -0.0000 0.0000 -8.3692 34.8141 16.1323 10.9358 -7.1250 0.0000 -0.0000 7.0071 49.2596 0.7393 0.0000 0.0000 0.0000 74.3503 18.6729 18.7791 -92.0258 59.9845 -61.7543 0.0000 -0.0000 -3.3115 -29.0085 33.1882 -16.8846 7.1250 -0.0000 -0.0000 1.8028 6.7974 2.0045
10.8170 18.3530 -13.2723 6.0592 -24.7418 -2.3341 0.0000 0.0000 0.0000 -24.3415 5.1066 4.1892 0.1535 2.5245 6.9574 0.3721 11.9107 -21.2378 0.0000 0.0008 0.0021 0.0000 0.0000 0.0000 7.6103 21.4165 -6.3755 -0.6855 -5.2934 14.7472 -0.0292 1.8729 -3.1105 -0.0003 0.1129 -0.3103 -4.8888 -0.3439 -0.6949 0.3187 -0.3588 2.6988 3.0572 -0.3122 3.2074 0.6198 0.0330 -4.5857 1.3923 -0.3106 16.1695 0.3114 -0.0470 5.6303 0.0000 0.0000 0.0000 -70.2775 -16.1166 25.9823 111.2982 -58.2147 -78.3342 -0.0000 0.0000 -8.4913 34.3872 17.0781 11.3643 -7.1250 0.0000 -0.0000 6.5328 50.2861 0.8543 0.0000 0.0000 0.0000 72.2595 20.0009 16.3091 -96.5852 59.8355 -65.6998 0.0000 -0.0000 -2.7675 -28.8904 33.4250 -16.9073 7.1250 -0.0000 -0.0000 1.9158 7.0115 2.1365
10.8120 18.3617 -13.2530 6.0278 -24.0609 -2.5075 0.0000 0.0000 0.0000 -24.3237 4.8829 4.9556 0.1235 2.2651 6.2390 0.3342 11.9829 -20.9363 0.0053 -0.4723 -1.2978 0.0000 0.0000 0.0000 7.6607 21.1093 -5.8314 -0.6714 -5.2398 14.5939 -0.0367 1.6336 -3.4182 -0.0037 0.3925 -1.0784 -4.8350 -0.2627 -0.8599 0.3862 -0.2463 2.5904 3.1007 -0.2525 3.1779 0.3720 -0.2408 -4.1611 1.6808 -0.7063 16.4174 0.4192 -0.2358 5.6380 -0.0000 0.0000 0.0000 -66.2532 -16.5128 19.9423 112.7331 -57.9543 -79.5522 -0.0000 0.0000 -8.5589 34.3435 16.1444 10.7573 -7.1250 0.0000 -0.0000 6.5304 49.1892 0.6772 -0.0000 0.0000 0.0000 70.3982 21.5969 13.7908 -99.7902 59.6347 -68.4682 0.0000 -0.0000 -2.5389 -30.3319 33.5464 -17.9177 7.1250 -0.0000 -0.0000 1.1532 7.5452 1.2949
10.8089 18.3675 -13.2406 5.2916 -23.3849 -2.3490 0.0000 0.0000 0.0000 -23.5721 4.4516 5.2593 0.1262 2.2903 6.3087 0.3860 11.6513 -21.0894 0.0005 -0.1429 -0.3926 0.0000 0.0000 0.0000 8.4386 20.8638 -5.2255 -0.6434 -5.1315 14.2840 -0.0415 1.1283 -3.6215 -0.0182 0.8721 -2.3969 -4.1694 0.1274 -0.8029 0.6056 0.2431 2.1469 2.9693 0.0257 2.6410 0.6957 -0.7534 -3.2566 1.4031 -1.3860 16.5354 0.2413 -0.5705 5.5208 -0.0000 0.0000 0.0000 -62.3628 -17.1200 15.2134 112.3112 -58.0329 -79.1945 -0.0000 0.0000 -8.2832 34.6123 16.1893 10.8922 -7.1250 0.0000 -0.0000 6.8008 49.2899 0.7224 -0.0000 0.0000 0.0000 67.9069 20.6563 11.0248 -101.5955 59.4858 -70.0246 0.0000 -0.0000 -3.9816 -33.7342 34.8828 -20.9020 7.1250 -0.0000 -0.0000 -0.3716 9.9932 -0.4304
10.8123 18.3774 -13.2279 5.1879 -22.4934 -2.2740 0.0000 0.0000 0.0000 -23.5069 3.7347 5.3451 0.1332 2.3523 6.4803 0.3365 11.8139 -20.7674 0.0014 -0.2382 -0.6544 0.0000 0.0000 0.0000 8.4679 20.5973 -4.7743 -0.6128 -5.0104 13.9382 -0.0545 0.7151 -4.2130 -0.0338 1.1868 -3.2629 -3.9606 0.1210 -0.8604 0.5802 0.2273 1.7530 2.8243 0.0372 2.2680 0.4063 -1.0338 -2.7937 1.9461 -1.8265 16.6583 0.4367 -0.7691 5.4892 -0.0000 0.0000 0.0000 -58.2809 -17.2484 9.3420 111.1684 -58.2372 -78.2238 -0.0000 0.0000 -8.3727 34.0037 16.4547 10.8180 -7.1250 0.0000 -0.0000 6.1726 49.4900 0.6857 -0.0000 0.0000 0.0000 65.3431 22.2552 8.5056 -102.6328 59.3883 -70.9178 0.0000 -0.0000 -5.1168 -36.7133 35.7894 -23.5626 7.1250 -0.0000 -0.0000 -1.7050 11.9701 -2.0224
10.8147 18.3774 -13.2053 4.9653 -21.3637 -2.1958 0.0000 0.0000 0.0000 -23.3276 2.8590 5.6963 0.1349 2.3672 6.5216 0.3494 11.6952 -20.7659 0.0006 -0.1574 -0.4325 0.0000 0.0000 0.0000 8.6012 20.0840 -4.4501 -0.6037 -4.9734 13.8328 -0.0543 0.0635 -4.3790 -0.0172 0.8480 -2.3306 -3.6999 -0.0310 -1.5057 0.6837 0.0439 1.8335 2.7807 -0.0610 2.7285 -0.1840 -1.2155 -3.9052 2.6629 -2.1800 17.8032 0.7307 -0.9088 6.0563 -0.0000 -0.0000 0.0000 -54.5954 -17.7078 3.5706 109.6050 -58.4967 -76.8927 -0.0000 0.0000 -8.6023 32.6433 16.5679 10.3518 -7.1250 0.0000 -0.0000 4.7913 49.3788 0.5184 -0.0000 -0.0000 0.0000 62.3254 25.3852 4.8350 -103.5516 59.2946 -71.7082 0.0000 -0.0000 -4.1993 -35.2603 34.5506 -21.8490 7.1250 -0.0000 -0.0000 -1.2661 10.1524 -1.4698
10.8210 18.3726 -13.2069 4.9773 -20.4108 -1.9641 0.0000 0.0000 0.0000 -23.3718 1.8816 5.2821 0.1636 2.6062 7.1841 0.3476 11.6790 -20.7290 0.0177 -0.8599 -2.3634 0.0000 0.0000 0.0000 8.4136 19.8493 -4.3801 -0.5778 -4.8678 13.5318 -0.0359 -0.9289 -4.0496 -0.0087 0.6009 -1.6512 -3.8675 0.1209 -1.8209 0.8377 0.2570 1.5644 3.0429 0.0475 2.6114 -1.2445 -1.7139 -3.3995 3.5170 -2.8911 17.6053 1.1368 -1.2669 5.9433 0.0000 0.0000 0.0000 -51.1663 -18.1691 -0.9490 108.0241 -58.7362 -75.5430 -0.0000 0.0000 -8.8738 33.2435 15.9523 10.2121 -7.1250 0.0000 -0.0000 5.4346 48.7728 0.5071 0.0000 0.0000 0.0000 58.6096 26.1817 1.1774 -103.3611 59.3146 -71.5444 0.0000 -0.0000 -4.6206 -35.2088 34.7655 -21.9187 7.1250 -0.0000 -0.0000 -1.1841 10.3620 -1.3780
10.8239 18.3747 -13.1897 4.6837 -19.3966 -1.8209 0.0000 0.0000 0.0000 -23.1282 0.9744 5.2224 0.1905 2.8105 7.7517 0.3935 11.4307 -20.9230 0.0197 -0.9073 -2.4937 0.0000 0.0000 0.0000 8.6467 19.8374 -3.8481 -0.5490 -4.7468 13.1879 -0.0232 -2.0939 -4.3988 -0.0088 -0.6071 1.6683 -3.7536 0.3822 -2.1103 0.9357 0.6075 1.2658 3.0949 0.2323 2.4376 -0.9979 -2.2165 -3.8628 3.5907 -3.6407 18.2696 1.0652 -1.5949 6.2509 -0.0000 0.0000 0.0000 -47.7535 -18.8504 -4.2376 104.8673 -59.1481 -72.8386 -0.0000 0.0000 -9.4317 34.1639 15.1939 10.0859 -7.1250 0.0000 -0.0000 6.3857 48.0469 0.4819 -0.0000 0.0000 0.0000 54.9794 26.3585 -2.6703 -101.9403 59.4544 -70.3217 0.0000 -0.0000 -3.8736 -34.6914 34.6592 -21.4874 7.1250 -0.0000 -0.0000 -0.9362 10.0747 -1.0857
10.8319 18.3766 -13.1653 4.4659 -18.4368 -1.7018 0.0000 0.0000 0.0000 -22.9802 0.2136 5.3934 0.1940 2.8363 7.8232 0.3729 11.4428 -20.7259 0.0442 -1.3575 -3.7331 0.0000 0.0000 0.0000 8.7876 19.2602 -3.6354 -0.5385 -4.7018 13.0599 -0.0210 -2.5272 -4.7562 -0.0113 -0.6869 1.8878 -3.3359 0.6124 -2.5285 0.7705 0.9227 1.5078 2.7105 0.3856 2.9053 -1.2795 -2.6670 -4.9597 4.4757 -4.3842 18.3853 1.3272 -1.8863 6.5245 0.0000 -0.0000 0.0000 -43.5083 -19.5995 -8.2509 102.9253 -59.3592 -71.1695 -0.0000 0.0000 -10.6691 31.9168 15.2938 9.3297 -7.1250 0.0000 -0.0000 4.1644 47.7927 0.2874 0.0000 -0.0000 0.0000 51.1918 26.8933 -6.6192 -99.9561 59.6221 -68.6113 0.0000 -0.0000 -3.9516 -34.8624 35.8471 -22.1938 7.1250 -0.0000 -0.0000 -0.7227 11.3812 -0.8511
10.8385 18.3763 -13.1419 4.4586 -17.3344 -1.6264 0.0000 0.0000 0.0000 -23.0137 -0.6905 5.5783 0.2012 2.8880 7.9670 0.3600 11.4673 -20.6201 0.0375 -1.2497 -3.4363 0.0000 0.0000 0.0000 8.7168 19.1550 -3.2435 -0.5338 -4.6815 13.0025 -0.0108 -3.3551 -5.2938 -0.0063 -0.5145 1.4139 -3.6648 0.3660 -2.5789 0.9992 0.5975 1.1348 3.1142 0.2277 2.5673 -1.9413 -2.8110 -4.4236 4.7010 -4.5464 18.3075 1.5055 -2.0013 6.4296 -0.0000 -0.0000 0.0000 -40.5709 -18.2605 -11.4836 100.5099 -59.5785 -69.0889 -0.0000 0.0000 -9.6483 32.4636 14.8696 9.2721 -7.1250 0.0000 -0.0000 4.7274 47.3920 0.2796 -0.0000 -0.0000 0.0000 47.3938 27.1082 -8.7251 -98.6168 59.7176 -67.4553 0.0000 -0.0000 -3.2868 -34.4324 35.2733 -21.5980 7.1250 -0.0000 -0.0000 -0.6440 10.6343 -0.7519
10.8425 18.3741 -13.1294 4.4181 -16.3935 -1.7127 0.0000 0.0000 0.0000 -22.9875 -1.4285 5.7316 0.2177 3.0039 8.2896 0.3771 11.2681 -20.5766 0.0484 -1.4200 -3.9053 0.0000 0.0000 0.0000 8.7419 18.7257 -2.8118 -0.5173 -4.6098 12.7988 0.0125 -4.1043 -5.3154 -0.0178 -0.8625 2.3705 -3.4513 0.4811 -2.4621 0.7279 0.7455 1.1222 2.7188 0.3094 2.4818 -1.5887 -3.2369 -5.6891 4.5604 -5.1883 19.2173 1.3313 -2.2625 6.9566 -0.0000 0.0000 0.0000 -36.8259 -18.4216 -14.2566 97.5604 -59.7829 -66.5427 -0.0000 0.0000 -8.5428 31.6845 13.8923 8.4298 -7.1250 0.0000 -0.0000 4.0323 46.1470 0.1143 -0.0000 0.0000 0.0000 44.0427 26.8471 -12.0410 -97.0162 59.8132 -66.0724 0.0000 -0.0000 -2.8209 -33.0088 35.8394 -20.8251 7.1250 -0.0000 -0.0000 0.2486 10.7580 0.2906
10.8490 18.3837 -13.1255 4.0058 -15.4668 -1.2715 0.0000 0.0000 0.0000 -22.5723 -2.2615 5.6757 0.2082 2.9380 8.1063 0.3372 11.3346 -20.2338 0.0611 -1.5954 -4.3887 0.0000 0.0000 0.0000 9.0440 18.8325 -2.8052 -0.5119 -4.5858 12.7310 0.0373 -5.0029 -5.7038 -0.0187 -0.8840 2.4297 -3.0300 0.5711 -2.5444 0.8536 0.8484 0.9260 2.6154 0.3720 2.3220 -2.5589 -3.6340 -6.1798 5.1779 -5.7284 19.3483 1.6385 -2.5268 7.1504 0.0000 -0.0000 0.0000 -34.2448 -18.0803 -16.0094 94.8835 -59.9097 -64.2280 -0.0000 0.0000 -6.7467 32.4164 14.1357 8.8155 -7.1250 0.0000 -0.0000 4.7220 46.5367 0.1795 0.0000 -0.0000 0.0000 40.2552 26.2983 -15.4660 -94.9438 59.9074 -64.2801 0.0000 -0.0000 -2.4994 -32.7420 36.0187 -20.7131 7.1250 -0.0000 -0.0000 0.4333 10.8586 0.5072
10.8677 18.3825 -13.0831 4.7424 -14.1405 -1.4133 0.0000 0.0000 0.0000 -23.5312 -3.1456 6.4745 0.1734 2.6824 7.3958 0.2870 11.4712 -19.8502 0.0702 -1.7089 -4.7018 0.0000 0.0000 0.0000 8.0857 17.8961 -2.7348 -0.5349 -4.6863 13.0160 0.0394 -5.3037 -6.1552 -0.0293 -1.1042 3.0355 -3.5484 0.6630 -2.7421 0.4914 1.0104 1.2634 2.5470 0.4343 2.7687 -2.5507 -4.0711 -7.6947 5.2686 -6.3300 19.4232 1.5829 -2.7729 7.4756 -0.0000 0.0000 0.0000 -30.1229 -17.0106 -18.4972 93.1580 -59.9623 -62.7346 -0.0000 0.0000 -6.5410 32.4673 14.5767 9.0977 -7.1250 0.0000 -0.0000 4.7477 47.0543 0.2412 -0.0000 0.0000 0.0000 36.6034 25.5408 -20.2572 -93.5155 59.9533 -63.0440 0.0000 -0.0000 -2.5231 -31.7114 36.2284 -20.0609 7.1250 -0.0000 -0.0000 1.0264 10.7503 1.2000
10.8751 18.3809 -13.0669 4.9591 -13.3480 -1.3761 0.0000 0.0000 0.0000 -23.8278 -3.6371 6.8663 0.1482 2.4806 6.8358 0.2333 11.6740 -19.4979 0.1011 -2.0505 -5.6452 0.0000 0.0000 0.0000 7.7707 17.7542 -2.7095 -0.5575 -4.7826 13.2894 0.0421 -5.6755 -6.7026 -0.0485 -1.4207 3.9071 -3.7895 0.7993 -2.6133 0.3178 1.1948 0.9639 2.5063 0.5359 2.3735 -2.4396 -4.1662 -6.9902 5.2131 -6.4310 18.7693 1.5544 -2.8414 7.1354 -0.0000 -0.0000 0.0000 -26.5522 -17.8124 -19.5634 87.0184 -59.9664 -57.4182 -0.0000 0.0000 -5.1814 31.1677 13.9969 8.3230 -7.1250 0.0000 -0.0000 3.5310 46.1915 0.1040 -0.0000 -0.0000 0.0000 33.5669 24.8273 -24.3918 -90.6610 59.9984 -60.5724 0.0000 -0.0000 -2.3618 -31.4101 36.2855 -19.8691 7.1250 -0.0000 -0.0000 1.1985 10.7160 1.4007
10.8874 18.3819 -13.0552 4.8623 -12.2637 -1.2237 0.0000 0.0000 0.0000 -23.7949 -4.5633 6.9538 0.1531 2.5212 6.9484 0.2126 11.6949 -19.2895 0.0937 -1.9743 -5.4346 0.0000 0.0000 0.0000 7.7632 17.4366 -2.5454 -0.5568 -4.7797 13.2813 0.0698 -6.3885 -6.9589 -0.0208 -0.9316 2.5606 -3.6624 0.7343 -2.3805 0.4296 1.0903 0.8857 2.5407 0.4902 2.1693 -3.6728 -4.8249 -8.0179 5.7001 -7.2626 19.2039 1.8134 -3.2544 7.5610 0.0000 0.0000 0.0000 -24.2550 -16.0186 -21.1909 85.1024 -59.9092 -55.7598 -0.0000 0.0000 -5.1756 31.7977 13.0930 7.9945 -7.1250 0.0000 -0.0000 4.1839 45.2427 0.0251 0.0000 0.0000 0.0000 30.2088 24.1431 -29.2883 -88.3569 59.9898 -58.5771 0.0000 -0.0000 -3.1276 -30.0273 35.7907 -18.6763 7.1250 -0.0000 -0.0000 1.8131 9.7880 2.0959
10.9072 18.3812 -13.0328 5.0278 -11.1079 -1.0784 0.0000 0.0000 0.0000 -24.0805 -5.5876 6.9632 0.1669 2.6316 7.2549 0.2311 11.5608 -19.3377 0.1247 -2.2762 -6.2697 0.0000 0.0000 0.0000 7.4120 16.6501 -2.4370 -0.5395 -4.7061 13.0722 0.0753 -6.6515 -7.2595 -0.0678 -1.6803 4.6228 -3.8788 0.5366 -2.4935 0.5211 0.8373 0.9291 2.7486 0.3570 2.2915 -4.2398 -5.1533 -8.2731 5.5289 -7.5570 18.7937 1.8166 -3.4485 7.5033 -0.0000 0.0000 0.0000 -22.2106 -13.9429 -23.1227 82.5003 -59.7864 -53.5097 -0.0000 0.0000 -4.5190 30.9240 12.8341 7.5797 -7.1250 0.0000 -0.0000 3.3751 44.8259 -0.0145 -0.0000 0.0000 0.0000 26.4013 24.2307 -34.8919 -83.9525 59.8614 -54.7651 0.0000 -0.0000 -3.0856 -28.4411 35.8851 -17.6136 7.1250 -0.0000 -0.0000 2.6767 9.4290 3.0822
10.9074 18.3874 -13.0242 4.5491 -10.3441 -0.8614 0.0000 0.0000 0.0000 -23.5408 -6.2765 6.8096 0.1865 2.7814 7.6708 0.2320 11.4632 -19.2309 0.1602 -2.5790 -7.1087 0.0000 0.0000 0.0000 7.9730 16.7744 -2.0658 -0.5238 -4.6381 12.8791 0.1029 -7.3992 -7.7541 -0.0155 -0.8047 2.2115 -3.4667 0.7353 -2.3243 0.6528 1.0783 0.8690 2.6592 0.4866 2.1205 -4.8410 -5.6286 -8.1158 5.9015 -8.1630 18.2706 1.9824 -3.7555 7.3789 0.0000 -0.0000 0.0000 -20.0783 -12.5427 -24.4962 79.1390 -59.5495 -50.6084 -0.0000 0.0000 -4.5327 31.0537 12.2117 7.2585 -7.1250 0.0000 -0.0000 3.5309 44.1291 -0.0760 0.0000 -0.0000 0.0000 23.4398 21.1916 -38.8389 -80.2474 59.6375 -51.5642 0.0000 -0.0000 -4.5823 -29.8379 35.6257 -18.4748 7.1250 -0.0000 -0.0000 1.8764 9.5623 2.1631
10.9156 18.3952 -13.0130 4.5299 -9.1342 -0.6131 0.0000 0.0000 0.0000 -23.5501 -7.3663 6.8369 0.1902 2.8090 7.7474 0.1933 11.5980 -18.9503 0.2126 -2.9688 -8.1920 0.0000 0.0000 0.0000 7.8893 16.4029 -2.0678 -0.5273 -4.6533 12.9224 0.1353 -8.1259 -8.1548 -0.0127 -0.7269 1.9976 -3.4485 0.3785 -2.1513 0.4162 0.5995 0.8369 2.3846 0.2515 2.0268 -3.8503 -5.5511 -9.3614 5.4068 -8.1049 18.6940 1.6290 -3.6703 7.6745 -0.0000 0.0000 0.0000 -17.5604 -9.8571 -26.2116 75.5041 -59.1909 -47.4803 -0.0000 0.0000 -4.5488 30.9519 12.8096 7.5739 -7.1250 0.0000 -0.0000 3.4028 44.8017 -0.0167 -0.0000 0.0000 0.0000 21.0115 20.2192 -43.1691 -75.0238 59.1353 -47.0679 0.0000 -0.0000 -5.3901 -30.7558 35.0282 -18.8582 7.1250 -0.0000 -0.0000 1.2516 9.2148 1.4362
10.9275 18.3886 -12.9942 4.9358 -7.9895 -0.5959 0.0000 0.0000 0.0000 -24.1138 -8.2474 7.1817 0.1825 2.7518 7.5885 0.1657 11.6362 -18.6756 0.2016 -2.8910 -7.9754 0.0000 0.0000 0.0000 7.3122 15.6669 -2.1244 -0.5462 -4.7350 13.1542 0.1497 -8.4776 -8.4321 -0.0387 -1.2693 3.4901 -3.5798 0.3129 -2.0532 0.1710 0.5184 0.9273 2.2025 0.2089 2.0713 -4.6571 -6.0650 -9.4942 5.8859 -8.7506 18.4132 1.8457 -3.9903 7.6986 0.0000 0.0000 0.0000 -15.5572 -8.6990 -27.9180 70.4148 -58.4998 -43.1241 -0.0000 0.0000 -4.5999 30.1031 13.0354 7.4500 -7.1250 0.0000 -0.0000 2.5915 44.9462 -0.0034 0.0000 0.0000 0.0000 17.9389 17.9431 -47.4640 -68.6840 58.2115 -41.6506 0.0000 -0.0000 -6.6176 -31.5151 34.3248 -19.0730 7.1250 -0.0000 -0.0000 0.6840 8.7098 0.7797
10.9233 18.3929 -12.9812 4.9802 -7.3057 -0.4634 0.0000 0.0000 0.0000 -24.1315 -8.7776 7.1985 0.1844 2.7655 7.6266 0.1540 11.5812 -18.4675 0.2884 -3.4537 -9.5446 0.0000 0.0000 0.0000 7.2592 15.4770 -2.0366 -0.5478 -4.7417 13.1733 0.1686 -8.9438 -8.8396 -0.0342 -1.1939 3.2824 -3.7547 0.3148 -1.7586 0.1736 0.5120 0.8612 2.3003 0.2087 1.8368 -5.5548 -6.3326 -9.8660 6.5230 -9.0969 18.6567 2.1485 -4.1457 7.9402 -0.0000 -0.0000 0.0000 -14.5806 -8.5178 -29.7603 65.1024 -57.5230 -38.6173 -0.0000 0.0000 -4.2224 29.5796 11.8253 6.6348 -7.1250 0.0000 -0.0000 2.1907 43.5054 -0.0808 -0.0000 -0.0000 0.0000 15.3030 16.1692 -51.5525 -62.4339 56.9244 -36.3735 0.0000 -0.0000 -7.8055 -31.6406 33.8654 -18.9506 7.1250 -0.0000 -0.0000 0.5121 8.2665 0.5804
10.9303 18.3970 -12.9649 4.5961 -6.1545 -0.2533 0.0000 0.0000 0.0000 -23.7485 -9.8125 7.2094 0.1989 2.8715 7.9213 0.1732 11.3794 -18.4461 0.2931 -3.4815 -9.6222 0.0000 0.0000 0.0000 7.6836 15.4140 -1.6059 -0.5290 -4.6608 12.9435 0.2235 -9.9840 -9.5015 -0.0263 -1.0472 2.8787 -3.3433 0.0821 -1.6046 0.2051 0.1858 0.9067 2.0908 0.0503 1.8197 -5.8209 -6.5268 -10.3445 6.8485 -9.3608 18.6174 2.2538 -4.2474 8.0611 -0.0000 0.0000 0.0000 -12.9012 -6.4426 -31.2364 60.0605 -56.3260 -34.3914 -0.0000 0.0000 -4.2748 29.1297 12.4313 6.8407 -7.1250 0.0000 -0.0000 1.7307 44.1362 -0.0369 -0.0000 0.0000 0.0000 13.1379 14.7629 -55.5318 -56.4664 55.2923 -31.4180 0.0000 -0.0000 -7.8715 -31.5798 32.7224 -18.3815 7.1250 -0.0000 -0.0000 0.2920 7.0446 0.3256
10.9306 18.3987 -12.9485 4.4669 -5.1925 -0.0846 0.0000 0.0000 0.0000 -23.5719 -10.7453 6.9474 0.2342 3.1146 8.5979 0.2041 11.1365 -18.5165 0.3251 -3.6645 -10.1347 0.0000 0.0000 0.0000 7.8099 14.9248 -1.2054 -0.4843 -4.4625 12.3816 0.2902 -10.6875 -9.1551 -0.0522 -1.4745 4.0555 -3.3043 0.1837 -1.6676 0.1440 0.3233 0.8783 2.0106 0.1203 1.8179 -6.4598 -6.9620 -8.9466 7.7389 -10.0289 17.6763 2.6224 -4.5803 7.6271 0.0000 -0.0000 0.0000 -11.6454 -6.6218 -32.6915 55.8210 -55.0894 -30.8881 -0.0000 0.0000 -4.4543 29.2850 13.0215 7.2020 -7.1250 0.0000 -0.0000 1.8265 44.8223 -0.0080 0.0000 -0.0000 0.0000 11.4047 12.1034 -58.6247 -51.6583 53.6428 -27.5041 0.0000 -0.0000 -8.5750 -30.6053 32.3656 -17.5706 7.1250 -0.0000 -0.0000 0.7529 6.3838 0.8320
10.9195 18.4131 -12.9460 4.0194 -4.6977 0.2281 0.0000 0.0000 0.0000 -22.9346 -11.2208 6.5993 0.2459 3.1909 8.8107 0.2283 10.8158 -18.4205 0.2142 -2.9795 -8.2217 0.0000 0.0000 0.0000 8.3886 15.4944 -0.9378 -0.4655 -4.3763 12.1378 0.3585 -11.7333 -9.8259 -0.0475 -1.4061 3.8668 -3.0333 0.2855 -1.4145 0.2455 0.4406 0.7823 1.9644 0.1866 1.5710 -6.1854 -7.2181 -9.8579 7.4126 -10.3427 17.9792 2.4033 -4.7084 7.8823 0.0000 -0.0000 0.0000 -10.9509 -5.8607 -33.5260 52.3928 -53.9161 -28.0967 -0.0000 0.0000 -2.5233 28.2690 14.0678 7.4469 -7.1250 0.0000 -0.0000 0.7687 45.8604 0.0163 0.0000 -0.0000 0.0000 10.5242 9.9906 -60.6829 -48.9620 52.5682 -25.3476 0.0000 -0.0000 -8.2494 -30.2056 32.0219 -17.1543 7.1250 -0.0000 -0.0000 0.9035 5.9079 0.9918
10.9135 18.4168 -12.9295 4.3240 -3.9659 0.5338 0.0000 0.0000 0.0000 -23.2006 -11.9235 6.3078 0.2611 3.2876 9.0806 0.2431 10.6626 -18.4171 0.2377 -3.1374 -8.6615 0.0000 0.0000 0.0000 7.9561 14.8742 -1.1077 -0.4463 -4.2862 11.8834 0.3657 -11.8407 -9.9012 -0.0456 -1.3781 3.7898 -3.2583 0.4291 -1.4190 -0.2009 0.6383 0.5338 1.6360 0.2923 1.3100 -6.3909 -7.8217 -9.2530 8.4014 -11.3730 17.8927 2.6622 -5.1431 7.8957 0.0000 -0.0000 0.0000 -10.0075 -5.3735 -33.7466 50.6364 -53.2490 -26.6832 -0.0000 0.0000 -1.1419 29.4187 13.9608 7.7473 -7.1250 0.0000 -0.0000 1.8682 45.9002 0.0415 0.0000 -0.0000 0.0000 10.8572 7.2637 -61.2397 -47.2161 51.8091 -23.9681 0.0000 -0.0000 -7.8077 -30.2304 31.4055 -16.8910 7.1250 -0.0000 -0.0000 0.7649 5.2637 0.8319
10.9030 18.4211 -12.9208 3.6835 -3.7582 0.8508 0.0000 0.0000 0.0000 -22.4055 -12.0082 6.1476 0.2515 3.2270 8.9114 0.2680 10.3595 -18.3615 0.2472 -3.1995 -8.8346 0.0000 0.0000 0.0000 8.6938 15.1945 -1.1982 -0.4450 -4.2803 11.8667 0.4179 -12.4044 -9.8866 -0.0576 -1.5489 4.2605 -2.6436 0.3892 -1.3448 -0.1251 0.5674 0.3791 1.3663 0.2658 1.1180 -6.6250 -7.8277 -8.8940 8.8057 -11.4106 17.5486 2.8426 -5.1604 7.7597 -0.0000 -0.0000 0.0000 -9.7786 -3.6807 -34.0860 50.1898 -53.0718 -26.3258 -0.0000 0.0000 -1.4593 27.8160 13.4870 7.0149 -7.1250 0.0000 -0.0000 0.4071 45.1516 0.0015 -0.0000 -0.0000 0.0000 11.1871 5.6399 -61.0835 -47.0655 51.7411 -23.8498 0.0000 -0.0000 -8.4494 -29.3163 31.7799 -16.4752 7.1250 -0.0000 -0.0000 1.3504 5.4068 1.4720
10.8906 18.4208 -12.8946 4.4117 -3.1405 0.9266 0.0000 0.0000 0.0000 -23.1745 -12.3688 6.4467 0.2259 3.0595 8.4444 0.2260 10.4022 -17.9085 0.2379 -3.1392 -8.6665 0.0000 0.0000 0.0000 7.8707 14.6022 -1.2853 -0.4497 -4.3024 11.9290 0.4064 -12.3716 -10.1528 -0.0358 -1.2211 3.3574 -3.6753 -0.2232 -1.4097 -0.0175 -0.2212 0.7544 2.0361 -0.1492 1.5793 -7.3285 -7.6776 -10.0316 8.4837 -10.9769 17.8036 2.8563 -4.9873 8.0334 -0.0000 -0.0000 0.0000 -10.1801 -1.1582 -35.1670 49.9142 -52.9608 -26.1056 -0.0000 0.0000 -1.4545 29.1804 14.7273 8.0800 -7.1250 0.0000 -0.0000 1.5637 46.7288 0.0667 -0.0000 -0.0000 0.0000 10.5980 5.7618 -61.2954 -46.7849 51.6135 -23.6297 0.0000 -0.0000 -8.2877 -28.7600 31.5874 -16.0391 7.1250 -0.0000 -0.0000 1.6242 5.0546 1.7616
10.8747 18.4182 -12.8859 4.6544 -3.0266 0.8480 0.0000 0.0000 0.0000 -23.4376 -12.1387 6.8490 0.1948 2.8424 7.8403 0.2047 10.3962 -17.6400 0.2722 -3.3563 -9.2723 0.0000 0.0000 0.0000 7.6863 14.6394 -1.1920 -0.4624 -4.3619 12.0971 0.4217 -12.5495 -10.1989 -0.0686 -1.6898 4.6491 -4.1249 -0.1439 -0.8421 -0.1041 -0.1394 0.4749 2.2030 -0.0962 0.9696 -7.6306 -7.7071 -8.8766 8.9826 -11.0834 17.2005 3.1000 -5.0616 7.6835 0.0000 0.0000 0.0000 -10.3974 -0.1678 -34.8614 50.0535 -53.0171 -26.2169 -0.0000 0.0000 -1.6339 30.3071 13.2856 7.6505 -7.1250 0.0000 -0.0000 2.7648 45.2582 0.0176 0.0000 0.0000 0.0000 11.1747 3.9429 -60.0094 -47.3789 51.8821 -24.0962 0.0000 -0.0000 -9.1092 -28.7287 31.9029 -16.1552 7.1250 -0.0000 -0.0000 1.7025 5.3773 1.8553
10.8590 18.4238 -12.8860 4.2503 -2.9278 0.9929 0.0000 0.0000 0.0000 -22.8916 -12.1151 6.6560 0.1999 2.8788 7.9414 0.2219 10.1277 -17.5382 0.2127 -2.9689 -8.1922 0.0000 0.0000 0.0000 8.2072 14.8109 -1.1266 -0.4519 -4.3126 11.9579 0.4484 -12.8521 -10.2743 -0.0793 -1.8170 5.0003 -3.9487 -0.1102 -0.9998 -0.0126 -0.0851 0.6987 2.1988 -0.0776 1.2841 -7.6862 -7.9281 -9.1400 9.0763 -11.3955 17.3306 3.0924 -5.1942 7.8113 -0.0000 -0.0000 0.0000 -10.8733 0.4492 -35.1780 50.3070 -53.1186 -26.4195 -0.0000 0.0000 -1.7107 29.1224 14.6286 8.0089 -7.1250 0.0000 -0.0000 1.5188 46.6096 0.0603 -0.0000 -0.0000 0.0000 11.9817 2.9386 -59.8457 -48.7571 52.4818 -25.1849 0.0000 -0.0000 -9.6281 -28.0202 32.7964 -16.0795 7.1250 -0.0000 -0.0000 2.2697 6.1216 2.5007
10.8500 18.4203 -12.8796 4.3539 -2.8997 1.0724 0.0000 0.0000 0.0000 -22.9287 -12.0388 6.4104 0.2107 2.9555 8.1550 0.2458 9.8708 -17.5382 0.2418 -3.1643 -8.7366 0.0000 0.0000 0.0000 8.0743 14.6846 -1.2067 -0.4447 -4.2785 11.8615 0.4300 -12.6697 -10.2968 -0.0691 -1.6964 4.6672 -4.2938 -0.0779 -1.2536 -0.1624 -0.0153 0.9527 2.2397 -0.0573 1.6838 -6.9557 -8.0287 -9.8528 8.7952 -11.5890 17.6355 2.8325 -5.2340 7.9960 -0.0000 -0.0000 0.0000 -11.1531 0.8558 -35.7895 50.5085 -53.1985 -26.5808 -0.0000 0.0000 -2.9980 31.9114 13.5782 8.3176 -7.1250 0.0000 -0.0000 4.2669 45.8183 0.0863 -0.0000 -0.0000 0.0000 13.1885 2.3622 -59.3910 -50.0831 53.0290 -26.2405 0.0000 -0.0000 -9.8826 -27.8879 31.5777 -15.4891 7.1250 -0.0000 -0.0000 2.1114 4.8151 2.2827
10.8411 18.4130 -12.8697 4.4326 -2.8943 0.8542 0.0000 0.0000 0.0000 -23.0156 -11.7676 6.5897 0.2106 2.9543 8.1514 0.2576 9.6167 -17.3976 0.2852 -3.4348 -9.4918 0.0000 0.0000 0.0000 8.0596 14.3219 -0.9774 -0.4352 -4.2332 11.7338 0.4102 -12.4046 -10.1314 -0.0704 -1.7120 4.7103 -4.4849 0.0292 -0.9387 -0.2509 0.1156 0.9478 2.2586 0.0105 1.4927 -7.0408 -8.0901 -9.9372 8.9822 -11.7465 18.1719 2.8829 -5.2832 8.2206 -0.0000 0.0000 0.0000 -12.2197 0.7167 -35.6727 51.0487 -53.4098 -27.0139 -0.0000 0.0000 -3.3998 26.4711 12.9047 6.3456 -7.1250 0.0000 -0.0000 -0.7756 44.3351 0.0127 -0.0000 0.0000 0.0000 14.4726 1.6979 -58.6162 -51.4809 53.5756 -27.3613 0.0000 -0.0000 -9.4133 -27.9271 31.6693 -15.5519 7.1250 -0.0000 -0.0000 2.1066 4.9212 2.2810
10.8286 18.4159 -12.8773 3.8521 -3.2109 0.8948 0.0000 0.0000 0.0000 -22.3238 -11.2840 6.4163 0.2116 2.9613 8.1709 0.2950 9.2379 -17.4435 0.2744 -3.3693 -9.3088 0.0000 0.0000 0.0000 8.7943 14.9458 -0.8188 -0.4271 -4.1942 11.6236 0.4419 -12.6925 -9.9927 -0.0380 -1.2583 3.4597 -4.0418 0.0570 -0.8588 -0.1389 0.1377 0.8488 2.1257 0.0301 1.3444 -7.3936 -7.8543 -8.9831 9.6371 -11.5075 17.7728 3.2224 -5.1775 7.9563 0.0000 0.0000 0.0000 -12.9869 1.2101 -35.3812 50.9933 -53.3883 -26.9694 -0.0000 0.0000 -2.8794 25.8949 13.1949 6.3234 -7.1250 0.0000 -0.0000 -1.3446 44.5830 0.0138 0.0000 0.0000 0.0000 15.7202 1.8468 -57.9643 -52.5698 53.9808 -28.2398 0.0000 -0.0000 -9.0016 -27.5521 32.6865 -15.7353 7.1250 -0.0000 -0.0000 2.5077 5.8840 2.7541
10.8218 18.4100 -12.8711 4.1977 -3.2675 0.7941 0.0000 0.0000 0.0000 -22.6570 -11.0596 6.3162 0.2225 3.0366 8.3806 0.3018 9.1019 -17.3812 0.2239 -3.0456 -8.4057 0.0000 0.0000 0.0000 8.4094 14.5993 -0.8193 -0.4261 -4.1894 11.6101 0.4242 -12.4285 -9.7543 -0.0538 -1.4972 4.1180 -4.5739 0.0161 -1.0571 -0.1686 0.1035 0.8990 2.3931 0.0035 1.5098 -7.6826 -7.7690 -8.4285 9.6859 -11.3909 17.8515 3.3197 -5.1544 7.8909 -0.0000 0.0000 0.0000 -13.7868 1.6609 -35.1255 51.1177 -53.4365 -27.0693 -0.0000 0.0000 -4.5486 30.6342 14.3814 8.3676 -7.1250 0.0000 -0.0000 2.9908 46.5518 0.1146 -0.0000 0.0000 0.0000 16.4479 1.4488 -56.3436 -52.7167 54.0341 -28.3587 0.0000 -0.0000 -9.5813 -28.7433 32.4237 -16.3873 7.1250 -0.0000 -0.0000 1.7961 5.9266 1.9729
10.8098 18.4100 -12.8806 4.2170 -3.5670 0.8603 0.0000 0.0000 0.0000 -22.5797 -10.6115 6.1264 0.2145 2.9814 8.2269 0.2816 9.1087 -17.1377 0.2920 -3.4748 -9.6035 0.0000 0.0000 0.0000 8.3936 14.8279 -1.1571 -0.4508 -4.3074 11.9431 0.3862 -12.0968 -9.9872 -0.0182 -0.8701 2.3915 -4.8161 0.1214 -1.2090 -0.2071 0.2559 0.8509 2.4932 0.0775 1.5337 -7.4860 -7.7605 -7.9520 9.6109 -11.4184 17.8201 3.2784 -5.1779 7.7806 0.0000 0.0000 0.0000 -14.1994 1.7305 -34.7369 50.8128 -53.3181 -26.8246 -0.0000 0.0000 -4.6911 28.6140 15.3572 8.2210 -7.1250 0.0000 -0.0000 0.9462 47.3499 0.0549 0.0000 0.0000 0.0000 17.3795 1.2828 -54.9029 -52.7785 54.0564 -28.4087 0.0000 -0.0000 -9.7707 -29.3620 32.2114 -16.6934 7.1250 -0.0000 -0.0000 1.4105 5.8726 1.5478
10.8043 18.4131 -12.8806 4.0579 -3.6151 0.6709 0.0000 0.0000 0.0000 -22.3855 -10.3142 6.2224 0.2179 3.0052 8.2933 0.3002 8.8474 -17.0904 0.2581 -3.2684 -9.0270 0.0000 0.0000 0.0000 8.6480 14.5594 -1.0069 -0.4520 -4.3132 11.9596 0.3611 -11.7966 -9.9198 -0.0125 -0.7233 1.9877 -4.7417 0.1490 -1.2192 -0.2709 0.2960 0.9645 2.3872 0.0940 1.6538 -7.3495 -7.7107 -7.8910 9.7276 -11.4195 18.0456 3.2972 -5.1574 7.8428 0.0000 0.0000 0.0000 -14.5797 2.2474 -33.4520 51.0047 -53.3928 -26.9786 -0.0000 0.0000 -6.2285 28.1856 15.7888 8.2956 -7.1250 0.0000 -0.0000 0.4758 47.7653 0.0325 0.0000 0.0000 0.0000 18.4729 0.8987 -52.9592 -52.8318 54.0757 -28.4518 0.0000 -0.0000 -11.1457 -29.3311 31.7874 -16.4880 7.1250 -0.0000 -0.0000 1.3435 5.4186 1.4648
10.7992 18.4059 -12.8854 3.9329 -3.7208 0.5512 0.0000 0.0000 0.0000 -22.2294 -9.9875 6.2389 0.2196 3.0170 8.3260 0.2982 8.7522 -16.9649 0.2541 -3.2435 -8.9574 0.0000 0.0000 0.0000 8.8448 14.7715 -0.8358 -0.4463 -4.2864 11.8838 0.3922 -12.1183 -9.8616 -0.0216 -0.9490 2.6085 -4.6835 0.1488 -1.1047 -0.2499 0.2888 0.9957 2.3755 0.0911 1.6223 -7.6138 -7.7473 -8.0190 9.8098 -11.4749 18.3826 3.3554 -5.1831 8.0036 0.0000 0.0000 0.0000 -15.8187 2.3588 -32.6799 51.6089 -53.6241 -27.4644 -0.0000 0.0000 -6.9880 29.2227 15.2953 8.3944 -7.1250 0.0000 -0.0000 1.5415 47.3729 0.0903 0.0000 0.0000 0.0000 19.3275 0.7807 -51.0849 -52.4319 53.9304 -28.1283 0.0000 -0.0000 -11.4491 -29.0944 31.5884 -16.2505 7.1250 -0.0000 -0.0000 1.4369 5.1452 1.5605
10.7935 18.4082 -12.8959 3.7149 -3.9148 0.4684 0.0000 0.0000 0.0000 -21.9215 -9.6495 6.0389 0.2348 3.1187 8.6095 0.3208 8.4826 -16.9682 0.2032 -2.9029 -8.0084 0.0000 0.0000 0.0000 9.1661 14.9179 -0.6058 -0.4265 -4.1913 11.6155 0.4144 -12.2636 -9.5662 -0.0255 -1.0301 2.8316 -4.6869 0.0511 -1.0387 -0.1240 0.1552 1.0695 2.5037 0.0212 1.6710 -7.5479 -7.5438 -8.0860 9.7357 -11.1872 18.4361 3.3518 -5.0457 7.9970 0.0000 -0.0000 0.0000 -17.2174 2.4766 -32.2143 51.9030 -53.7347 -27.7013 -0.0000 0.0000 -7.7972 26.2126 14.4543 7.0060 -7.1250 0.0000 -0.0000 -1.2211 46.0063 -0.0303 0.0000 -0.0000 0.0000 20.3692 1.4754 -49.8776 -52.5978 53.9910 -28.2625 0.0000 -0.0000 -11.6110 -26.6656 32.7469 -15.1977 7.1250 -0.0000 -0.0000 3.0108 5.7183 3.3001
10.7897 18.4126 -12.9025 3.4544 -4.0162 0.4764 0.0000 0.0000 0.0000 -21.5991 -9.4253 5.8003 0.2485 3.2076 8.8573 0.3560 8.1014 -17.0212 0.1810 -2.7400 -7.5558 0.0000 0.0000 0.0000 9.4960 15.0980 -0.4284 -0.4079 -4.0998 11.3576 0.4421 -12.4751 -9.2774 -0.0070 -0.5394 1.4821 -4.4748 -0.1542 -1.0138 -0.0885 -0.1252 1.0311 2.4144 -0.1151 1.6385 -7.4392 -7.3723 -8.1354 9.4816 -10.9314 18.6486 3.2783 -4.9340 8.0303 -0.0000 0.0000 0.0000 -18.5672 3.5126 -30.9051 53.0969 -54.1706 -28.6666 -0.0000 0.0000 -8.4486 16.4311 11.2236 3.2852 -7.1250 0.0000 -0.0000 -9.5231 41.4786 0.8356 -0.0000 0.0000 0.0000 21.4694 2.2898 -48.0247 -53.0113 54.1401 -28.5972 0.0000 -0.0000 -11.3605 -27.5487 32.0569 -15.4759 7.1250 -0.0000 -0.0000 2.3908 5.2279 2.6008
10.7930 18.4127 -12.9128 3.6834 -4.0299 0.4582 0.0000 0.0000 0.0000 -21.8388 -9.2311 5.7371 0.2448 3.1839 8.7912 0.3544 7.9546 -16.8558 0.1821 -2.7483 -7.5788 0.0000 0.0000 0.0000 9.1999 14.9024 -0.5053 -0.4021 -4.0713 11.2774 0.4305 -12.3182 -9.1708 -0.0390 -1.2745 3.5044 -4.4878 -0.0491 -0.7009 -0.2387 -0.0051 0.8280 2.2702 -0.0427 1.2446 -7.8036 -7.5335 -7.8726 9.6511 -11.1630 18.7631 3.3758 -5.0608 8.0741 0.0000 0.0000 0.0000 -19.8997 3.1481 -29.5799 53.9316 -54.4631 -29.3446 -0.0000 0.0000 -9.3308 27.6393 14.0488 7.2445 -7.1250 0.0000 -0.0000 0.1766 45.7528 0.0033 0.0000 0.0000 0.0000 22.5636 1.9334 -46.4092 -53.3439 54.2582 -28.8670 0.0000 -0.0000 -11.3783 -27.4429 33.4992 -15.9931 7.1250 -0.0000 -0.0000 2.7247 6.6984 3.0272
10.7917 18.4155 -12.9215 3.6541 -4.3470 0.4087 0.0000 0.0000 0.0000 -21.7851 -8.6507 5.8382 0.2228 3.0386 8.3862 0.3446 7.8133 -16.5949 0.1281 -2.3074 -6.3559 0.0000 0.0000 0.0000 9.2303 14.6035 -0.7085 -0.4102 -4.1116 11.3910 0.3752 -11.6920 -9.1460 -0.0124 -0.7204 1.9797 -4.4435 -0.0266 -0.5526 -0.3173 0.0186 0.8768 2.1649 -0.0301 1.2097 -7.6902 -7.3958 -7.9686 9.8684 -11.0007 18.4841 3.4450 -4.9604 7.9892 -0.0000 0.0000 0.0000 -21.1015 3.1782 -29.0866 54.9285 -54.7997 -30.1576 -0.0000 0.0000 -8.3031 29.5953 14.6636 8.1818 -7.1250 0.0000 -0.0000 1.9681 46.7181 0.0835 -0.0000 0.0000 0.0000 23.7278 2.1896 -44.8304 -54.5777 54.6828 -29.8711 0.0000 -0.0000 -11.4353 -28.2840 33.2403 -16.4335 7.1250 -0.0000 -0.0000 2.2115 6.6541 2.4546
10.7848 18.4187 -12.9313 3.8333 -4.5994 0.4358 0.0000 0.0000 0.0000 -21.9175 -8.1981 5.7935 0.2068 2.9280 8.0784 0.3317 7.7347 -16.3533 0.1841 -2.7637 -7.6215 0.0000 0.0000 0.0000 9.0258 14.9098 -0.7685 -0.4105 -4.1129 11.3945 0.3591 -11.5984 -9.4181 -0.0062 -0.5089 1.3984 -4.8495 -0.0150 -0.8311 -0.2969 0.0616 1.1033 2.4143 -0.0253 1.5968 -7.5798 -7.4586 -8.4566 9.6203 -11.0335 18.5718 3.3232 -4.9711 8.0895 0.0000 -0.0000 0.0000 -22.5087 2.6830 -29.1570 55.4285 -54.9633 -30.5665 -0.0000 0.0000 -7.7564 33.6353 15.6029 10.1452 -7.1250 0.0000 -0.0000 5.8438 48.4345 0.4967 0.0000 -0.0000 0.0000 24.8057 2.5608 -43.7219 -56.0473 55.1612 -31.0738 0.0000 -0.0000 -11.2040 -28.7620 33.9213 -17.0303 7.1250 -0.0000 -0.0000 2.0880 7.4919 2.3439
10.7810 18.4133 -12.9377 3.9132 -4.7767 0.5022 0.0000 0.0000 0.0000 -21.9653 -7.8381 5.7134 0.1941 2.8370 7.8253 0.3080 7.7201 -16.0299 0.2665 -3.3208 -9.1731 0.0000 0.0000 0.0000 8.9223 14.9826 -0.9181 -0.4090 -4.1055 11.3737 0.3867 -11.7361 -8.8641 -0.0167 -0.8334 2.2906 -5.0106 -0.0733 -0.8743 -0.3866 -0.0093 1.1203 2.4106 -0.0635 1.6445 -7.2084 -7.4203 -8.6842 9.4382 -10.9868 18.5374 3.2001 -4.9330 8.0828 0.0000 0.0000 0.0000 -23.6462 2.7294 -28.5672 56.5205 -55.3091 -31.4626 -0.0000 0.0000 -8.2998 32.9504 14.7992 9.4009 -7.1250 0.0000 -0.0000 5.2070 47.3880 0.3076 0.0000 0.0000 0.0000 26.1844 2.8369 -42.4052 -58.2206 55.8168 -32.8648 0.0000 -0.0000 -11.1120 -28.8798 33.6158 -16.9806 7.1250 -0.0000 -0.0000 1.9607 7.2070 2.1924
10.7789 18.4201 -12.9464 3.9281 -4.9686 0.6323 0.0000 0.0000 0.0000 -21.9366 -7.5238 5.4710 0.1906 2.8115 7.7544 0.3069 7.6126 -15.9074 0.2058 -2.9211 -8.0591 0.0000 0.0000 0.0000 8.8919 14.9284 -1.0666 -0.3995 -4.0583 11.2407 0.3637 -11.4596 -8.8325 -0.0037 -0.3903 1.0725 -4.9599 0.2019 -0.7885 -0.3003 0.3457 0.9669 2.4782 0.1221 1.4099 -7.7668 -7.6903 -8.6581 9.4680 -11.2853 18.5979 3.2648 -5.1084 8.1613 -0.0000 0.0000 0.0000 -25.4640 2.4017 -27.1195 58.5759 -55.9184 -33.1588 -0.0000 0.0000 -8.5880 29.5501 13.5941 7.5901 -7.1250 0.0000 -0.0000 2.0259 45.5046 0.0252 -0.0000 0.0000 0.0000 26.9092 2.0328 -41.3834 -60.1082 56.3387 -34.4311 0.0000 -0.0000 -11.3971 -29.7694 33.7063 -17.6105 7.1250 -0.0000 -0.0000 1.4940 7.5509 1.6779
10.7828 18.4285 -12.9536 3.7537 -5.1566 0.6784 0.0000 0.0000 0.0000 -21.7214 -7.1971 5.2602 0.1933 2.8311 7.8089 0.3223 7.3630 -15.8662 0.2324 -3.1029 -8.5655 0.0000 0.0000 0.0000 9.0083 14.4303 -1.2480 -0.3785 -3.9512 10.9393 0.3216 -10.8704 -8.5710 -0.0012 -0.2257 0.6201 -4.7093 0.2658 -0.5914 -0.1930 0.4167 1.0314 2.4485 0.1596 1.3603 -7.9687 -7.7382 -8.9858 9.4819 -11.2690 18.2744 3.2914 -5.1077 8.1249 -0.0000 -0.0000 0.0000 -27.5474 2.4561 -26.6324 60.9309 -56.5529 -35.1168 -0.0000 0.0000 -8.6539 30.3190 14.1947 8.1607 -7.1250 0.0000 -0.0000 2.7043 46.2935 0.0864 -0.0000 -0.0000 0.0000 27.8419 1.9776 -40.2289 -62.4571 56.9299 -36.3930 0.0000 -0.0000 -11.1374 -30.4383 33.6168 -18.0204 7.1250 -0.0000 -0.0000 1.1103 7.6497 1.2485
10.7830 18.4287 -12.9589 3.5486 -5.2413 0.7611 0.0000 0.0000 0.0000 -21.4610 -7.0177 4.9498 0.2074 2.9321 8.0897 0.3307 7.2481 -15.8670 0.2265 -3.0636 -8.4558 0.0000 0.0000 0.0000 9.2475 14.9692 -0.9125 -0.3453 -3.7759 10.4470 0.3754 -11.4625 -8.3797 -0.0136 -0.7527 2.0685 -4.5917 0.2506 -0.6299 -0.0801 0.3970 1.0845 2.4989 0.1478 1.4379 -7.9684 -7.6966 -8.9010 9.5223 -11.1901 17.9243 3.3174 -5.0761 7.9882 0.0000 -0.0000 0.0000 -29.1510 2.6731 -25.7250 62.7956 -57.0100 -36.6768 -0.0000 0.0000 -9.0699 34.3866 15.0237 10.0597 -7.1250 0.0000 -0.0000 6.6115 47.8849 0.4725 0.0000 -0.0000 0.0000 28.8199 1.9764 -39.0903 -64.5928 57.4145 -38.1877 0.0000 -0.0000 -10.4219 -31.4215 34.3208 -19.0064 7.1250 -0.0000 -0.0000 0.7335 8.6774 0.8358
10.7704 18.4284 -12.9571 3.5459 -5.3301 0.6305 0.0000 0.0000 0.0000 -21.4089 -6.7189 4.9506 0.2150 2.9854 8.2380 0.3615 6.9559 -15.9943 0.2286 -3.0777 -8.4951 0.0000 0.0000 0.0000 9.4581 15.7058 -0.1832 -0.3236 -3.6563 10.1117 0.4598 -12.4238 -8.3660 -0.0001 -0.0737 0.2025 -4.8080 0.1131 -0.3303 -0.2199 0.1979 0.9733 2.4716 0.0548 1.1707 -7.2192 -7.4042 -8.4888 9.4702 -10.8971 17.7008 3.2296 -4.9119 7.7653 0.0000 -0.0000 0.0000 -30.3915 3.4289 -24.8484 65.3302 -57.5706 -38.8096 -0.0000 0.0000 -10.3947 32.4329 14.5068 9.0439 -7.1250 0.0000 -0.0000 4.7182 46.9680 0.2296 0.0000 -0.0000 0.0000 30.5159 2.0745 -37.2410 -67.3903 57.9774 -40.5523 0.0000 -0.0000 -9.9818 -32.1242 34.6793 -19.6596 7.1250 -0.0000 -0.0000 0.4387 9.2674 0.5036
10.7758 18.4315 -12.9589 3.4426 -5.4736 0.8856 0.0000 0.0000 0.0000 -21.2842 -6.4520 4.7146 0.2021 2.8949 7.9862 0.3472 6.8871 -15.7427 0.1799 -2.7321 -7.5338 0.0000 0.0000 0.0000 9.4667 16.0245 -0.4081 -0.3183 -3.6264 10.0279 0.4611 -12.4863 -8.5594 -0.0096 -0.6330 1.7394 -4.5543 0.1019 -0.3818 -0.3147 0.1811 0.8584 2.2317 0.0531 1.0834 -6.9783 -7.3836 -8.2808 9.4912 -10.8926 17.3997 3.2060 -4.9060 7.6163 0.0000 -0.0000 0.0000 -31.9296 3.6454 -24.3676 67.6806 -58.0314 -40.7985 -0.0000 0.0000 -10.8964 31.2565 14.8253 8.8279 -7.1250 0.0000 -0.0000 3.5558 47.1521 0.1891 0.0000 -0.0000 0.0000 32.0181 1.8757 -35.7180 -70.7214 58.5480 -43.3857 0.0000 -0.0000 -10.1829 -31.2602 35.0677 -19.2278 7.1250 -0.0000 -0.0000 0.9910 9.4075 1.1398
10.7635 18.4354 -12.9565 3.4462 -5.7204 0.7503 0.0000 0.0000 0.0000 -21.2460 -5.9423 4.8317 0.1942 2.8382 7.8286 0.3567 6.6437 -15.6449 0.1802 -2.7345 -7.5405 0.0000 0.0000 0.0000 9.6551 16.3002 -0.0407 -0.3148 -3.6068 9.9729 0.4975 -12.8328 -8.3590 -0.0001 0.0562 -0.1545 -4.6922 0.0360 -0.2033 -0.3062 0.0863 0.9217 2.3163 0.0040 1.0552 -6.7417 -7.3630 -9.2536 9.2024 -10.8566 18.0225 3.0418 -4.8532 7.9632 -0.0000 -0.0000 0.0000 -33.6084 4.2383 -23.8745 70.5343 -58.5187 -43.2260 -0.0000 0.0000 -11.7279 33.1175 14.8768 9.5076 -7.1250 0.0000 -0.0000 5.3668 47.5049 0.3326 -0.0000 -0.0000 0.0000 33.3283 2.0354 -34.0273 -74.1671 59.0313 -46.3329 0.0000 -0.0000 -10.0193 -32.3656 35.2722 -20.1018 7.1250 -0.0000 -0.0000 0.4504 9.9620 0.5215
10.7707 18.4431 -12.9535 3.4867 -5.9599 1.1681 0.0000 0.0000 0.0000 -21.2859 -5.6838 4.3044 0.1933 2.8316 7.8104 0.3650 6.4101 -15.5442 0.1564 -2.5481 -7.0231 0.0000 0.0000 0.0000 9.4166 16.0069 -0.6714 -0.3066 -3.5598 9.8413 0.4654 -12.3796 -7.8977 -0.0035 0.3842 -1.0556 -4.6540 -0.0824 -0.7387 -0.3151 -0.0417 0.9238 2.2839 -0.0665 1.3675 -6.6517 -7.2072 -9.5261 9.0520 -10.6317 18.2469 2.9946 -4.7405 8.0533 -0.0000 -0.0000 0.0000 -35.8828 4.4466 -23.8502 73.6163 -58.9610 -45.8608 -0.0000 0.0000 -12.3602 30.9984 14.8659 8.7629 -7.1250 0.0000 -0.0000 3.3024 47.1587 0.1761 -0.0000 -0.0000 0.0000 34.9273 2.2539 -32.4569 -78.5840 59.5018 -50.1300 0.0000 -0.0000 -9.8219 -33.1082 35.3870 -20.6878 7.1250 -0.0000 -0.0000 0.0845 10.3182 0.0983
10.7707 18.4448 -12.9504 3.3882 -6.1211 1.2793 0.0000 0.0000 0.0000 -21.1531 -5.3433 4.2120 0.1829 2.7545 7.5961 0.3528 6.2961 -15.2794 0.1567 -2.5509 -7.0307 0.0000 0.0000 0.0000 9.4728 15.6682 -0.9235 -0.2985 -3.5131 9.7106 0.4367 -11.9756 -7.5364 -0.0033 0.3696 -1.0154 -4.5707 -0.0306 -1.0210 -0.2586 0.0425 0.9754 2.2972 -0.0292 1.5728 -6.6275 -7.2199 -9.3488 8.9705 -10.6345 18.1407 2.9696 -4.7551 7.9801 0.0000 -0.0000 0.0000 -38.4154 4.1687 -23.2285 77.2240 -59.3742 -48.9589 -0.0000 0.0000 -13.8505 30.3268 15.1732 8.7050 -7.1250 0.0000 -0.0000 2.6237 47.4044 0.1558 0.0000 -0.0000 0.0000 36.7092 2.2788 -31.2031 -83.2885 59.8291 -54.1910 0.0000 -0.0000 -9.4888 -33.2102 35.8729 -20.9873 7.1250 -0.0000 -0.0000 0.1510 10.8581 0.1767
10.7660 18.4460 -12.9476 4.1130 -6.3216 1.4127 0.0000 0.0000 0.0000 -21.9165 -4.9557 4.1919 0.1563 2.5474 7.0210 0.3303 6.3034 -14.9794 0.1543 -2.5315 -6.9770 0.0000 0.0000 0.0000 8.5168 15.1945 -1.5302 -0.3017 -3.5319 9.7633 0.3861 -11.3339 -7.3676 -0.0038 -0.3992 1.0969 -5.3601 0.0136 -1.1751 -0.4588 0.1239 0.8639 2.5355 0.0066 1.5390 -6.4319 -7.2386 -9.5479 8.6737 -10.6745 18.6914 2.8276 -4.7694 8.1744 -0.0000 0.0000 0.0000 -40.7769 4.6346 -21.4445 81.4192 -59.7199 -52.5758 -0.0000 0.0000 -16.1214 38.1459 14.3696 11.0296 -7.1250 0.0000 -0.0000 10.3485 47.7507 0.7095 -0.0000 0.0000 0.0000 39.0696 2.0525 -29.5389 -89.1167 59.9971 -59.2350 0.0000 -0.0000 -8.7902 -35.2289 36.9888 -23.0196 7.1250 -0.0000 -0.0000 -0.6096 12.6984 -0.7287
10.7675 18.4456 -12.9460 4.0947 -6.3580 1.3362 0.0000 0.0000 0.0000 -21.8919 -4.5944 4.5138 0.1312 2.3351 6.4328 0.3105 6.2611 -14.6637 0.1327 -2.3482 -6.4689 0.0000 0.0000 0.0000 8.5846 15.3969 -1.3830 -0.3061 -3.5573 9.8345 0.4076 -11.5815 -7.3055 -0.0000 0.0054 -0.0149 -5.3319 -0.0224 -1.1006 -0.4914 0.0707 0.8555 2.4848 -0.0182 1.4929 -6.2241 -6.9927 -9.2758 8.7353 -10.4054 18.8209 2.8559 -4.6285 8.1372 -0.0000 0.0000 0.0000 -43.3848 4.9165 -20.3626 85.3881 -59.9195 -56.0070 -0.0000 0.0000 -17.8272 32.3688 14.3569 8.9322 -7.1250 0.0000 -0.0000 4.6643 46.7852 0.2059 -0.0000 0.0000 0.0000 41.7306 1.9704 -27.6797 -95.4530 59.8873 -64.7207 0.0000 -0.0000 -8.2902 -36.3452 37.6714 -24.2117 7.1250 -0.0000 -0.0000 -0.9921 13.8027 -1.2002
10.7659 18.4439 -12.9325 4.1367 -6.3829 1.4169 0.0000 0.0000 0.0000 -21.9327 -4.3982 4.4330 0.1295 2.3198 6.3903 0.3102 6.1646 -14.5717 0.1468 -2.4691 -6.8040 0.0000 0.0000 0.0000 8.5255 15.4508 -1.2649 -0.2915 -3.4718 9.5951 0.4115 -11.6545 -7.4267 -0.0020 0.2879 -0.7910 -5.2168 -0.0388 -1.1282 -0.6165 0.0341 0.3961 2.2908 -0.0154 1.0381 -6.0787 -6.6999 -7.9067 8.6685 -10.0959 19.1209 2.8915 -4.5153 7.9497 -0.0000 0.0000 0.0000 -46.0068 6.1534 -18.5233 89.9718 -60.0000 -59.9756 -0.0000 0.0000 -19.0708 31.1298 14.3577 8.5175 -7.1250 0.0000 -0.0000 3.4688 46.5985 0.1370 -0.0000 0.0000 0.0000 44.5635 1.3573 -25.2048 -101.4362 59.5000 -69.8874 0.0000 -0.0000 -7.8519 -36.9319 38.6411 -25.1447 7.1250 -0.0000 -0.0000 -1.0076 15.0183 -1.2344
10.7558 18.4473 -12.9215 3.9267 -6.4811 1.3987 0.0000 0.0000 0.0000 -21.6563 -4.0786 4.4543 0.1268 2.2950 6.3217 0.3198 5.9328 -14.4994 0.1230 -2.2608 -6.2271 0.0000 0.0000 0.0000 8.8848 16.0967 -0.8307 -0.2826 -3.4192 9.4480 0.4710 -12.3747 -7.5699 -0.0003 -0.1030 0.2830 -5.0341 -0.0275 -1.3710 -0.5657 0.0704 0.6766 2.2418 -0.0109 1.4604 -5.9338 -6.6837 -8.8421 8.5132 -10.1275 20.2291 2.7828 -4.4815 8.4782 -0.0000 -0.0000 0.0000 -48.8909 5.5366 -17.3510 92.0166 -59.9846 -61.7463 -0.0000 0.0000 -18.6918 31.0280 14.3378 8.4725 -7.1250 0.0000 -0.0000 3.3724 46.5606 0.1300 -0.0000 -0.0000 0.0000 47.6318 1.5249 -23.0583 -107.3104 58.8369 -74.9327 0.0000 -0.0000 -6.5210 -38.7119 38.3547 -26.4433 7.1250 -0.0000 -0.0000 -1.9858 15.3978 -2.4431
10.7485 18.4523 -12.9207 3.7565 -6.6310 1.3292 0.0000 0.0000 0.0000 -21.4319 -3.6963 4.4963 0.1221 2.2525 6.2041 0.3220 5.7463 -14.3666 0.1084 -2.1229 -5.8454 0.0000 0.0000 0.0000 9.1046 15.5703 -1.0410 -0.2895 -3.4604 9.5632 0.4009 -11.5549 -7.5516 -0.0053 0.4699 -1.2912 -4.9586 -0.0884 -1.3243 -0.4741 -0.0275 0.3331 2.2914 -0.0449 1.0879 -5.8499 -6.2999 -6.9666 8.4200 -9.6481 20.0909 2.8525 -4.3185 8.0384 0.0000 -0.0000 0.0000 -52.7028 6.5442 -15.9928 96.1268 -59.8577 -65.3035 -0.0000 0.0000 -18.5075 30.7500 14.0684 8.2289 -7.1250 0.0000 -0.0000 3.1264 46.2123 0.0936 0.0000 -0.0000 0.0000 50.9528 1.2081 -19.7287 -112.5001 57.9979 -79.3547 0.0000 -0.0000 -5.6047 -40.1991 39.0277 -28.0183 7.1250 -0.0000 -0.0000 -2.5147 16.6834 -3.1333
10.7412 18.4543 -12.9108 3.8319 -6.7501 1.3126 0.0000 0.0000 0.0000 -21.4977 -3.3906 4.4361 0.1236 2.2661 6.2416 0.3187 5.6387 -14.2248 0.1354 -2.3717 -6.5342 0.0000 0.0000 0.0000 9.0233 15.3002 -1.2136 -0.2979 -3.5094 9.7002 0.3520 -10.9803 -7.6531 -0.0018 0.2751 -0.7560 -5.1364 0.0152 -1.7579 -0.4085 0.1495 0.6195 2.4638 0.0241 1.6125 -5.5585 -6.0697 -6.1564 8.4480 -9.2934 18.9030 2.8748 -4.1728 7.4584 -0.0000 0.0000 0.0000 -56.0368 6.5090 -13.5192 98.2953 -59.7384 -67.1776 -0.0000 0.0000 -19.5128 34.3560 13.6880 9.1886 -7.1250 0.0000 -0.0000 6.6099 46.3100 0.2146 -0.0000 0.0000 0.0000 54.1548 1.2344 -17.1011 -116.4404 57.1862 -82.6818 0.0000 -0.0000 -4.9257 -42.2447 40.4320 -30.4975 7.1250 -0.0000 -0.0000 -3.0424 18.9764 -3.8707
10.7328 18.4530 -12.9005 3.6267 -6.6995 1.2243 0.0000 0.0000 0.0000 -21.2613 -3.2407 4.4197 0.1343 2.3621 6.5074 0.3296 5.5158 -14.2759 0.1623 -2.5956 -7.1548 0.0000 0.0000 0.0000 9.3136 15.2410 -0.9709 -0.2920 -3.4750 9.6042 0.3661 -11.1092 -7.4648 -0.0031 0.3580 -0.9835 -5.1555 -0.1423 -2.0455 -0.3190 -0.0402 0.7232 2.5606 -0.0800 1.8966 -4.6681 -5.5309 -4.9946 8.1340 -8.5106 17.4950 2.7346 -3.8246 6.6835 0.0000 -0.0000 0.0000 -59.4530 7.3818 -11.0338 100.1566 -59.6066 -68.7842 -0.0000 0.0000 -21.5182 35.7819 14.1379 9.9844 -7.1250 0.0000 -0.0000 7.9973 47.0693 0.4109 0.0000 -0.0000 0.0000 57.5876 0.7965 -12.8819 -119.7671 56.3717 -85.4650 0.0000 -0.0000 -4.6952 -44.0745 40.5058 -32.1647 7.1250 -0.0000 -0.0000 -3.8932 19.8596 -4.9932
10.7276 18.4447 -12.9003 3.5343 -6.6896 1.0647 0.0000 0.0000 0.0000 -21.1480 -3.0404 4.4275 0.1447 2.4514 6.7550 0.3574 5.2049 -14.4109 0.1647 -2.6144 -7.2070 0.0000 0.0000 0.0000 9.5113 15.5865 -0.6090 -0.2880 -3.4512 9.5374 0.4121 -11.6085 -7.1707 -0.0062 0.5079 -1.3957 -5.0895 -0.0515 -1.9505 -0.1635 0.0746 0.8580 2.6881 -0.0272 1.9726 -4.2595 -5.3425 -5.1586 7.5533 -8.1726 17.3400 2.5058 -3.6766 6.5988 -0.0000 0.0000 0.0000 -62.9631 6.7565 -8.1571 99.6403 -59.6459 -68.3388 -0.0000 0.0000 -24.4106 31.9184 14.3156 8.7557 -7.1250 0.0000 -0.0000 4.2314 46.6688 0.1746 -0.0000 0.0000 0.0000 60.6283 -0.3743 -8.6404 -121.8789 55.7881 -87.2176 0.0000 -0.0000 -3.3111 -47.2442 39.6191 -34.5940 7.1250 -0.0000 -0.0000 -5.7343 20.4553 -7.4053
10.7260 18.4349 -12.9032 3.6076 -6.6851 0.8387 0.0000 0.0000 0.0000 -21.2362 -2.7919 4.5554 0.1478 2.4775 6.8273 0.3561 5.0731 -14.2870 0.1880 -2.7922 -7.7007 0.0000 0.0000 0.0000 9.5116 15.8169 -0.3989 -0.3006 -3.5251 9.7444 0.4290 -11.8278 -7.2597 -0.0065 0.5224 -1.4354 -5.2202 -0.1482 -1.9080 -0.1661 -0.0465 1.0749 2.7541 -0.0988 2.1833 -3.9580 -5.1752 -5.4502 7.4589 -7.9491 17.2798 2.4371 -3.5508 6.6008 0.0000 0.0000 0.0000 -65.9350 6.4359 -5.3739 97.8230 -59.7675 -66.7696 -0.0000 0.0000 -28.5401 30.2414 15.7305 8.9815 -7.1250 0.0000 -0.0000 2.4845 48.0217 0.1853 0.0000 0.0000 0.0000 63.9587 -0.9205 -4.1250 -123.1742 55.4030 -88.2863 0.0000 -0.0000 -2.6992 -44.8404 40.3737 -32.7885 7.1250 -0.0000 -0.0000 -4.3068 20.0759 -5.5356
10.7242 18.4333 -12.9087 3.4824 -6.6250 0.5820 0.0000 0.0000 0.0000 -21.0742 -2.6612 4.5161 0.1684 2.6439 7.2890 0.3800 4.7837 -14.3929 0.1913 -2.8171 -7.7698 0.0000 0.0000 0.0000 9.7775 15.9212 0.0337 -0.2967 -3.5027 9.6815 0.4467 -12.0444 -7.3011 -0.0261 1.0438 -2.8694 -5.1266 0.0283 -1.7244 -0.2452 0.1750 1.0259 2.6277 0.0188 2.0103 -3.5790 -5.2979 -4.7340 7.6239 -8.1575 16.7082 2.4319 -3.6462 6.2983 0.0000 -0.0000 0.0000 -68.6461 7.1232 -1.3198 96.6519 -59.8321 -65.7575 -0.0000 0.0000 -34.4164 28.2500 18.0139 9.4343 -7.1250 0.0000 -0.0000 0.1989 50.2417 0.0257 0.0000 -0.0000 0.0000 67.3585 -2.2970 0.0265 -122.6417 55.5639 -87.8475 0.0000 -0.0000 -2.4048 -43.4840 40.2302 -31.4898 7.1250 -0.0000 -0.0000 -3.7089 19.3143 -4.7347
10.7240 18.4371 -12.9129 3.1518 -6.4472 0.5463 0.0000 0.0000 0.0000 -20.7013 -2.7807 4.1418 0.2050 2.9150 8.0422 0.4052 4.4865 -14.5170 0.2048 -2.9138 -8.0388 0.0000 0.0000 0.0000 10.1459 15.7885 0.2702 -0.2784 -3.3938 9.3770 0.4598 -12.1676 -7.1445 -0.0037 0.3948 -1.0848 -4.8291 -0.2148 -1.6807 -0.2905 -0.1412 1.6070 2.4022 -0.1584 2.6105 -2.6864 -5.2541 -6.7065 7.5148 -8.1679 16.7533 2.1956 -3.5524 6.6209 0.0000 -0.0000 0.0000 -70.6696 5.9386 1.0875 91.3658 -59.9930 -61.1828 -0.0000 0.0000 -40.7156 26.0940 21.5062 10.1790 -7.1250 0.0000 -0.0000 -2.7759 53.6484 -0.5907 0.0000 -0.0000 0.0000 69.9646 -2.1704 4.8505 -120.8222 56.0868 -86.3421 0.0000 -0.0000 -2.3235 -38.6529 39.8392 -27.1298 7.1250 -0.0000 -0.0000 -1.4945 16.8994 -1.8650
10.7237 18.4368 -12.9188 3.0488 -6.1608 0.4563 0.0000 0.0000 0.0000 -20.5628 -2.9085 4.0697 0.2200 3.0192 8.3322 0.4175 4.2967 -14.5461 0.1726 -2.6760 -7.3779 0.0000 0.0000 0.0000 10.3122 15.5663 0.3896 -0.2826 -3.4192 9.4481 0.4405 -12.0487 -7.6739 -0.0094 0.6246 -1.7163 -4.6222 -0.0677 -1.7812 -0.2280 0.0361 1.0008 2.3580 -0.0436 2.0270 -3.4601 -5.3045 -4.0048 8.2011 -8.2096 15.7729 2.6147 -3.6658 5.8989 0.0000 -0.0000 0.0000 -72.4089 6.7173 5.9773 84.5925 -59.8892 -55.3187 -0.0000 0.0000 -46.0361 24.1191 23.3253 10.0527 -7.1250 0.0000 -0.0000 -5.4167 55.1861 -1.3576 0.0000 -0.0000 0.0000 72.1243 -4.4691 9.0142 -117.8614 56.8534 -83.8738 0.0000 -0.0000 -2.9833 -35.0664 38.7236 -23.7065 7.1250 -0.0000 -0.0000 -0.0459 14.4312 -0.0558
10.7235 18.4399 -12.9260 3.2716 -5.9607 0.4490 0.0000 0.0000 0.0000 -20.7651 -2.9316 4.0414 0.2160 2.9920 8.2566 0.4073 4.2171 -14.3493 0.1481 -2.4796 -6.8330 0.0000 0.0000 0.0000 10.0429 15.5087 0.1840 -0.3030 -3.5394 9.7843 0.4317 -12.0052 -7.9339 -0.0034 0.3768 -1.0352 -4.9578 -0.1089 -2.1343 -0.2526 0.0168 1.1752 2.5202 -0.0698 2.4080 -3.5684 -5.2926 -4.2669 8.5967 -8.2281 15.5946 2.7489 -3.6514 5.9104 0.0000 -0.0000 0.0000 -74.2185 5.7735 9.4245 78.5532 -59.4991 -50.1034 -0.0000 0.0000 -49.0601 26.4741 25.7703 12.2171 -7.1250 0.0000 -0.0000 -3.7626 58.2799 -1.2234 0.0000 -0.0000 0.0000 73.9688 -4.4290 12.8435 -112.9017 57.9224 -79.6951 0.0000 -0.0000 -3.6414 -32.4850 37.8230 -21.3277 7.1250 -0.0000 -0.0000 1.0234 12.6383 1.2226
10.7302 18.4295 -12.9340 3.3649 -5.6295 0.3538 0.0000 0.0000 0.0000 -20.8942 -3.1143 3.9442 0.2345 3.1166 8.6036 0.4156 4.0801 -14.3657 0.1833 -2.7574 -7.6041 0.0000 0.0000 0.0000 9.8821 15.2500 0.2173 -0.2996 -3.5196 9.7288 0.4562 -12.2602 -7.8250 -0.0005 0.1510 -0.4150 -5.1585 -0.3972 -2.3827 -0.2666 -0.3370 1.4533 2.6010 -0.2657 2.8661 -3.8082 -5.2019 -5.7345 8.9439 -8.2080 16.5994 2.8591 -3.5643 6.5071 -0.0000 -0.0000 0.0000 -75.9326 4.7915 11.9242 72.1048 -58.7547 -44.5671 -0.0000 0.0000 -47.1146 24.2859 25.0902 10.8319 -7.1250 0.0000 -0.0000 -5.9041 57.0712 -1.7503 -0.0000 -0.0000 0.0000 75.3420 -3.8058 16.4204 -108.0796 58.7282 -75.5905 0.0000 -0.0000 -4.9681 -29.2609 38.4067 -19.1912 7.1250 -0.0000 -0.0000 2.8248 12.2374 3.3630
10.7388 18.4233 -12.9685 3.0999 -5.2307 0.4308 0.0000 0.0000 0.0000 -20.5942 -3.5202 3.4432 0.2774 3.3877 9.3601 0.4452 3.6800 -14.4937 0.1907 -2.8124 -7.7569 0.0000 0.0000 0.0000 10.1258 15.0006 0.2300 -0.2783 -3.3933 9.3757 0.4810 -12.4675 -7.4619 -0.0000 -0.0149 0.0410 -4.8734 -0.4495 -1.8907 -0.2940 -0.4540 1.1523 2.4117 -0.2997 2.2839 -4.1815 -5.1995 -5.6946 9.8988 -8.3327 16.6060 3.2181 -3.5786 6.5665 -0.0000 0.0000 0.0000 -77.1688 4.5036 14.8296 68.7566 -58.2242 -41.7124 -0.0000 0.0000 -45.8519 24.9134 21.8290 9.7987 -7.1250 0.0000 -0.0000 -4.0972 53.7625 -0.8839 -0.0000 0.0000 0.0000 77.1723 -4.0734 18.3247 -105.2859 59.0984 -73.1979 0.0000 -0.0000 -4.9421 -28.8445 38.7054 -19.0039 7.1250 -0.0000 -0.0000 3.1099 12.4176 3.7107
10.7346 18.4245 -13.0018 2.9490 -5.1411 0.5159 0.0000 0.0000 0.0000 -20.3485 -3.5219 2.9387 0.3029 3.5386 9.7821 0.4388 3.5673 -14.3332 0.2344 -3.1157 -8.6011 0.0000 0.0000 0.0000 10.3032 14.8008 0.0269 -0.2720 -3.3547 9.2680 0.4687 -12.3006 -7.3174 -0.0023 -0.3110 0.8544 -4.9124 -0.4249 -1.5397 -0.3426 -0.4424 1.0715 2.3865 -0.2862 2.0019 -3.7515 -5.3510 -6.8125 9.9096 -8.6617 17.3585 3.0936 -3.6518 7.0156 0.0000 -0.0000 0.0000 -77.6337 4.2932 17.2549 68.5403 -58.1863 -41.5285 -0.0000 0.0000 -45.3073 26.2377 21.3035 10.1522 -7.1250 0.0000 -0.0000 -2.5715 53.4585 -0.5352 0.0000 -0.0000 0.0000 79.2422 -4.0322 19.0025 -105.0983 59.1209 -73.0369 0.0000 -0.0000 -4.7398 -29.1403 38.0144 -18.9499 7.1250 -0.0000 -0.0000 2.7934 11.8039 3.3092
10.7431 18.4221 -13.0004 3.3373 -5.4895 0.1041 0.0000 0.0000 0.0000 -20.8825 -3.2471 3.4929 0.2809 3.4090 9.4196 0.4243 3.8969 -14.3568 0.2376 -3.1371 -8.6607 0.0000 0.0000 0.0000 9.8748 14.9918 0.1933 -0.2963 -3.5001 9.6744 0.4661 -12.2638 -7.2768 -0.0043 0.4233 -1.1630 -5.3128 -0.2210 -1.1901 -0.6949 -0.1782 1.0569 2.2576 -0.1515 1.7706 -3.4832 -5.6928 -6.9204 10.3355 -9.2580 17.3771 3.1281 -3.8836 7.0964 0.0000 0.0000 0.0000 -79.0455 4.3086 18.4838 70.7622 -58.5544 -43.4204 -0.0000 0.0000 -44.0504 33.5134 21.0228 13.3638 -7.1250 0.0000 -0.0000 5.2642 54.6503 1.2506 0.0000 0.0000 0.0000 81.9426 -3.8623 18.4631 -106.5189 58.9434 -74.2550 0.0000 -0.0000 -5.8755 -30.0446 38.8607 -19.9457 7.1250 -0.0000 -0.0000 2.5352 12.9318 3.0408
10.7504 18.4159 -12.9967 4.1238 -5.1730 -0.1705 0.0000 0.0000 0.0000 -21.7858 -3.3583 4.0569 0.2508 3.2223 8.8983 0.3997 4.0500 -14.1249 0.2197 -3.0172 -8.3266 0.0000 0.0000 0.0000 8.9457 14.1138 -0.0415 -0.3221 -3.6481 10.0887 0.4012 -11.5126 -7.3426 -0.0067 0.5272 -1.4487 -6.0944 -0.1580 -1.0052 -1.0940 -0.0675 1.4983 2.2855 -0.1219 2.1169 -3.4845 -5.9844 -7.8592 11.2749 -9.7594 16.6892 3.3555 -4.0397 7.1332 -0.0000 -0.0000 0.0000 -80.3770 3.9355 19.2632 76.0299 -59.2496 -47.9321 -0.0000 0.0000 -44.3495 27.0592 21.6397 10.6682 -7.1250 0.0000 -0.0000 -1.8009 53.9835 -0.3978 -0.0000 -0.0000 0.0000 84.6227 -2.8781 16.8552 -109.5940 58.4984 -76.8834 0.0000 -0.0000 -8.0011 -31.6186 40.5271 -21.8041 7.1250 -0.0000 -0.0000 2.1790 15.1041 2.6732
10.7456 18.4251 -13.0165 3.6229 -5.2670 0.0709 0.0000 0.0000 0.0000 -21.1703 -3.3932 3.6861 0.2599 3.2801 9.0596 0.4060 3.9785 -14.1623 0.2185 -3.0091 -8.3041 0.0000 0.0000 0.0000 9.5272 15.0188 0.1176 -0.3028 -3.5383 9.7812 0.4684 -12.3319 -7.4962 -0.0037 -0.3929 1.0797 -5.8077 -0.1956 -0.8855 -0.9699 -0.1455 1.2294 2.2523 -0.1432 1.7767 -4.6340 -6.0837 -6.9200 12.9795 -9.9507 15.7433 4.1053 -4.1437 6.8234 -0.0000 -0.0000 0.0000 -81.5394 4.1442 19.3026 79.8788 -59.6094 -51.2463 -0.0000 0.0000 -43.9708 24.9962 21.9855 9.9008 -7.1250 0.0000 -0.0000 -4.0583 53.9452 -0.8935 -0.0000 -0.0000 0.0000 86.8526 -2.2941 15.4145 -112.4093 58.0148 -79.2777 0.0000 -0.0000 -9.7108 -35.3514 36.8714 -23.0569 7.1250 -0.0000 -0.0000 -0.7047 12.6190 -0.8417
10.7465 18.4364 -13.0124 3.0107 -5.2898 0.4820 0.0000 0.0000 0.0000 -20.4990 -3.5818 3.0832 0.2864 3.4414 9.5103 0.4280 3.8174 -14.3539 0.2487 -3.2091 -8.8613 0.0000 0.0000 0.0000 10.1723 15.2297 0.2231 -0.2620 -3.2933 9.0963 0.5028 -12.7171 -7.4973 -0.0079 -0.5723 1.5725 -5.3015 -0.2483 -1.3115 -0.7731 -0.2149 0.8041 2.1702 -0.1601 1.5807 -4.9435 -5.8500 -5.2577 13.5031 -9.6503 15.3286 4.4020 -4.0650 6.4047 0.0000 -0.0000 0.0000 -82.4684 4.7379 19.6838 83.2766 -59.8285 -54.1807 -0.0000 0.0000 -43.1836 23.1383 21.8725 9.0454 -7.1250 0.0000 -0.0000 -5.9431 53.4667 -1.2409 0.0000 -0.0000 0.0000 88.6443 -2.0327 13.9396 -115.0792 57.4847 -81.5358 0.0000 -0.0000 -10.4576 -35.7822 36.9940 -23.4463 7.1250 -0.0000 -0.0000 -0.8932 12.8980 -1.0702
10.7490 18.4350 -13.0105 3.1358 -5.5423 0.7518 0.0000 0.0000 0.0000 -20.6846 -3.7805 2.9406 0.2847 3.4316 9.4827 0.4328 4.0475 -14.5765 0.1729 -2.6787 -7.3854 0.0000 0.0000 0.0000 9.9176 15.3917 0.0523 -0.2457 -3.1894 8.8064 0.5104 -12.7690 -7.3163 -0.0138 -0.7584 2.0844 -5.6111 -0.3178 -1.7125 -0.7397 -0.2733 0.8215 2.3743 -0.1995 1.8310 -4.8747 -6.0518 -6.7948 12.7547 -9.9562 16.6693 4.0815 -4.1496 7.0965 -0.0000 0.0000 0.0000 -82.8949 4.5014 19.8317 86.2490 -59.9468 -56.7521 -0.0000 0.0000 -42.0143 25.2517 20.6742 9.4543 -7.1250 0.0000 -0.0000 -3.4202 52.5949 -0.6399 -0.0000 0.0000 0.0000 89.8740 -0.5710 12.8133 -117.1811 57.0155 -83.3036 0.0000 -0.0000 -10.5162 -35.8219 35.8091 -22.8952 7.1250 -0.0000 -0.0000 -1.2346 11.6735 -1.4592
10.7522 18.4404 -13.0081 3.2069 -5.5341 0.7936 0.0000 0.0000 0.0000 -20.7887 -3.7650 3.1260 0.2609 3.2862 9.0766 0.4172 4.0777 -14.3855 0.1515 -2.5080 -6.9119 0.0000 0.0000 0.0000 9.7880 15.3230 -0.1051 -0.2534 -3.2389 8.9447 0.5038 -12.7033 -7.3554 -0.0051 -0.4619 1.2693 -5.8673 -0.3810 -1.9515 -0.6811 -0.3330 0.8695 2.5746 -0.2388 2.0225 -5.2741 -6.0961 -7.1511 12.8528 -10.0395 17.1571 4.1661 -4.1752 7.3512 -0.0000 -0.0000 0.0000 -83.2310 4.1987 20.1393 88.5536 -59.9921 -58.7474 -0.0000 0.0000 -40.4781 25.4720 19.9031 9.2116 -7.1250 0.0000 -0.0000 -2.9966 51.8083 -0.5028 -0.0000 -0.0000 0.0000 90.2183 0.6289 11.9751 -118.6152 56.6678 -84.5043 0.0000 -0.0000 -9.9516 -38.0241 36.7333 -25.0648 7.1250 -0.0000 -0.0000 -2.1182 13.4457 -2.5542
10.7530 18.4399 -13.0121 3.2816 -5.5972 1.0017 0.0000 0.0000 0.0000 -20.8700 -3.7985 2.9774 0.2519 3.2295 8.9182 0.4098 4.1367 -14.3259 0.1466 -2.4675 -6.7997 0.0000 0.0000 0.0000 9.6433 15.3183 -0.3188 -0.2484 -3.2073 8.8566 0.4898 -12.5484 -7.3619 -0.0097 -0.6357 1.7469 -6.1018 -0.3872 -2.1747 -0.7041 -0.3308 0.5472 2.6825 -0.2281 1.8167 -4.4592 -6.1302 -7.6352 11.6627 -10.1247 18.4815 3.6227 -4.1930 7.7749 -0.0000 0.0000 0.0000 -82.8899 4.6364 20.9654 90.4846 -59.9991 -60.4197 -0.0000 0.0000 -38.8307 26.2791 20.2832 9.7133 -7.1250 0.0000 -0.0000 -2.2677 52.3660 -0.4113 -0.0000 0.0000 0.0000 90.2542 0.9519 11.4328 -119.9462 56.3243 -85.6141 0.0000 -0.0000 -9.2355 -39.1432 36.7029 -25.9410 7.1250 -0.0000 -0.0000 -2.7000 13.8435 -3.2708
10.7498 18.4492 -13.0307 2.9110 -5.8618 1.2753 0.0000 0.0000 0.0000 -20.4132 -3.6466 2.7279 0.2369 3.1325 8.6480 0.3974 4.2626 -14.2448 0.1523 -2.5146 -6.9301 0.0000 0.0000 0.0000 10.0076 15.5860 -0.6656 -0.2479 -3.2035 8.8460 0.5012 -12.6137 -6.9780 -0.0004 -0.1259 0.3460 -5.8954 -0.2760 -2.3097 -0.6152 -0.1792 0.5754 2.6640 -0.1537 1.9069 -4.7338 -6.3073 -8.7365 11.7005 -10.4100 19.1908 3.6222 -4.2765 8.2558 -0.0000 -0.0000 0.0000 -82.2118 3.8717 21.6731 90.7650 -59.9978 -60.6625 -0.0000 0.0000 -36.5409 24.0736 19.7298 8.5768 -7.1250 0.0000 -0.0000 -4.3612 51.3737 -0.6858 -0.0000 -0.0000 0.0000 89.5834 1.8509 11.3885 -120.3225 56.2234 -85.9271 0.0000 -0.0000 -8.3158 -38.8231 36.7897 -25.7299 7.1250 -0.0000 -0.0000 -2.5108 13.8102 -3.0401
10.7441 18.4492 -13.0301 3.2220 -5.9675 0.8938 0.0000 0.0000 0.0000 -20.7449 -3.3736 3.2931 0.2173 3.0008 8.2811 0.3932 4.2041 -14.1444 0.1231 -2.2615 -6.2288 0.0000 0.0000 0.0000 9.8792 15.4954 -0.1930 -0.2443 -3.1804 8.7814 0.4751 -12.3489 -7.1757 -0.0033 -0.3725 1.0234 -6.3613 -0.2289 -2.0221 -0.6956 -0.1234 0.5791 2.8445 -0.1261 1.7458 -4.9587 -6.3836 -8.6194 11.7644 -10.5201 19.3702 3.6735 -4.3377 8.3198 0.0000 0.0000 0.0000 -80.9978 3.5127 22.8872 91.0883 -59.9955 -60.9425 -0.0000 0.0000 -35.1296 24.9277 19.6581 8.8864 -7.1250 0.0000 -0.0000 -3.4850 51.4478 -0.5540 0.0000 0.0000 0.0000 88.6049 2.4446 11.5734 -120.0550 56.2952 -85.7047 0.0000 -0.0000 -6.9352 -38.0650 37.2119 -25.3422 7.1250 -0.0000 -0.0000 -2.0003 13.9618 -2.4251
10.7523 18.4438 -13.0161 3.3455 -5.7881 0.8181 0.0000 0.0000 0.0000 -20.9204 -3.4787 3.6457 0.2000 2.8797 7.9440 0.3756 4.4236 -14.0569 0.1382 -2.3958 -6.6008 0.0000 0.0000 0.0000 9.6388 15.1987 -0.1833 -0.2453 -3.1869 8.7996 0.4750 -12.3157 -6.9812 -0.0014 -0.2424 0.6659 -6.3221 -0.2842 -2.1974 -0.8087 -0.1796 0.6476 2.7031 -0.1597 1.9201 -5.0378 -6.4560 -9.0560 11.6686 -10.6211 19.7032 3.6322 -4.3713 8.5212 0.0000 0.0000 0.0000 -80.0991 3.7174 23.8637 92.3858 -59.9785 -62.0660 -0.0000 0.0000 -32.2653 25.6869 19.5544 9.1454 -7.1250 0.0000 -0.0000 -2.6943 51.4715 -0.4297 0.0000 0.0000 0.0000 87.4202 2.8387 12.4508 -119.2534 56.5056 -85.0369 0.0000 -0.0000 -5.1206 -40.2160 37.2300 -27.0928 7.1250 -0.0000 -0.0000 -3.0869 14.8227 -3.7786
10.7678 18.4460 -13.0361 3.3037 -5.8697 1.0071 0.0000 0.0000 0.0000 -20.8958 -3.5871 3.2311 0.2116 2.9619 8.1727 0.3749 4.4798 -14.0898 0.1632 -2.6029 -7.1750 0.0000 0.0000 0.0000 9.5080 15.2137 -0.4091 -0.2316 -3.0974 8.5501 0.4746 -12.2727 -6.7373 -0.0022 -0.3000 0.8242 -6.1845 -0.4332 -2.4627 -0.8814 -0.3577 0.7099 2.5423 -0.2541 2.1489 -4.8833 -6.3332 -9.2637 11.7139 -10.4715 19.6142 3.6328 -4.2811 8.5103 0.0000 -0.0000 0.0000 -79.3069 3.1767 24.1108 91.4024 -59.9926 -61.2145 -0.0000 0.0000 -28.7622 24.7922 18.7126 8.4292 -7.1250 0.0000 -0.0000 -3.3912 50.4106 -0.4527 0.0000 -0.0000 0.0000 86.5272 3.8406 13.4308 -117.3950 56.9651 -83.4831 0.0000 -0.0000 -4.2625 -38.5440 37.4866 -25.8663 7.1250 -0.0000 -0.0000 -2.1628 14.4315 -2.6352
10.7764 18.4408 -13.0308 3.2830 -6.1761 0.7202 0.0000 0.0000 0.0000 -20.9420 -3.1766 3.5624 0.2038 2.9067 8.0191 0.3874 4.3620 -14.1784 0.1254 -2.2829 -6.2880 0.0000 0.0000 0.0000 9.6229 15.3954 -0.1395 -0.2370 -3.1332 8.6497 0.4752 -12.2924 -6.8177 -0.0015 -0.2480 0.6814 -6.0904 -0.1921 -2.8076 -0.7656 -0.0122 0.7966 2.6240 -0.0903 2.4016 -5.4643 -6.3574 -8.3769 11.8195 -10.4069 19.2906 3.7959 -4.3278 8.2659 -0.0000 0.0000 0.0000 -78.6211 2.4175 25.6555 89.3976 -59.9986 -59.4783 -0.0000 0.0000 -25.6111 24.5192 18.3969 8.1917 -7.1250 0.0000 -0.0000 -3.5876 50.0263 -0.4450 -0.0000 0.0000 0.0000 84.8645 4.1774 13.7512 -115.5228 57.3895 -81.9097 0.0000 -0.0000 -3.3525 -35.4048 37.1838 -23.2475 7.1250 -0.0000 -0.0000 -0.6470 12.9622 -0.7757
10.7676 18.4330 -13.0107 3.4605 -5.8664 0.1702 0.0000 0.0000 0.0000 -21.1268 -3.2099 4.4720 0.1893 2.8022 7.7286 0.3830 4.4454 -14.1783 0.1303 -2.3264 -6.4086 0.0000 0.0000 0.0000 9.6525 14.8620 0.4681 -0.2452 -3.1868 8.7992 0.4546 -12.1092 -7.1571 -0.0037 -0.3943 1.0834 -6.4635 -0.5496 -2.5810 -0.9959 -0.4840 0.8811 2.5723 -0.3311 2.4063 -4.5587 -6.0508 -8.7739 11.3825 -10.1082 19.9570 3.5267 -4.1248 8.4641 0.0000 -0.0000 0.0000 -77.3807 2.3860 26.0114 87.8014 -59.9817 -58.0961 -0.0000 0.0000 -22.6427 26.0074 18.4271 8.7672 -7.1250 0.0000 -0.0000 -2.1200 50.3086 -0.2775 0.0000 -0.0000 0.0000 84.2827 4.6640 15.5030 -113.0611 57.8919 -79.8301 0.0000 -0.0000 -2.2215 -33.5705 37.0926 -21.8140 7.1250 -0.0000 -0.0000 0.2743 12.2419 0.3262
10.7726 18.4305 -13.0205 3.4157 -5.6729 -0.1776 0.0000 0.0000 0.0000 -21.1040 -3.2662 4.9810 0.1796 2.7294 7.5262 0.3622 4.6121 -14.0091 0.1094 -2.1331 -5.8736 0.0000 0.0000 0.0000 9.8397 14.5786 0.6180 -0.2671 -3.3246 9.1837 0.4445 -12.0044 -7.2276 -0.0008 -0.1822 0.5006 -6.4357 -0.6339 -2.1537 -1.0063 -0.6339 0.8280 2.5433 -0.3961 2.1241 -4.4805 -6.0102 -8.8385 11.1695 -10.0781 20.4558 3.4480 -4.1057 8.6259 0.0000 0.0000 0.0000 -76.8070 1.7913 26.6057 85.9881 -59.9391 -56.5263 -0.0000 0.0000 -19.3565 25.2785 18.3954 8.4762 -7.1250 0.0000 -0.0000 -2.8368 50.1512 -0.3605 0.0000 0.0000 0.0000 83.2993 5.1234 16.6616 -110.7670 58.3060 -77.8825 0.0000 -0.0000 -1.5232 -32.3739 37.5283 -21.1162 7.1250 -0.0000 -0.0000 1.0048 12.3002 1.1960
10.7809 18.4272 -13.0335 3.3524 -5.7603 -0.3140 0.0000 0.0000 0.0000 -21.0595 -3.2197 4.9622 0.1905 2.8113 7.7537 0.3699 4.6094 -14.1173 0.1343 -2.3617 -6.5064 0.0000 0.0000 0.0000 9.8905 14.6064 0.5784 -0.2795 -3.4002 9.3949 0.4401 -11.9528 -7.2296 -0.0000 0.0311 -0.0854 -6.3776 -0.6015 -2.3448 -0.9523 -0.5702 1.0080 2.5663 -0.3760 2.4121 -4.1196 -5.8612 -9.2466 10.4879 -9.7855 20.6236 3.1805 -3.9825 8.6772 -0.0000 -0.0000 0.0000 -76.3723 0.5877 27.6959 83.9410 -59.8608 -54.7552 -0.0000 0.0000 -17.2112 25.2338 18.3545 8.4414 -7.1250 0.0000 -0.0000 -2.8721 50.0998 -0.3613 -0.0000 -0.0000 0.0000 82.3399 6.0280 17.7769 -108.2681 58.7007 -75.7516 0.0000 -0.0000 -0.6809 -30.5483 36.7952 -19.4682 7.1250 -0.0000 -0.0000 1.7723 10.9777 2.0782
10.7897 18.4318 -13.0359 3.2164 -5.8818 -0.2964 0.0000 0.0000 0.0000 -20.9510 -3.2014 4.7734 0.2055 2.9192 8.0538 0.3821 4.6129 -14.2916 0.1793 -2.7273 -7.5205 0.0000 0.0000 0.0000 10.0443 14.8560 0.5146 -0.2957 -3.4965 9.6642 0.4270 -11.8776 -7.6090 -0.0000 -0.0154 0.0424 -6.1843 -0.5356 -2.7992 -0.8225 -0.4782 0.5025 2.5964 -0.3098 2.1351 -4.6903 -5.8853 -7.4062 10.4222 -9.7399 20.6064 3.3106 -4.0779 8.3471 0.0000 0.0000 0.0000 -76.4394 1.0700 29.1509 83.1909 -59.8241 -54.1067 -0.0000 0.0000 -15.3014 25.5565 18.3379 8.5558 -7.1250 0.0000 -0.0000 -2.5489 50.1359 -0.3229 0.0000 0.0000 0.0000 81.2850 5.2891 19.3513 -106.6973 58.9199 -74.4078 0.0000 0.0000 0.7385 -30.2605 36.1788 -19.0038 7.1250 -0.0000 -0.0000 1.7787 10.2572 2.0680
10.8098 18.4283 -13.0481 3.8679 -6.2286 -0.2009 0.0000 0.0000 0.0000 -21.7163 -2.9579 4.5320 0.1960 2.8508 7.8637 0.3673 4.7808 -14.2130 0.1845 -2.7662 -7.6286 0.0000 0.0000 0.0000 9.1000 14.6220 -0.3990 -0.3365 -3.7276 10.3115 0.3642 -11.0812 -7.4481 -0.0022 0.3030 -0.8326 -6.5005 -0.3660 -2.9009 -1.1096 -0.2323 0.3942 2.4882 -0.1849 2.0586 -4.9554 -5.6451 -6.3547 10.9895 -9.3977 19.6552 3.6039 -3.9517 7.8464 -0.0000 -0.0000 0.0000 -76.2903 -0.1231 30.9458 81.4689 -59.7232 -52.6188 -0.0000 0.0000 -11.4334 27.1219 18.1904 9.0846 -7.1250 0.0000 -0.0000 -0.9615 50.2411 -0.1242 -0.0000 -0.0000 0.0000 80.8323 5.8256 21.1291 -105.5357 59.0681 -73.4122 0.0000 0.0000 2.7128 -30.3019 34.9472 -18.5083 7.1250 -0.0000 -0.0000 1.4764 8.9961 1.6896
10.8122 18.4215 -13.0626 4.3325 -5.8457 -0.1181 0.0000 0.0000 0.0000 -22.2668 -3.4472 4.4238 0.1963 2.8529 7.8694 0.3519 4.9036 -14.0907 0.1588 -2.5672 -7.0760 0.0000 0.0000 0.0000 8.4030 13.8266 -1.1006 -0.3591 -3.8497 10.6543 0.3261 -10.5532 -7.2844 -0.0006 0.1585 -0.4355 -6.9025 -0.4745 -3.1632 -1.2369 -0.3328 0.4744 2.5744 -0.2481 2.3009 -5.1918 -5.7800 -6.7018 11.1073 -9.6060 19.9581 3.6545 -4.0361 8.0472 0.0000 -0.0000 0.0000 -76.3446 -1.1801 33.1144 80.6503 -59.6671 -51.9119 -0.0000 0.0000 -7.2781 28.2457 17.3371 9.0952 -7.1250 0.0000 -0.0000 0.3061 49.4923 0.0339 0.0000 -0.0000 0.0000 80.7578 7.1368 23.2700 -104.4745 59.1934 -72.5014 0.0000 0.0000 4.4136 -29.0294 34.5481 -17.4703 7.1250 -0.0000 -0.0000 2.0742 8.2164 2.3508
10.8150 18.4189 -13.0627 3.7107 -6.2378 -0.4589 0.0000 0.0000 0.0000 -21.5449 -2.9599 4.7182 0.2024 2.8967 7.9914 0.3683 4.8214 -14.2591 0.1662 -2.6267 -7.2412 0.0000 0.0000 0.0000 9.3161 14.7107 -0.3300 -0.3571 -3.8388 10.6237 0.3623 -11.1009 -7.6251 -0.0001 -0.0503 0.1381 -6.2476 -0.2802 -3.4868 -1.0719 -0.0665 0.7275 2.3920 -0.1249 2.7177 -4.5688 -5.8396 -7.3900 10.5278 -9.6869 20.3587 3.3303 -4.0412 8.2562 0.0000 -0.0000 0.0000 -75.8686 -2.4854 36.2525 79.9007 -59.6111 -51.2651 -0.0000 0.0000 -3.8815 30.4036 17.0084 9.7394 -7.1250 0.0000 -0.0000 2.5011 49.4912 0.2771 0.0000 -0.0000 0.0000 81.1832 7.9882 25.9840 -105.0349 59.1284 -72.9825 0.0000 0.0000 6.2388 -28.0497 33.9653 -16.5774 7.1250 -0.0000 -0.0000 2.4852 7.3427 2.7849
10.8298 18.4254 -13.0591 3.7026 -6.5305 -0.3487 0.0000 0.0000 0.0000 -21.6099 -2.7689 4.5022 0.2037 2.9058 8.0166 0.3670 4.8464 -14.2594 0.1709 -2.6632 -7.3425 0.0000 0.0000 0.0000 9.2298 15.0087 -0.3644 -0.3439 -3.7684 10.4261 0.3627 -11.0741 -7.4981 -0.0048 -0.4463 1.2262 -6.1836 -0.1872 -4.1619 -0.8407 0.0920 0.5303 2.6055 -0.0473 2.8791 -4.5341 -5.3011 -6.0545 9.9670 -8.7447 19.5164 3.2653 -3.7081 7.6210 0.0000 -0.0000 0.0000 -77.1434 -2.4573 39.9494 80.6999 -59.6706 -51.9548 -0.0000 -0.0000 1.0454 30.1902 17.3975 9.8680 -7.1250 0.0000 -0.0000 2.2387 49.8922 0.2701 0.0000 -0.0000 0.0000 81.0776 9.0685 29.7846 -104.9946 59.1332 -72.9479 0.0000 0.0000 8.0577 -26.6034 33.0698 -15.2850 7.1250 -0.0000 -0.0000 3.1052 6.0366 3.4193
10.8363 18.4182 -13.0656 3.5079 -6.4465 -0.9490 0.0000 0.0000 0.0000 -21.4727 -2.6653 5.1042 0.2123 2.9661 8.1844 0.3873 4.6953 -14.4268 0.1041 -2.0808 -5.7289 0.0000 0.0000 0.0000 9.5597 14.6071 0.2904 -0.3342 -3.7153 10.2771 0.3539 -10.9386 -7.3949 -0.0001 0.0562 -0.1545 -5.9268 -0.4337 -3.5890 -0.6894 -0.2834 0.8341 2.5945 -0.2380 2.9044 -4.7045 -5.4457 -7.4103 9.6580 -8.9974 21.0969 3.1400 -3.7824 8.4106 -0.0000 -0.0000 0.0000 -77.8860 -4.2060 43.2970 79.8968 -59.6108 -51.2618 -0.0000 -0.0000 5.7571 30.9683 15.1389 8.9072 -7.1250 0.0000 -0.0000 3.2502 47.4652 0.1979 -0.0000 -0.0000 0.0000 81.5493 10.9377 35.2626 -105.8593 59.0280 -73.6897 0.0000 0.0000 9.7559 -25.4297 33.7721 -14.8052 7.1250 -0.0000 -0.0000 3.8817 6.4646 4.3035
10.8403 18.4201 -13.0781 3.4153 -6.5838 -1.0557 0.0000 0.0000 0.0000 -21.3571 -2.6058 4.9845 0.2274 3.0692 8.4714 0.3898 4.7517 -14.5049 0.1698 -2.6542 -7.3175 0.0000 0.0000 0.0000 9.7556 14.8176 0.5520 -0.3262 -3.6708 10.1524 0.3854 -11.2825 -7.1732 -0.0040 0.4076 -1.1199 -5.7562 -0.3874 -4.0279 -0.6638 -0.1910 1.0461 2.5291 -0.2056 3.3629 -3.8215 -5.0628 -7.8434 9.3321 -8.5347 21.2746 2.9225 -3.5052 8.4607 -0.0000 -0.0000 0.0000 -78.1826 -5.5714 48.5715 80.6312 -59.6657 -51.8955 -0.0000 -0.0000 9.3189 29.7029 13.7990 7.7483 -7.1250 0.0000 -0.0000 2.1523 45.7574 0.0403 -0.0000 -0.0000 0.0000 81.5667 13.2013 41.0480 -107.2086 58.8509 -74.8456 0.0000 0.0000 11.4244 -24.4996 35.2357 -14.7309 7.1250 -0.0000 -0.0000 4.6580 7.7290 5.2584
10.8487 18.4165 -13.0928 3.3711 -6.7092 -1.0375 0.0000 0.0000 0.0000 -21.3417 -2.5857 4.7889 0.2385 3.1430 8.6770 0.3898 4.8533 -14.5834 0.2181 -3.0066 -8.2970 0.0000 0.0000 0.0000 9.7619 15.1142 0.5611 -0.3224 -3.6496 10.0928 0.3765 -11.2062 -7.3266 -0.0013 0.2334 -0.6413 -5.5723 -0.3086 -4.1677 -0.5533 -0.0989 0.7965 2.5474 -0.1474 3.1738 -3.5847 -4.7313 -7.0897 9.3718 -8.1428 21.4604 2.9575 -3.3164 8.3455 0.0000 0.0000 0.0000 -78.6116 -6.1143 54.3608 82.5070 -59.7868 -53.5155 -0.0000 -0.0000 13.4698 29.0758 11.3533 6.2468 -7.1250 0.0000 -0.0000 1.7615 42.9116 -0.0908 0.0000 0.0000 0.0000 81.4800 14.1279 47.2756 -109.2698 58.5494 -76.6068 0.0000 0.0000 12.9482 -24.0574 40.0055 -16.0131 7.1250 -0.0000 -0.0000 5.8424 12.4120 6.9938
10.8558 18.4165 -13.0911 3.2295 -6.8142 -1.3217 0.0000 0.0000 0.0000 -21.2350 -2.4501 4.9571 0.2545 3.2458 8.9639 0.4206 4.6553 -14.8506 0.1616 -2.5904 -7.1404 0.0000 0.0000 0.0000 9.9919 14.9426 1.0236 -0.3073 -3.5641 9.8533 0.3604 -10.9915 -7.2734 -0.0006 0.1532 -0.4209 -5.5324 -0.2377 -3.8626 -0.4940 -0.0375 0.5573 2.5911 -0.1011 2.7484 -2.5470 -4.4236 -5.5099 9.0554 -7.7586 21.0823 2.7481 -3.1415 7.8482 -0.0000 -0.0000 0.0000 -78.7420 -6.7732 60.6650 83.9809 -59.8627 -54.7897 -0.0000 -0.0000 17.8947 29.2385 8.4243 4.6881 -7.1250 0.0000 -0.0000 2.0634 39.6044 -0.2745 -0.0000 -0.0000 0.0000 80.2864 16.2917 54.2982 -111.3414 58.2071 -78.3710 0.0000 0.0000 14.2263 -20.9926 41.8863 -14.3696 7.1250 -0.0000 -0.0000 7.7695 13.5168 9.4461
10.8646 18.4138 -13.0794 3.0597 -6.8766 -1.2920 0.0000 0.0000 0.0000 -21.1101 -2.5116 4.7271 0.2827 3.4198 9.4499 0.4499 4.5585 -15.1677 0.1477 -2.4762 -6.8237 0.0000 0.0000 0.0000 10.1349 14.8842 1.2670 -0.2804 -3.4057 9.4103 0.3709 -11.0614 -6.9911 -0.0009 0.1900 -0.5219 -5.1812 -0.3913 -4.3123 -0.5036 -0.2336 0.4640 2.3710 -0.1956 2.9196 -1.7675 -3.7672 -4.3759 9.3328 -6.9600 20.7692 2.8013 -2.7228 7.4706 0.0000 0.0000 0.0000 -77.6354 -11.6568 65.8135 81.8603 -59.7482 -52.9568 -0.0000 -0.0000 18.8178 29.3667 5.5962 3.1409 -7.1250 0.0000 -0.0000 2.2463 36.3868 -0.4761 0.0000 0.0000 0.0000 79.6649 18.4082 60.8290 -113.2220 57.8610 -79.9664 0.0000 0.0000 18.2767 -21.9746 44.5048 -15.7935 7.1250 -0.0000 -0.0000 7.8646 16.3079 9.8339
10.8676 18.4120 -13.0879 2.5613 -7.0619 -1.1835 0.0000 0.0000 0.0000 -20.5528 -2.5727 4.4103 0.3069 3.5615 9.8461 0.4607 4.5832 -15.3250 0.1452 -2.4555 -6.7664 0.0000 0.0000 0.0000 10.7093 14.9977 1.3186 -0.2603 -3.2821 9.0651 0.3958 -11.2834 -6.5068 -0.0005 -0.1431 0.3932 -4.6111 -0.3336 -4.1352 -0.3584 -0.2151 -0.0115 2.2043 -0.1578 2.3244 -1.2772 -3.4210 -2.5310 9.6282 -6.4597 19.7716 2.8818 -2.5128 6.7788 0.0000 0.0000 0.0000 -78.2329 -11.7421 69.2659 84.8447 -59.8993 -55.5368 -0.0000 -0.0000 24.2012 27.7817 0.6291 0.3314 -7.1250 0.0000 -0.0000 0.9648 30.6899 -0.3373 0.0000 0.0000 0.0000 78.4608 20.0084 65.5388 -115.9623 57.2932 -82.2797 0.0000 0.0000 20.6553 -22.0594 48.7440 -16.9429 7.1250 -0.0000 -0.0000 8.8767 20.4045 11.5214
10.8753 18.4086 -13.0643 2.8659 -6.8861 -1.2081 0.0000 0.0000 0.0000 -20.8976 -2.4179 4.3428 0.3158 3.6127 9.9894 0.4779 4.2305 -15.2970 0.1549 -2.5358 -6.9889 0.0000 0.0000 0.0000 10.3185 14.7326 1.4047 -0.2584 -3.2707 9.0333 0.3906 -11.2546 -6.7116 -0.0001 0.0746 -0.2049 -4.6623 -0.2078 -4.9016 -0.4375 0.0045 0.1235 2.1652 -0.0628 2.8786 -1.4998 -3.2834 -1.6791 10.5088 -6.3381 19.2194 3.2257 -2.4499 6.4752 0.0000 -0.0000 0.0000 -78.3247 -14.8991 72.0497 85.5473 -59.9250 -56.1448 -0.0000 -0.0000 28.7814 28.4093 -2.7395 -1.4809 -7.1250 0.0000 -0.0000 1.3847 26.8653 -0.6097 0.0000 -0.0000 0.0000 76.7546 21.1886 67.5485 -119.9559 56.3217 -85.6222 0.0000 0.0000 20.1298 -17.9018 51.4841 -14.1842 7.1250 -0.0000 -0.0000 11.3765 22.0343 15.0353
10.8817 18.4122 -13.0503 3.0721 -6.7650 -1.1905 0.0000 0.0000 0.0000 -21.1515 -2.4301 4.5122 0.2979 3.5093 9.6999 0.4629 4.2530 -15.1192 0.1421 -2.4295 -6.6943 0.0000 0.0000 0.0000 10.0340 14.6032 1.2569 -0.2732 -3.3624 9.2893 0.3837 -11.2054 -6.9044 -0.0004 0.1330 -0.3653 -5.2903 -0.4125 -4.8427 -0.2317 -0.2521 -0.1987 2.7123 -0.1864 2.5351 -1.4560 -3.1926 -0.7278 10.7573 -6.2335 19.0929 3.3218 -2.4160 6.2660 -0.0000 0.0000 0.0000 -78.0717 -15.3705 72.2319 89.0217 -59.9964 -59.1528 -0.0000 -0.0000 32.7511 30.1378 -2.7730 -1.6089 -7.1250 0.0000 -0.0000 2.7025 26.7720 -1.1967 -0.0000 0.0000 0.0000 75.4414 21.4526 68.4805 -123.7148 55.2359 -88.7308 0.0000 0.0000 21.6547 -20.0059 49.8885 -15.5599 7.1250 -0.0000 -0.0000 10.0720 20.9989 13.1678
10.8806 18.4074 -13.0359 3.1442 -6.6783 -1.3008 0.0000 0.0000 0.0000 -21.2313 -2.3695 4.6819 0.2950 3.4925 9.6530 0.4688 4.1743 -15.1407 0.1527 -2.5176 -6.9386 0.0000 0.0000 0.0000 9.9581 14.4526 1.3433 -0.2741 -3.3673 9.3031 0.3619 -10.9693 -7.0918 -0.0031 -0.3585 0.9851 -5.1436 -0.3590 -5.8518 -0.4704 -0.0996 0.3889 2.3920 -0.1459 3.6981 -1.0669 -3.6301 0.2948 11.3766 -6.7615 17.4774 3.4311 -2.7027 5.6241 -0.0000 0.0000 0.0000 -77.2209 -16.6017 70.7286 92.7880 -59.9706 -62.4142 -0.0000 -0.0000 31.2279 28.7050 -2.7366 -1.4976 -7.1250 0.0000 -0.0000 1.6107 26.8597 -0.7095 -0.0000 0.0000 0.0000 74.5354 21.9407 66.1467 -126.9034 54.1705 -91.3336 0.0000 0.0000 20.6278 -21.7296 48.7966 -16.6917 7.1250 -0.0000 -0.0000 9.0358 20.3733 11.7290
10.8745 18.4089 -13.0259 2.9732 -6.7017 -1.3804 0.0000 0.0000 0.0000 -21.0326 -2.2681 4.7545 0.2992 3.5170 9.7217 0.4710 4.1591 -15.1591 0.1607 -2.5832 -7.1203 0.0000 0.0000 0.0000 10.1752 14.3960 1.4805 -0.2752 -3.3745 9.3231 0.3503 -10.8366 -7.1626 -0.0011 -0.2098 0.5763 -5.3202 -0.4520 -5.6371 -0.3113 -0.2435 0.0045 2.6448 -0.2024 3.1911 -1.3616 -4.0283 1.6768 11.8545 -7.3430 17.4259 3.6346 -3.0300 5.4349 0.0000 0.0000 0.0000 -76.4675 -15.3806 67.2792 97.3487 -59.7950 -66.3597 -0.0000 -0.0000 29.0927 26.6539 -1.2074 -0.6060 -7.1250 0.0000 -0.0000 0.0642 28.6288 -0.0256 0.0000 0.0000 0.0000 73.3379 20.6872 63.0689 -129.7683 53.0885 -93.6407 0.0000 0.0000 18.7698 -11.5992 47.7536 -8.6396 7.1250 -0.0000 -0.0000 13.3220 17.2601 17.0557
10.8709 18.4074 -13.0196 2.9031 -6.8519 -1.6669 0.0000 0.0000 0.0000 -20.9651 -2.1089 5.2263 0.2839 3.4269 9.4696 0.4711 4.1984 -15.1872 0.1348 -2.3662 -6.5189 0.0000 0.0000 0.0000 10.3746 14.5793 1.6163 -0.3007 -3.5259 9.7465 0.3469 -10.8155 -7.2535 -0.0022 -0.3035 0.8339 -5.4703 -0.4737 -5.9894 -0.1947 -0.2374 0.1846 2.8494 -0.2162 3.5774 -2.5902 -4.8078 2.5034 12.7368 -8.4893 17.1830 4.0863 -3.6589 5.3802 0.0000 0.0000 0.0000 -75.3624 -14.6754 62.7310 101.4049 -59.5028 -69.8604 -0.0000 -0.0000 26.0573 24.7892 1.9482 0.8995 -7.1250 0.0000 -0.0000 -1.4443 32.1233 0.4553 0.0000 0.0000 0.0000 72.3655 19.2501 58.5718 -131.0665 52.5562 -94.6751 0.0000 0.0000 19.5189 -13.7523 45.4514 -9.8938 7.1250 -0.0000 -0.0000 11.9316 15.4458 14.9543
10.8669 18.3996 -13.0159 2.7620 -6.8235 -1.9606 0.0000 0.0000 0.0000 -20.8179 -1.9826 5.5579 0.2862 3.4405 9.5076 0.4833 4.1153 -15.2873 0.1592 -2.5711 -7.0868 0.0000 0.0000 0.0000 10.6311 14.5723 1.8798 -0.3095 -3.5767 9.8888 0.3597 -10.9523 -7.1438 -0.0004 -0.1224 0.3362 -5.3831 -0.5468 -5.7621 -0.1566 -0.3534 0.2879 2.8299 -0.2743 3.5669 -3.0685 -5.5282 3.0636 13.1653 -9.4882 16.7399 4.2674 -4.1946 5.2715 0.0000 -0.0000 0.0000 -74.1170 -13.8176 56.9126 104.5304 -59.1870 -72.5493 -0.0000 -0.0000 23.4606 23.3282 6.0113 2.5859 -7.1250 0.0000 -0.0000 -2.8653 36.5089 0.5989 0.0000 -0.0000 0.0000 71.4472 17.8038 52.9094 -132.0566 52.1316 -95.4590 0.0000 0.0000 19.4218 -12.9142 41.5914 -8.6544 7.1250 -0.0000 -0.0000 11.7213 11.5688 14.1001
10.8572 18.4069 -13.0120 2.3805 -7.0248 -2.1337 0.0000 0.0000 0.0000 -20.3708 -1.9776 5.7896 0.2891 3.4579 9.5564 0.4890 4.3067 -15.4909 0.1824 -2.7508 -7.5856 0.0000 0.0000 0.0000 11.1591 14.4903 1.9578 -0.3184 -3.6274 10.0308 0.3339 -10.6244 -7.1639 -0.0003 -0.1193 0.3277 -5.2052 -0.0635 -6.1354 -0.3072 0.3037 0.2008 2.6330 0.0567 3.6288 -3.0906 -6.8937 4.7688 13.8734 -11.3709 16.0379 4.4663 -5.1827 4.9781 -0.0000 0.0000 0.0000 -72.1392 -12.9410 52.2657 106.6087 -58.9316 -74.3319 -0.0000 -0.0000 22.6188 22.9409 8.1592 3.4376 -7.1250 0.0000 -0.0000 -3.3907 38.8082 0.5179 -0.0000 0.0000 0.0000 71.3933 14.9827 45.4203 -131.8851 52.2063 -95.3235 0.0000 0.0000 20.5746 -11.7233 39.4927 -7.5182 7.1250 -0.0000 -0.0000 12.0417 9.3299 14.1247
10.9036 18.3969 -13.0204 3.1940 -6.6531 -2.2419 0.0000 0.0000 0.0000 -21.4590 -2.2360 6.0251 0.2744 3.3694 9.3088 0.4674 4.5075 -15.3576 0.1842 -2.7645 -7.6238 0.0000 0.0000 0.0000 9.8340 12.6413 0.9796 -0.3521 -3.8126 10.5501 0.2227 -8.9513 -6.7718 -0.0039 0.4009 -1.1016 -5.7777 -1.0477 -5.8977 0.0708 -0.9844 0.5369 3.2272 -0.6136 3.9713 -5.5967 -7.2313 3.2195 13.8196 -11.9670 16.8844 4.7538 -5.5246 5.6960 0.0000 -0.0000 0.0000 -71.6505 -11.7420 42.8825 107.1217 -58.8628 -74.7712 -0.0000 -0.0000 22.8282 22.0784 9.2848 3.7443 -7.1250 0.0000 -0.0000 -4.2670 39.9499 0.5323 0.0000 -0.0000 0.0000 69.7494 14.9180 40.6084 -130.3419 52.8567 -94.0987 0.0000 0.0000 20.9137 -12.2421 37.5358 -7.5306 7.1250 -0.0000 -0.0000 11.5417 7.5119 13.2058
10.8780 18.3916 -13.0147 3.1798 -6.9369 -2.4007 0.0000 0.0000 0.0000 -21.3666 -1.9577 6.2521 0.2607 3.2846 9.0721 0.4514 4.6302 -15.2387 0.1889 -2.7992 -7.7203 0.0000 0.0000 0.0000 10.1033 13.7167 1.1745 -0.3918 -4.0190 11.1301 0.2636 -9.6837 -7.2102 -0.0025 0.3239 -0.8899 -6.0784 -1.2873 -5.6701 0.1208 -1.3043 0.4028 3.4225 -0.7699 3.7439 -6.3420 -7.9572 2.9709 13.9418 -13.1321 17.7839 4.8212 -6.0908 6.2067 0.0000 0.0000 0.0000 -70.0112 -9.8298 35.3961 106.2336 -58.9805 -74.0106 -0.0000 -0.0000 22.8739 21.9364 7.8024 3.1295 -7.1250 0.0000 -0.0000 -4.2156 38.3514 0.6917 0.0000 0.0000 0.0000 70.3772 13.5706 35.2866 -126.9661 54.1482 -91.3845 0.0000 0.0000 22.4248 -11.1337 35.3058 -6.4890 7.1250 -0.0000 -0.0000 11.8988 5.1603 13.1975
10.8835 18.3860 -13.0155 3.2221 -7.2216 -2.7355 0.0000 0.0000 0.0000 -21.4251 -1.6455 6.5284 0.2605 3.2839 9.0702 0.4511 4.7892 -15.3518 0.1744 -2.6900 -7.4170 0.0000 0.0000 0.0000 10.0613 13.3663 1.0083 -0.4240 -4.1792 11.5814 0.2270 -9.1010 -7.0438 -0.0123 0.7155 -1.9662 -5.9958 -1.2617 -5.5087 0.1579 -1.2790 0.7009 3.4165 -0.7690 3.9600 -7.1940 -9.0313 2.3593 14.0263 -14.6831 18.1571 4.8241 -6.8480 6.6826 -0.0000 -0.0000 0.0000 -68.7656 -9.3737 28.3787 102.7240 -59.3793 -70.9963 -0.0000 -0.0000 23.6070 22.3899 6.9249 2.8435 -7.1250 0.0000 -0.0000 -3.7383 37.4398 0.6967 -0.0000 -0.0000 0.0000 70.0500 13.1690 29.2287 -122.4491 55.6212 -87.6886 0.0000 0.0000 23.9826 -11.0833 32.9643 -6.0840 7.1250 -0.0000 -0.0000 11.7216 2.8636 12.5529
10.8945 18.3805 -13.0352 3.2802 -7.7280 -2.9494 0.0000 0.0000 0.0000 -21.4985 -1.2452 6.4009 0.2800 3.4036 9.4044 0.4635 4.7802 -15.5055 0.1745 -2.6911 -7.4200 0.0000 0.0000 0.0000 10.0704 13.7627 0.9640 -0.4491 -4.2995 11.9207 0.2305 -9.0847 -6.8199 -0.0382 1.2623 -3.4710 -6.0088 -1.2752 -5.4383 0.2035 -1.2934 0.9945 3.4680 -0.7915 4.2300 -7.5254 -9.6934 1.8093 14.1002 -15.6044 18.1286 4.7818 -7.2830 6.9152 -0.0000 0.0000 0.0000 -67.7189 -9.3236 22.7448 98.3784 -59.7331 -67.2494 -0.0000 -0.0000 23.7181 21.0585 11.8269 4.5121 -7.1250 0.0000 -0.0000 -5.5379 42.5603 0.3345 -0.0000 0.0000 0.0000 69.9419 13.0971 24.2503 -118.2034 56.7700 -84.1600 0.0000 0.0000 22.9739 -7.3101 29.9958 -3.6695 7.1250 -0.0000 -0.0000 13.6659 -0.5209 13.9448
10.9080 18.3832 -13.0606 2.7601 -8.5113 -3.1582 0.0000 0.0000 0.0000 -20.9375 -0.7809 6.0427 0.3293 3.6881 10.2009 0.5036 4.7304 -15.9729 0.2060 -2.9221 -8.0619 0.0000 0.0000 0.0000 10.7168 14.2528 1.0343 -0.4625 -4.3624 12.0985 0.1996 -8.6728 -7.0100 -0.0337 1.1850 -3.2580 -5.4406 -1.1121 -5.4029 0.4342 -1.1319 0.8021 3.4065 -0.6899 3.9833 -7.8638 -10.1052 3.0871 13.9944 -16.1771 17.8993 4.8218 -7.6576 6.7096 0.0000 -0.0000 0.0000 -66.8401 -9.7729 18.4034 90.2454 -59.9998 -60.2125 -0.0000 -0.0000 24.0376 20.5157 14.6086 5.3915 -7.1250 0.0000 -0.0000 -6.5591 45.4286 -0.0697 0.0000 -0.0000 0.0000 70.8316 12.6751 20.2947 -113.6750 57.7724 -80.3498 0.0000 0.0000 24.1108 -6.0724 28.2578 -2.8833 7.1250 -0.0000 -0.0000 14.3227 -2.3400 14.1818
10.9269 18.3811 -13.1003 2.7450 -8.9191 -3.2537 0.0000 0.0000 0.0000 -20.9404 -0.6240 5.6275 0.3674 3.8934 10.7770 0.5414 4.5692 -16.3209 0.1412 -2.4218 -6.6728 0.0000 0.0000 0.0000 10.7240 14.5876 0.7189 -0.4968 -4.5188 12.5410 0.1958 -8.5094 -6.7011 -0.0469 1.3976 -3.8434 -5.3591 -1.1260 -5.2192 0.5432 -1.1694 0.8736 3.4727 -0.7089 3.9584 -8.0061 -10.3337 2.1043 13.9591 -16.5851 18.7217 4.7289 -7.7892 7.2085 -0.0000 -0.0000 0.0000 -67.7063 -9.3844 15.6268 86.7907 -59.9610 -57.2210 -0.0000 -0.0000 25.4385 18.9763 17.8904 6.0300 -7.1250 0.0000 -0.0000 -8.8249 48.6263 -0.7950 -0.0000 -0.0000 0.0000 72.0868 13.6446 18.0728 -109.6306 58.4926 -76.9146 0.0000 0.0000 24.6896 -5.5306 26.4017 -2.4654 7.1250 -0.0000 -0.0000 14.6093 -4.1898 13.9737
10.9620 18.3630 -13.1338 3.1369 -9.0734 -3.8837 0.0000 0.0000 0.0000 -21.4557 -0.1855 5.8191 0.3877 3.9984 11.0722 0.5347 4.6026 -16.2626 0.1810 -2.7405 -7.5572 0.0000 0.0000 0.0000 10.2492 14.2982 0.5613 -0.5616 -4.8001 13.3392 0.1593 -7.9331 -6.7657 -0.0296 1.1104 -3.0525 -5.5483 -0.9505 -4.7217 0.6267 -0.9469 1.2472 3.6892 -0.6148 4.0497 -8.2075 -10.6219 0.8106 13.8943 -17.0142 19.3485 4.6098 -7.9216 7.7107 0.0000 0.0000 0.0000 -69.0814 -11.0745 15.2890 82.9601 -59.8119 -53.9071 -0.0000 -0.0000 26.3705 16.1930 21.2535 6.0092 -7.1250 0.0000 -0.0000 -12.6606 51.5917 -2.0833 0.0000 0.0000 0.0000 73.5097 14.9020 16.9718 -107.8433 58.7621 -75.3885 0.0000 0.0000 24.9558 -4.3986 25.6435 -1.9066 7.1250 -0.0000 -0.0000 15.2760 -5.0225 14.4132
11.0108 18.3522 -13.1874 3.5530 -9.3062 -4.0913 0.0000 0.0000 0.0000 -22.0751 -0.2280 5.3133 0.4427 4.2690 11.8348 0.5586 4.6284 -16.5670 0.1937 -2.8339 -7.8167 0.0000 0.0000 0.0000 9.5579 13.8260 -0.0743 -0.6029 -4.9702 13.8237 0.1219 -7.0832 -6.2775 -0.0540 1.4993 -4.1238 -5.6980 -1.2456 -4.2620 0.8247 -1.3872 0.4320 3.9581 -0.7911 2.9976 -8.9644 -9.8798 2.8237 13.6863 -15.9906 19.2569 4.8926 -7.6043 7.2365 0.0000 -0.0000 0.0000 -71.0676 -9.5693 16.0040 81.7203 -59.7394 -52.8358 -0.0000 -0.0000 26.7762 15.0217 20.4066 5.3456 -7.1250 0.0000 -0.0000 -13.4611 50.5578 -1.8731 0.0000 -0.0000 0.0000 75.3371 14.3729 19.9825 -108.2188 58.7079 -75.7095 0.0000 0.0000 25.9806 -5.3638 25.3763 -2.3042 7.1250 -0.0000 -0.0000 14.7015 -5.1971 13.7811
11.0482 18.3383 -13.2363 3.2778 -9.5325 -4.4189 0.0000 0.0000 0.0000 -21.8123 0.1802 4.8623 0.5172 4.6095 12.7979 0.5815 4.3303 -16.6336 0.1885 -2.7963 -7.7122 0.0000 0.0000 0.0000 9.8473 14.0092 -0.0527 -0.6340 -5.0947 14.1788 0.1266 -7.0868 -6.0592 -0.0919 1.9548 -5.3808 -5.0193 -0.9200 -3.9259 0.8928 -0.9951 1.0983 3.6740 -0.6108 3.4436 -7.7363 -10.2141 -0.3833 12.5729 -16.3030 20.5170 4.1069 -7.5438 8.0674 -0.0000 -0.0000 0.0000 -72.9577 -11.4284 19.2651 80.6991 -59.6706 -51.9541 -0.0000 -0.0000 26.9278 16.4645 17.2271 5.0022 -7.1250 0.0000 -0.0000 -10.9975 47.5900 -0.7109 -0.0000 -0.0000 0.0000 76.8998 16.3537 22.9756 -108.5020 58.6662 -75.9515 0.0000 0.0000 25.6360 -8.0572 25.4864 -3.4857 7.1250 -0.0000 -0.0000 13.0904 -4.8316 12.2728
11.0848 18.3245 -13.2963 3.2275 -9.8086 -4.6151 0.0000 0.0000 0.0000 -21.7958 0.2910 4.3081 0.5920 4.9259 13.6974 0.6172 3.9836 -16.8226 0.1357 -2.3741 -6.5407 0.0000 0.0000 0.0000 9.8984 14.5156 -0.1627 -0.6658 -5.2182 14.5318 0.1379 -7.2843 -6.0159 -0.1337 2.3567 -6.4926 -4.8927 -1.0528 -3.9636 1.1269 -1.1848 1.1047 3.8319 -0.7067 3.4933 -7.4836 -9.4097 0.2760 12.6020 -15.1250 19.9398 4.2441 -7.0135 7.5979 -0.0000 0.0000 0.0000 -75.1174 -11.3573 23.5513 81.0812 -59.6973 -52.2839 -0.0000 -0.0000 26.9382 17.9850 15.7161 5.0253 -7.1250 0.0000 -0.0000 -9.1591 46.2549 -0.2860 -0.0000 0.0000 0.0000 78.3552 17.5622 28.7740 -108.2638 58.7013 -75.7480 0.0000 0.0000 23.8562 -8.7176 27.7526 -4.0841 7.1250 -0.0000 -0.0000 12.7648 -2.5452 12.5037
11.1312 18.3099 -13.3584 3.6774 -10.0561 -4.9017 0.0000 0.0000 0.0000 -22.3522 0.5543 3.8487 0.6398 5.1175 14.2439 0.6271 3.8041 -16.8244 0.1359 -2.3764 -6.5470 0.0000 0.0000 0.0000 9.2856 14.6119 -0.5643 -0.7172 -5.4120 15.0874 0.1191 -6.9197 -5.9944 -0.2217 3.0310 -8.3650 -5.0683 -0.5156 -3.4580 1.1070 -0.4833 1.1623 3.9627 -0.3541 3.1963 -6.6681 -9.4353 -1.0369 12.1936 -15.1289 20.3719 3.9087 -6.9075 7.8819 -0.0000 -0.0000 0.0000 -77.4957 -12.4148 30.9861 80.3329 -59.6439 -51.6380 -0.0000 -0.0000 25.7937 20.0061 14.1739 5.0946 -7.1250 0.0000 -0.0000 -6.9349 44.9108 0.0154 -0.0000 -0.0000 0.0000 78.8573 18.2829 34.0280 -107.9834 58.7420 -75.5083 0.0000 0.0000 23.3851 -13.9118 28.7796 -6.8004 7.1250 -0.0000 -0.0000 9.7797 -0.8490 9.7779
11.1899 18.2986 -13.4030 4.0006 -10.0268 -5.2361 0.0000 0.0000 0.0000 -22.8236 0.8200 3.5770 0.6809 5.2760 14.6975 0.6358 3.4626 -16.7156 0.0762 -1.7811 -4.9010 0.0000 0.0000 0.0000 8.7074 14.3044 -0.8535 -0.7551 -5.5499 15.4839 0.1139 -6.6596 -5.5703 -0.1739 2.6862 -7.4062 -5.1702 -0.6318 -3.1228 1.1544 -0.6547 1.0811 4.0610 -0.4334 2.9435 -6.0158 -8.7946 -1.4618 11.7219 -14.2447 20.9932 3.7215 -6.4361 7.9849 -0.0000 0.0000 0.0000 -79.5718 -12.1908 37.5898 80.5142 -59.6573 -51.7946 -0.0000 -0.0000 24.3888 21.9603 13.6804 5.4475 -7.1250 0.0000 -0.0000 -5.0457 44.6266 0.0466 -0.0000 0.0000 0.0000 78.8950 18.9689 41.7050 -107.0263 58.8758 -74.6895 0.0000 0.0000 23.6455 -16.8932 30.7374 -8.8230 7.1250 -0.0000 -0.0000 8.2348 1.5887 8.5478
11.2422 18.2815 -13.4492 3.7280 -10.1899 -5.6920 0.0000 0.0000 0.0000 -22.6583 0.9088 3.5764 0.7364 5.4821 15.2889 0.6677 3.1644 -16.9046 0.0472 -1.4016 -3.8545 0.0000 0.0000 0.0000 8.9337 14.0441 -0.6734 -0.7689 -5.5992 15.6257 0.0971 -6.2706 -5.4642 -0.2208 3.0247 -8.3475 -4.9189 -1.0635 -2.6173 1.3956 -1.2718 1.2082 4.1396 -0.7399 2.8572 -5.3424 -7.7650 -2.6834 11.4754 -12.9064 21.9743 3.6157 -5.6886 8.3363 0.0000 0.0000 0.0000 -81.3655 -10.9029 42.8098 82.7049 -59.7979 -53.6865 -0.0000 -0.0000 23.8258 21.1794 13.5555 5.1891 -7.1250 0.0000 -0.0000 -5.7371 44.4011 0.0851 0.0000 0.0000 0.0000 78.7404 20.3050 49.8892 -105.2358 59.1045 -73.1549 0.0000 0.0000 23.2309 -16.8678 34.2833 -9.6922 7.1250 -0.0000 -0.0000 8.6655 5.1251 9.5102
11.2993 18.2697 -13.5081 3.7749 -10.4679 -5.9341 0.0000 0.0000 0.0000 -22.8626 0.9465 3.2826 0.7839 5.6524 15.7791 0.6743 3.1648 -16.9783 0.0434 -1.3450 -3.6986 0.0000 0.0000 0.0000 8.7316 14.1340 -0.8419 -0.7808 -5.6413 15.7471 0.0943 -6.0481 -5.0316 -0.2758 3.3777 -9.3321 -4.6759 -0.9065 -2.0767 1.2849 -1.0947 1.1490 3.9044 -0.6347 2.4640 -4.1582 -7.3175 -3.2872 11.1727 -12.3610 22.3146 3.3534 -5.3247 8.4160 -0.0000 0.0000 0.0000 -82.7167 -11.4179 48.9261 81.4872 -59.7244 -52.6346 -0.0000 -0.0000 24.1444 19.4940 10.9371 3.8425 -7.1250 0.0000 -0.0000 -6.7769 41.4691 0.5933 -0.0000 0.0000 0.0000 78.1003 20.4961 55.9637 -105.1290 59.1172 -73.0633 0.0000 0.0000 22.9150 -16.9982 36.3090 -10.2603 7.1250 -0.0000 -0.0000 8.8661 7.1597 10.0158
11.3624 18.2705 -13.5604 3.6597 -10.5469 -6.0816 0.0000 0.0000 0.0000 -22.9214 0.9217 3.1305 0.8001 5.7092 15.9431 0.6580 3.3286 -16.8898 0.0604 -1.5863 -4.3638 0.0000 0.0000 0.0000 8.6870 14.4230 -1.0302 -0.8063 -5.7306 16.0049 0.1230 -6.4626 -4.2845 -0.2293 3.0820 -8.5072 -4.0396 -1.0335 -1.8856 1.1716 -1.2888 1.1581 3.4221 -0.7182 2.3669 -3.9199 -6.6185 -4.1995 11.6249 -11.6223 23.1728 3.5170 -4.8503 8.8279 -0.0000 0.0000 0.0000 -84.0837 -11.5792 53.2997 80.9755 -59.6900 -52.1927 -0.0000 -0.0000 25.4558 17.2711 6.8173 2.1136 -7.1250 0.0000 -0.0000 -8.0465 37.0095 1.5944 -0.0000 0.0000 0.0000 77.6967 20.9560 60.3170 -105.5530 59.0660 -73.4270 0.0000 0.0000 22.9360 -13.7122 40.7971 -9.0581 7.1250 -0.0000 -0.0000 11.2087 10.9412 13.3650
11.4478 18.2662 -13.6203 4.5372 -10.3542 -6.0429 0.0000 0.0000 0.0000 -24.0962 0.9860 2.5688 0.8004 5.7101 15.9456 0.6077 3.3512 -16.3238 0.0485 -1.4219 -3.9104 0.0000 0.0000 0.0000 7.2293 14.0252 -1.9250 -0.8406 -5.8484 16.3451 0.1235 -6.3234 -3.5328 -0.1903 2.8097 -7.7493 -4.4340 -0.8707 -1.7285 0.6846 -1.0546 1.2932 3.1516 -0.6062 2.3952 -2.6907 -6.3614 -6.2086 11.5631 -11.5513 24.1459 3.2380 -4.5911 9.4741 -0.0000 0.0000 0.0000 -85.2363 -12.1466 57.0473 80.6797 -59.6692 -51.9373 -0.0000 -0.0000 27.3909 16.3734 2.7549 0.8090 -7.1250 0.0000 -0.0000 -8.2788 32.7727 2.5021 -0.0000 0.0000 0.0000 76.9803 20.8766 62.0008 -106.4962 58.9464 -74.2355 0.0000 0.0000 24.4418 -12.9342 42.9264 -8.8897 7.1250 -0.0000 -0.0000 11.9089 12.8635 14.5396
11.4750 18.2680 -13.6771 4.3910 -10.7252 -5.9899 0.0000 0.0000 0.0000 -23.9133 1.2283 2.0297 0.8234 5.7897 16.1754 0.6017 3.1788 -16.1520 0.0312 -1.1406 -3.1357 0.0000 0.0000 0.0000 7.3680 15.0392 -2.0396 -0.8514 -5.8847 16.4502 0.1080 -6.2626 -4.7609 -0.1421 2.4294 -6.6939 -4.3188 -0.6467 -1.7840 0.6242 -0.7485 1.6556 3.0342 -0.4658 2.7711 -1.9305 -5.9525 -7.4733 11.9896 -11.1811 23.9490 3.2590 -4.2625 9.6056 0.0000 -0.0000 0.0000 -85.9566 -12.4191 59.2545 81.7059 -59.7385 -52.8234 -0.0000 -0.0000 28.7776 16.0715 2.2426 0.6459 -7.1250 0.0000 -0.0000 -8.4661 32.2366 2.6705 0.0000 -0.0000 0.0000 76.1963 20.5781 61.9646 -107.7417 58.7766 -75.3017 0.0000 0.0000 24.7874 -12.7564 45.6588 -9.1972 7.1250 -0.0000 -0.0000 12.4322 15.4616 15.6095
11.5160 18.2777 -13.7456 4.3284 -10.9247 -5.7800 0.0000 0.0000 0.0000 -23.8777 1.2239 1.2650 0.8569 5.9032 16.5038 0.6021 3.1456 -16.1368 0.0130 -0.7371 -2.0258 0.0000 0.0000 0.0000 7.2484 15.4697 -2.4184 -0.8408 -5.8491 16.3471 0.1174 -6.3702 -4.4096 -0.1845 2.7666 -7.6297 -4.6211 -0.8514 -1.4694 1.0622 -1.0435 1.3498 3.6513 -0.6067 2.3184 -2.8126 -5.2779 -7.5124 12.4051 -10.2253 24.2757 3.6746 -3.8413 9.7121 -0.0000 0.0000 0.0000 -87.1027 -12.0837 58.7698 81.1051 -59.6989 -52.3046 -0.0000 -0.0000 28.3115 17.6100 2.2314 0.7081 -7.1250 0.0000 -0.0000 -7.2334 32.2649 2.2707 -0.0000 0.0000 0.0000 74.8548 19.1761 61.8364 -109.0149 58.5887 -76.3894 0.0000 0.0000 24.8075 -14.9189 44.0342 -10.4920 7.1250 -0.0000 -0.0000 11.1321 14.3035 13.7622
11.5610 18.2761 -13.7975 4.2877 -10.9713 -5.9992 0.0000 0.0000 0.0000 -23.9224 1.4402 1.1933 0.8660 5.9338 16.5923 0.5918 3.1368 -16.0104 0.0096 -0.6314 -1.7351 0.0000 0.0000 0.0000 7.1817 15.1657 -2.4844 -0.8345 -5.8277 16.2854 0.1145 -6.2366 -4.1354 -0.1302 2.3256 -6.4063 -4.6460 -0.7288 -0.3980 1.0786 -0.9280 1.5419 3.6984 -0.5435 1.9031 -2.1095 -5.1399 -9.7031 12.1462 -10.2077 24.8977 3.4222 -3.6739 10.3192 -0.0000 0.0000 0.0000 -87.3100 -11.3585 57.8614 83.0558 -59.8170 -53.9898 -0.0000 -0.0000 26.8714 18.7669 2.8752 0.9764 -7.1250 0.0000 -0.0000 -6.3613 32.9693 1.8851 -0.0000 0.0000 0.0000 74.3172 18.2071 58.3775 -109.1003 58.5756 -76.4622 0.0000 0.0000 24.2021 -17.2397 43.8802 -12.1390 7.1250 -0.0000 -0.0000 9.9917 14.6237 12.3522
11.5867 18.2879 -13.8733 4.0797 -11.1677 -5.8046 0.0000 0.0000 0.0000 -23.6385 1.7272 0.5567 0.8634 5.9251 16.5672 0.5558 3.2024 -15.6128 0.0092 -0.6198 -1.7032 0.0000 0.0000 0.0000 7.3061 15.8157 -2.7768 -0.8301 -5.8125 16.2413 0.1372 -6.6850 -3.8557 -0.0961 1.9996 -5.5046 -4.1355 -0.4118 -0.9904 0.4582 -0.4857 0.9477 2.7785 -0.2920 1.5681 -1.1766 -4.9391 -5.8895 12.9189 -9.9616 23.4052 3.6313 -3.6337 9.0276 -0.0000 -0.0000 0.0000 -85.5081 -8.7658 56.8520 85.5945 -59.9265 -56.1857 -0.0000 -0.0000 25.0195 19.8784 4.2998 1.5529 -7.1250 0.0000 -0.0000 -5.5860 34.5091 1.4441 -0.0000 -0.0000 0.0000 75.3755 14.6303 53.2017 -109.7989 58.4658 -77.0580 0.0000 0.0000 22.7711 -13.5156 38.4217 -8.4957 7.1250 -0.0000 -0.0000 10.9850 8.5926 12.7219
11.6195 18.2865 -13.9322 4.3961 -11.0784 -5.5928 0.0000 0.0000 0.0000 -24.0652 1.5970 0.1069 0.8541 5.8938 16.4765 0.5389 3.2961 -15.4607 0.0034 -0.3744 -1.0286 0.0000 0.0000 0.0000 6.7340 15.4799 -3.3988 -0.8127 -5.7528 16.0688 0.1415 -6.6865 -3.1405 -0.1243 2.2724 -6.2592 -4.6448 -0.9388 -0.9041 0.6423 -1.1738 1.6382 3.2313 -0.6737 2.3018 -1.2797 -4.5528 -8.5610 12.1806 -9.3334 23.7442 3.4023 -3.2922 9.5685 0.0000 0.0000 0.0000 -85.4071 -8.1942 52.2012 87.7197 -59.9803 -58.0253 -0.0000 -0.0000 24.6617 21.2609 4.3601 1.6944 -7.1250 0.0000 -0.0000 -4.4539 34.6302 1.1366 0.0000 0.0000 0.0000 74.5950 14.7570 48.9163 -108.6323 58.6467 -76.0627 0.0000 0.0000 22.7543 -15.0847 38.4987 -9.5246 7.1250 -0.0000 -0.0000 10.1811 8.9514 11.8150
11.6472 18.3046 -13.9890 4.4051 -11.3532 -5.4588 0.0000 0.0000 0.0000 -24.0960 1.7971 -0.2735 0.8351 5.8295 16.2904 0.5006 3.6036 -15.1707 0.0048 -0.4484 -1.2322 0.0000 0.0000 0.0000 6.5560 15.7396 -3.7162 -0.7788 -5.6343 15.7270 0.1528 -6.9311 -3.0760 -0.1004 2.0435 -5.6259 -5.0966 -1.1587 -0.2613 1.0412 -1.5004 1.6585 3.9007 -0.8420 2.0158 -1.7380 -4.3558 -10.3882 11.7319 -8.9909 24.4633 3.3409 -3.1164 10.1473 0.0000 0.0000 0.0000 -84.6345 -8.2579 47.6685 86.7095 -59.9590 -57.1507 -0.0000 -0.0000 22.8711 23.6494 7.2475 3.1621 -7.1250 0.0000 -0.0000 -2.6954 37.8712 0.4735 0.0000 0.0000 0.0000 73.7463 14.2944 44.3905 -107.8262 58.7646 -75.3739 0.0000 0.0000 22.2434 -17.0637 36.5203 -10.3519 7.1250 -0.0000 -0.0000 8.8610 7.3814 10.0396
11.6719 18.3211 -14.0455 4.0975 -11.8459 -5.1411 0.0000 0.0000 0.0000 -23.7619 2.0307 -0.9812 0.8510 5.8836 16.4470 0.4836 3.7528 -15.0487 0.0168 -0.8364 -2.2988 0.0000 0.0000 0.0000 6.7119 16.3171 -3.7639 -0.7008 -5.3508 14.9120 0.1736 -7.3652 -2.6332 -0.0036 0.3862 -1.0611 -4.8569 -1.2589 0.0274 1.2187 -1.6551 1.6369 3.9525 -0.9125 1.8454 -2.2682 -4.3144 -11.4080 11.7267 -8.9009 24.9284 3.4342 -3.0672 10.5325 -0.0000 0.0000 0.0000 -83.0999 -7.8923 43.3351 85.8134 -59.9337 -56.3751 -0.0000 -0.0000 20.9782 24.8122 8.9013 4.0918 -7.1250 0.0000 -0.0000 -1.8403 39.7631 0.2376 -0.0000 0.0000 0.0000 73.4129 13.5196 39.5056 -105.7515 59.0414 -73.5973 0.0000 0.0000 20.7977 -17.5082 34.3171 -10.0844 7.1250 -0.0000 -0.0000 8.3187 5.2800 9.1420
11.6929 18.3244 -14.0941 3.7230 -12.1856 -4.8339 0.0000 0.0000 0.0000 -23.3886 1.9143 -1.5063 0.8695 5.9454 16.6260 0.4848 3.9611 -15.2017 0.0176 -0.8573 -2.3564 0.0000 0.0000 0.0000 6.9683 16.3401 -3.7307 -0.6253 -5.0600 14.0799 0.1756 -7.4082 -2.8640 -0.0109 0.6753 -1.8557 -4.5098 -1.2293 0.4856 1.3725 -1.6446 1.3647 3.9306 -0.8843 1.2998 -2.7247 -4.5029 -11.4584 11.6638 -9.0376 24.8108 3.4675 -3.1826 10.5256 0.0000 0.0000 0.0000 -82.1169 -6.2662 39.2608 85.2744 -59.9155 -55.9087 -0.0000 -0.0000 20.0102 24.8298 9.0722 4.1728 -7.1250 0.0000 -0.0000 -1.8409 39.9517 0.2292 0.0000 0.0000 0.0000 73.2809 11.8729 34.2043 -104.3527 59.2071 -72.3967 0.0000 0.0000 20.9978 -16.2930 32.0630 -8.8197 7.1250 -0.0000 -0.0000 8.7206 2.8093 9.2432
11.7048 18.3251 -14.1445 4.0306 -13.0507 -4.9991 0.0000 0.0000 0.0000 -23.6823 2.4851 -1.5319 0.8333 5.8235 16.2732 0.4718 4.2892 -15.2587 0.0035 -0.3815 -1.0484 0.0000 0.0000 0.0000 6.5988 16.3290 -3.8246 -0.6006 -4.9611 13.7976 0.1186 -6.2175 -3.5749 -0.1198 2.2314 -6.1456 -4.8994 -1.0644 0.5012 1.3859 -1.4193 1.7582 4.1631 -0.7954 1.6852 -2.9036 -4.6724 -12.3193 11.1494 -9.0930 24.7837 3.2864 -3.2481 10.6689 0.0000 0.0000 0.0000 -80.9102 -5.7690 34.9830 83.2368 -59.8265 -54.1463 -0.0000 -0.0000 18.1148 25.0765 9.7885 4.5485 -7.1250 0.0000 -0.0000 -1.6934 40.7584 0.1772 0.0000 0.0000 0.0000 73.1940 11.6778 29.5544 -102.3447 59.4163 -70.6698 0.0000 0.0000 20.2222 -16.9377 30.2374 -8.7191 7.1250 -0.0000 -0.0000 8.1561 1.0948 8.3953
11.7159 18.3678 -14.1929 3.9039 -12.6916 -4.2982 0.0000 0.0000 0.0000 -23.6921 1.4961 -1.6482 0.7436 5.5084 15.3646 0.3909 5.1583 -14.8368 0.0077 -0.5655 -1.5539 0.0000 0.0000 0.0000 6.2652 17.0961 -4.4390 -0.6242 -5.0559 14.0681 0.0776 -5.8902 -5.5726 -0.0102 0.6537 -1.7965 -4.8099 -1.2266 0.3382 1.4204 -1.6328 1.4408 4.1454 -0.8884 1.4707 -3.3305 -4.9404 -12.1148 11.0119 -9.2901 24.4164 3.2782 -3.4136 10.5200 -0.0000 0.0000 0.0000 -80.0521 -4.5437 31.1791 81.0311 -59.6938 -52.2407 -0.0000 -0.0000 16.7862 24.4480 11.7393 5.2847 -7.1250 0.0000 -0.0000 -2.4775 42.8251 0.1331 -0.0000 0.0000 0.0000 73.3144 10.9581 25.9394 -100.9598 59.5412 -69.4769 0.0000 0.0000 19.6427 -18.4844 27.8786 -8.8843 7.1250 -0.0000 -0.0000 7.0083 -1.0192 6.9349
11.7147 18.3818 -14.2049 4.1388 -13.5432 -4.4011 0.0000 0.0000 0.0000 -23.8737 2.0519 -1.4586 0.6900 5.3103 14.7957 0.3713 5.5882 -14.9202 0.0076 -0.5616 -1.5431 0.0000 0.0000 0.0000 6.0532 17.8893 -4.2028 -0.6359 -5.1019 14.1993 -0.0155 -4.3971 -6.8319 -0.0208 -0.9314 2.5602 -4.8857 -1.1009 0.1252 1.1582 -1.4461 1.7536 3.9112 -0.8115 1.8880 -3.0238 -5.0292 -12.6727 10.8578 -9.3880 23.9892 3.1365 -3.4418 10.4599 0.0000 -0.0000 0.0000 -79.2539 -4.0678 27.2280 78.1175 -59.4597 -49.7282 -0.0000 -0.0000 16.7574 24.2892 13.5226 6.0239 -7.1250 0.0000 -0.0000 -2.8754 44.7413 0.0184 0.0000 -0.0000 0.0000 74.1427 10.8517 23.7830 -99.5988 59.6490 -68.3030 0.0000 0.0000 18.6735 -20.5329 26.4671 -9.4768 7.1250 -0.0000 -0.0000 5.6383 -2.1010 5.4545
11.7004 18.3862 -14.2524 3.8782 -13.9972 -4.0866 0.0000 0.0000 0.0000 -23.5238 1.8164 -2.2251 0.7564 5.5547 15.4977 0.3797 5.8329 -15.2398 0.0158 -0.8105 -2.2276 0.0000 0.0000 0.0000 6.4063 17.6232 -4.2255 -0.5909 -4.9215 13.6849 -0.0455 -3.7674 -7.0448 -0.0252 -1.0254 2.8188 -5.1064 -0.9708 0.1792 1.4527 -1.2778 1.7684 4.3458 -0.7336 1.8685 -3.2586 -5.3141 -13.2764 10.5833 -9.6530 23.9313 3.0259 -3.5929 10.5743 0.0000 -0.0000 0.0000 -79.3818 -3.8747 25.4425 75.7044 -59.2135 -47.6523 -0.0000 -0.0000 16.6716 24.6451 16.0165 7.2145 -7.1250 0.0000 -0.0000 -2.9674 47.4852 -0.1821 0.0000 -0.0000 0.0000 74.5145 10.4909 22.5433 -99.3405 59.6678 -68.0801 0.0000 0.0000 17.8546 -22.2556 26.1226 -10.2139 7.1250 -0.0000 -0.0000 4.5631 -2.1398 4.4037
11.6879 18.3630 -14.2959 3.2027 -14.1045 -3.8819 0.0000 0.0000 0.0000 -22.7349 1.3262 -2.8309 0.8575 5.9052 16.5095 0.3967 6.0090 -15.6130 0.0134 -0.7481 -2.0559 0.0000 0.0000 0.0000 7.3882 16.3901 -3.6847 -0.5551 -4.7728 13.2616 -0.0456 -3.9773 -7.2842 -0.0024 0.3154 -0.8665 -4.5975 -0.7143 0.6637 1.5354 -0.9692 1.1559 4.1606 -0.5341 0.9205 -3.2878 -5.4980 -11.8819 10.8397 -9.9364 23.5391 3.1092 -3.7652 10.1987 -0.0000 0.0000 0.0000 -79.4730 -2.7964 25.6468 74.6521 -59.0910 -46.7489 -0.0000 -0.0000 15.9968 24.9848 16.4896 7.5346 -7.1250 0.0000 -0.0000 -2.7312 48.0467 -0.2054 -0.0000 0.0000 0.0000 75.7294 8.8904 22.2307 -99.4470 59.6601 -68.1720 0.0000 0.0000 18.1487 -23.2864 26.4503 -10.8521 7.1250 -0.0000 -0.0000 3.9838 -1.5992 3.8805
11.6762 18.3761 -14.3267 3.0996 -14.2216 -3.8175 0.0000 0.0000 0.0000 -22.6125 0.9629 -2.9606 0.8882 6.0075 16.8061 0.3958 6.3171 -15.8662 0.0261 -1.0431 -2.8673 0.0000 0.0000 0.0000 7.6286 16.2091 -3.3711 -0.5934 -4.9315 13.7134 -0.0384 -4.9447 -8.2201 -0.0002 0.0932 -0.2561 -4.4990 -0.4508 0.8654 1.4169 -0.6265 1.0629 3.9857 -0.3527 0.6722 -2.9694 -5.7246 -11.7417 10.9074 -10.2911 23.1230 3.0288 -3.9136 10.0409 0.0000 -0.0000 0.0000 -79.9964 -2.0844 26.7467 76.8949 -59.3410 -48.6757 -0.0000 -0.0000 15.7604 24.7722 17.5101 7.9047 -7.1250 0.0000 -0.0000 -3.1430 49.1148 -0.3192 0.0000 -0.0000 0.0000 77.1278 8.0933 22.8179 -99.6332 59.6464 -68.3327 0.0000 0.0000 18.3561 -23.8638 27.5791 -11.5748 7.1250 -0.0000 -0.0000 3.7880 -0.3042 3.7761
11.6674 18.3757 -14.3487 3.3285 -14.4422 -3.5949 0.0000 0.0000 0.0000 -22.8418 0.8640 -3.2211 0.8751 5.9640 16.6800 0.3717 6.5571 -15.7644 0.0139 -0.7619 -2.0940 0.0000 0.0000 0.0000 7.3798 15.5338 -3.6829 -0.6741 -5.2503 14.6237 0.0066 -6.3859 -8.9360 -0.0080 -0.5769 1.5852 -4.8904 -0.4837 0.9400 1.5663 -0.6770 1.0029 4.3633 -0.3778 0.5812 -2.9690 -5.6060 -12.0538 10.8128 -10.0072 22.4792 3.0170 -3.8036 9.8411 -0.0000 -0.0000 0.0000 -81.7544 -1.2397 27.8583 80.9294 -59.6868 -52.1529 -0.0000 -0.0000 16.0191 24.5814 15.7848 7.0932 -7.1250 0.0000 -0.0000 -2.9850 47.2259 -0.1641 -0.0000 -0.0000 0.0000 77.6667 7.6978 25.8353 -99.3115 59.6698 -68.0551 0.0000 0.0000 17.9714 -24.5054 28.4081 -12.2360 7.1250 -0.0000 -0.0000 3.5270 0.6970 3.5764
11.6488 18.3804 -14.3773 2.8411 -14.3476 -3.4808 0.0000 0.0000 0.0000 -22.2901 0.2250 -3.0799 0.8774 5.9716 16.7021 0.3627 6.9181 -15.9748 0.0019 -0.2795 -0.7680 0.0000 0.0000 0.0000 8.0810 14.8779 -3.3084 -0.7360 -5.4809 15.2854 0.0778 -8.1952 -9.9444 -0.0198 -0.9076 2.4945 -4.4875 -0.4980 0.7660 1.7041 -0.6856 1.1878 4.2756 -0.3914 0.8665 -2.8937 -5.6690 -12.3755 10.9612 -10.1201 22.2480 3.0303 -3.8296 9.8365 0.0000 -0.0000 0.0000 -82.8185 -1.5284 30.9581 83.5063 -59.8401 -54.3793 -0.0000 -0.0000 15.6093 25.1979 15.8227 7.3107 -7.1250 0.0000 -0.0000 -2.4038 47.3561 -0.1398 0.0000 -0.0000 0.0000 78.4972 7.6519 29.1537 -97.8886 59.7635 -66.8263 0.0000 0.0000 16.9428 -26.6891 29.7981 -14.0265 7.1250 -0.0000 -0.0000 2.4776 2.6508 2.5919
11.6249 18.3973 -14.3887 2.7192 -14.5839 -3.2117 0.0000 0.0000 0.0000 -22.1018 0.0262 -3.1964 0.8618 5.9196 16.5514 0.3421 7.2828 -16.0491 0.0027 -0.3348 -0.9199 0.0000 0.0000 0.0000 8.2776 14.5879 -3.1083 -0.8034 -5.7205 15.9756 0.1235 -9.4822 -11.0809 -0.1434 -2.4402 6.7239 -4.1876 -0.0402 0.6490 1.4988 -0.0681 1.1552 3.8934 -0.0768 0.8305 -2.6222 -6.0080 -13.4263 11.3908 -10.8523 22.7326 3.0146 -4.0349 10.2934 -0.0000 -0.0000 0.0000 -83.2081 -2.0592 35.6479 86.2474 -59.9467 -56.7508 -0.0000 -0.0000 14.1566 23.7503 15.0159 6.5038 -7.1250 0.0000 -0.0000 -3.6294 46.2819 -0.1150 -0.0000 -0.0000 0.0000 79.4379 6.7884 32.1569 -96.6719 59.8311 -65.7748 0.0000 0.0000 15.8089 -26.5856 31.0139 -14.4590 7.1250 -0.0000 -0.0000 2.7444 3.8972 2.9279
11.6064 18.4068 -14.3879 2.8640 -14.4246 -2.7213 0.0000 0.0000 0.0000 -22.2161 -0.4696 -3.6042 0.8595 5.9119 16.5290 0.3188 7.5516 -16.0046 0.0075 -0.5604 -1.5399 0.0000 0.0000 0.0000 8.0746 13.6584 -3.2191 -0.8648 -5.9299 16.5811 0.1943 -10.5877 -11.5167 -0.1475 -2.4747 6.8194 -4.1783 -0.2140 0.0260 1.5339 -0.2778 0.9029 3.9223 -0.1795 0.9415 -2.9748 -5.8446 -13.2881 11.6896 -10.5840 22.5160 3.2186 -3.9243 10.2033 0.0000 -0.0000 0.0000 -84.2771 -1.8985 38.7654 89.5368 -59.9992 -59.5989 -0.0000 -0.0000 13.4366 22.9372 14.5204 6.0565 -7.1250 0.0000 -0.0000 -4.2982 45.6434 -0.0684 0.0000 -0.0000 0.0000 79.7286 6.2596 36.8093 -94.0499 59.9379 -63.5066 0.0000 0.0000 14.2640 -26.0680 33.0721 -14.9468 7.1250 -0.0000 -0.0000 3.4018 5.9036 3.7399
11.5868 18.4023 -14.3939 2.6397 -13.9248 -2.8723 0.0000 0.0000 0.0000 -21.9068 -0.7557 -3.3695 0.8752 5.9644 16.6810 0.3453 7.2861 -16.0933 0.0101 -0.6481 -1.7809 0.0000 0.0000 0.0000 8.4389 12.3753 -2.4174 -0.9139 -6.0913 17.0495 0.2477 -11.1788 -11.4729 -0.0532 -1.4881 4.0929 -3.7370 -0.1109 0.2934 1.4183 -0.1527 0.6677 3.5550 -0.0998 0.5350 -2.9652 -6.0532 -12.3616 12.0939 -10.9242 22.0755 3.3296 -4.0944 9.9235 -0.0000 0.0000 0.0000 -84.4113 -1.8420 42.3864 93.6710 -59.9490 -63.1787 -0.0000 -0.0000 13.7347 19.2549 13.9717 4.8208 -7.1250 0.0000 -0.0000 -7.5780 44.6102 0.0734 -0.0000 0.0000 0.0000 80.3503 5.6448 40.1046 -90.7778 59.9977 -60.6736 0.0000 0.0000 13.7564 -25.2650 34.0805 -14.8134 7.1250 -0.0000 -0.0000 4.0285 6.7398 4.4840
11.5531 18.4020 -14.3997 2.6977 -13.9972 -2.4678 0.0000 0.0000 0.0000 -21.8481 -0.7529 -3.8686 0.8811 5.9839 16.7377 0.3588 7.0952 -16.0886 0.0104 -0.6576 -1.8070 0.0000 0.0000 0.0000 8.3752 11.6493 -2.2171 -0.9531 -6.2169 17.4149 0.2661 -11.2898 -11.2700 -0.0650 -1.6451 4.5258 -3.4723 0.3500 -0.4123 1.0072 0.4849 0.3342 2.9858 0.2270 0.5366 -2.4876 -6.3843 -11.6470 12.5449 -11.6049 22.0138 3.3347 -4.3558 9.8332 -0.0000 -0.0000 0.0000 -83.7049 -1.9353 46.0159 98.0164 -59.7558 -66.9367 -0.0000 -0.0000 15.1021 15.0026 12.6728 3.3648 -7.1250 0.0000 -0.0000 -11.1012 42.8113 0.6076 -0.0000 -0.0000 0.0000 81.3421 4.6928 42.0849 -87.3059 59.9726 -57.6670 0.0000 0.0000 13.8013 -21.7468 35.9576 -13.1825 7.1250 -0.0000 -0.0000 6.2680 7.8076 7.1013
11.5116 18.3941 -14.4023 2.9061 -13.5147 -2.9131 0.0000 0.0000 0.0000 -21.9296 -0.5173 -3.4187 0.8758 5.9663 16.6867 0.3528 6.7638 -15.7032 0.0679 -1.6813 -4.6257 0.0000 0.0000 0.0000 8.3719 10.7325 -0.9766 -0.9863 -6.3212 17.7194 0.2246 -11.0716 -11.7824 -0.1253 -2.2820 6.2856 -3.4092 0.3452 -0.3999 0.9547 0.4831 0.8142 2.8985 0.2099 1.0235 -3.1883 -6.4826 -12.8235 13.0337 -11.7340 22.0657 3.5737 -4.3647 10.1695 0.0000 0.0000 0.0000 -83.1657 -3.4625 47.6361 102.6681 -59.3848 -70.9482 -0.0000 -0.0000 15.3797 10.6417 12.4141 2.3131 -7.1250 0.0000 -0.0000 -14.8617 42.1195 1.0824 0.0000 0.0000 0.0000 81.4224 5.0852 44.2870 -84.9204 59.9023 -55.6024 0.0000 0.0000 13.6508 -20.1901 37.9502 -12.7429 7.1250 -0.0000 -0.0000 7.4352 9.4488 8.6220
11.4600 18.4013 -14.4179 2.7284 -13.6105 -2.5964 0.0000 0.0000 0.0000 -21.4941 -0.2431 -3.8675 0.8754 5.9650 16.6829 0.3470 6.5234 -15.4060 0.0863 -1.8949 -5.2154 0.0000 0.0000 0.0000 8.7778 10.6652 -0.3799 -1.0037 -6.3753 17.8772 0.2254 -10.9318 -11.4838 -0.1141 -2.1774 5.9961 -3.1150 -0.0815 -0.3428 1.2178 -0.0929 0.8513 2.9968 -0.0785 1.0728 -4.1079 -6.1504 -14.1677 13.2421 -11.1787 22.5941 3.8623 -4.0827 10.6355 0.0000 -0.0000 0.0000 -82.3991 -4.3389 46.7018 107.7362 -58.7774 -75.2969 -0.0000 -0.0000 15.4045 9.9751 11.5692 2.0201 -7.1250 0.0000 -0.0000 -15.2118 41.2306 1.4519 0.0000 -0.0000 0.0000 81.3650 5.4620 47.4093 -82.7393 59.7999 -53.7162 0.0000 0.0000 12.6295 -19.4995 39.7712 -12.7639 7.1250 -0.0000 -0.0000 8.1127 11.0977 9.6097
11.4046 18.3975 -14.4266 3.0608 -13.4211 -2.5983 0.0000 0.0000 0.0000 -21.6610 -0.4280 -3.7986 0.8638 5.9263 16.5707 0.3467 6.4670 -15.3516 0.0765 -1.7841 -4.9093 0.0000 0.0000 0.0000 8.6544 10.2361 0.5239 -0.9957 -6.3503 17.8041 0.2515 -10.8676 -10.7127 -0.0856 -1.8869 5.1931 -3.3828 0.2111 -0.6996 0.8768 0.3127 0.6157 2.8022 0.1287 1.0012 -3.2269 -6.3373 -12.9898 12.9153 -11.4755 21.9966 3.5693 -4.2576 10.1446 -0.0000 -0.0000 0.0000 -80.8652 -4.9576 47.7411 111.8087 -58.1243 -78.7679 -0.0000 -0.0000 15.3110 10.8869 11.5519 2.2057 -7.1250 0.0000 -0.0000 -14.4215 41.2968 1.3486 -0.0000 -0.0000 0.0000 82.4172 3.9323 47.4028 -82.5338 59.7883 -53.5387 0.0000 0.0000 11.0801 -18.8924 40.9507 -12.6422 7.1250 -0.0000 -0.0000 8.6335 12.1240 10.3591
11.3623 18.3896 -14.4254 3.2949 -12.6065 -2.6493 0.0000 0.0000 0.0000 -21.8591 -1.4450 -3.4417 0.8744 5.9618 16.6737 0.3643 6.4509 -15.5716 0.0383 -1.2625 -3.4715 0.0000 0.0000 0.0000 8.5173 8.9100 1.5577 -0.9450 -6.1913 17.3406 0.2750 -10.7208 -9.7200 -0.0110 -0.6779 1.8629 -3.1680 0.2688 -0.8282 0.7361 0.3921 0.5634 2.5384 0.1709 1.0160 -3.5344 -6.5943 -12.8060 12.8893 -11.7080 21.6633 3.5774 -4.4136 10.0269 0.0000 -0.0000 0.0000 -79.0799 -6.0422 47.3104 116.0548 -57.2727 -82.3575 -0.0000 -0.0000 14.4805 12.0405 11.1490 2.3617 -7.1250 0.0000 -0.0000 -13.3255 41.0034 1.3402 0.0000 -0.0000 0.0000 82.7976 2.9477 46.8645 -82.5082 59.7868 -53.5165 0.0000 0.0000 8.9977 -20.4746 41.1635 -13.8075 7.1250 -0.0000 -0.0000 7.8820 12.6870 9.5001
11.2800 18.3795 -14.4409 3.0370 -12.8803 -2.3932 0.0000 0.0000 0.0000 -21.2579 -1.2951 -3.6629 0.8690 5.9439 16.6218 0.3503 6.4782 -15.4100 0.0488 -1.4250 -3.9191 0.0000 0.0000 0.0000 9.1939 9.0966 2.6128 -0.8698 -5.9465 16.6294 0.2439 -10.4579 -9.9988 -0.0010 0.2076 -0.5704 -2.8192 0.2781 -1.0288 0.8295 0.4048 0.5705 2.4399 0.1774 1.1364 -3.4887 -6.5005 -13.2204 12.4672 -11.4648 21.6224 3.4427 -4.3252 10.0343 -0.0000 -0.0000 0.0000 -76.6886 -7.0476 44.7207 119.7426 -56.3781 -85.4447 -0.0000 -0.0000 11.9889 13.1695 12.5200 2.9038 -7.1250 0.0000 -0.0000 -12.6804 42.4728 0.8048 -0.0000 -0.0000 0.0000 83.1093 2.5155 47.1667 -83.2699 59.8282 -54.1749 0.0000 0.0000 5.7394 -21.0617 40.0262 -13.9106 7.1250 -0.0000 -0.0000 7.3655 11.7026 8.7713
11.1874 18.3804 -14.4377 3.9831 -12.9573 -2.4075 0.0000 0.0000 0.0000 -21.9666 -1.4119 -3.8801 0.8869 6.0030 16.7932 0.3665 6.3226 -15.4876 0.0254 -1.0294 -2.8298 0.0000 0.0000 0.0000 8.5525 9.3844 3.7499 -0.7391 -5.4921 15.3175 0.1810 -10.0951 -10.8711 -0.0050 0.4545 -1.2489 -3.8746 0.5029 -1.2444 0.7548 0.7257 0.2728 2.9628 0.3394 0.9202 -3.8588 -6.6340 -12.6061 12.2021 -11.4631 21.3711 3.4247 -4.4179 9.8262 0.0000 -0.0000 0.0000 -74.1409 -7.8741 42.6040 123.3338 -55.3541 -88.4176 -0.0000 -0.0000 7.5032 13.4623 13.5580 3.2120 -7.1250 0.0000 -0.0000 -12.6905 43.5379 0.4659 0.0000 -0.0000 0.0000 83.1681 1.2894 46.2217 -84.3661 59.8797 -55.1228 0.0000 0.0000 1.5978 -23.6578 39.6391 -15.6146 7.1250 -0.0000 -0.0000 5.9677 11.9464 7.1081
11.1205 18.3937 -14.4849 1.9905 -13.2320 -1.3672 0.0000 0.0000 0.0000 -19.4500 -1.7610 -4.5698 0.8865 6.0018 16.7897 0.3597 6.3364 -15.4081 0.0124 -0.7201 -1.9791 0.0000 0.0000 0.0000 11.1809 10.4662 4.6110 -0.5406 -4.7107 13.0851 0.3134 -11.5956 -10.7659 -0.0066 0.5243 -1.4407 -1.5996 0.5886 -1.6319 1.4180 0.8010 0.1976 2.3712 0.3866 1.0750 -4.0329 -6.5020 -12.7845 11.8677 -11.0936 21.0234 3.3786 -4.3004 9.6877 0.0000 -0.0000 0.0000 -71.4837 -9.0953 38.9612 125.4154 -54.6851 -90.1232 -0.0000 -0.0000 3.3786 14.3430 14.3133 3.6171 -7.1250 0.0000 -0.0000 -12.1062 44.3900 0.1851 0.0000 -0.0000 0.0000 83.2524 1.0767 45.4373 -85.5870 59.9263 -56.1791 0.0000 -0.0000 -3.2993 -25.2935 37.9191 -16.1938 7.1250 -0.0000 -0.0000 4.7664 10.6441 5.5823
11.0407 18.3845 -14.4540 3.5404 -13.0340 -1.8436 0.0000 0.0000 0.0000 -20.9531 -1.7292 -4.0039 0.8511 5.8839 16.4480 0.3622 6.2843 -15.3953 0.0291 -1.1016 -3.0284 0.0000 0.0000 0.0000 9.6148 9.3494 5.7277 -0.3810 -3.9643 10.9761 0.3699 -12.2863 -10.9671 -0.0060 0.5004 -1.3751 -2.7903 0.5962 -1.4530 1.0296 0.8311 -0.3237 2.6356 0.4129 0.4276 -4.2775 -6.2951 -11.9580 11.5373 -10.7365 21.4868 3.3821 -4.2050 9.6484 -0.0000 0.0000 0.0000 -68.1878 -8.6855 35.3557 127.3482 -54.0106 -91.6939 -0.0000 0.0000 -0.8295 14.0969 14.0661 3.4926 -7.1250 0.0000 -0.0000 -12.2604 44.1148 0.2721 -0.0000 0.0000 0.0000 83.4210 -0.7873 44.2374 -88.3080 59.9892 -58.5347 0.0000 -0.0000 -9.7429 -26.5418 36.6431 -16.5999 7.1250 -0.0000 -0.0000 3.8451 9.6829 4.4463
10.9555 18.3746 -14.4334 4.4504 -12.8829 -1.8817 0.0000 0.0000 0.0000 -21.7028 -1.8956 -3.5498 0.7869 5.6629 15.8093 0.3603 6.3373 -15.4175 0.0102 -0.6537 -1.7963 0.0000 0.0000 0.0000 8.7930 8.5811 6.0486 -0.3152 -3.6093 9.9801 0.3387 -12.2851 -11.7489 -0.0003 0.1193 -0.3279 -3.4257 0.4226 -2.0859 0.7487 0.6321 -0.3957 2.7066 0.3084 0.7179 -3.7984 -5.9804 -11.5629 11.0792 -10.3032 21.6560 3.2131 -4.0222 9.5379 0.0000 -0.0000 0.0000 -65.0747 -9.1021 31.2299 128.1890 -53.7003 -92.3729 -0.0000 0.0000 -3.3706 14.4137 14.9030 3.7817 -7.1250 0.0000 -0.0000 -12.2049 44.9889 0.0034 0.0000 -0.0000 0.0000 83.6303 -1.4828 43.6751 -90.4270 59.9993 -60.3698 0.0000 -0.0000 -17.2731 -27.1458 34.7447 -16.2894 7.1250 -0.0000 -0.0000 3.1331 7.9041 3.5391
10.8650 18.3797 -14.4486 3.8150 -13.5134 -1.4697 0.0000 0.0000 0.0000 -20.6640 -1.8438 -3.6887 0.7590 5.5640 15.5245 0.3423 6.6722 -15.4792 0.0169 -0.8390 -2.3059 0.0000 0.0000 0.0000 9.8667 9.0828 6.2695 -0.2669 -3.3233 9.1801 0.3516 -12.5805 -12.1231 -0.0000 -0.0105 0.0290 -2.6680 0.5944 -2.0968 1.0184 0.8399 -0.7284 2.5606 0.4230 0.3747 -3.2125 -5.6258 -11.3900 10.2426 -9.7387 21.8595 2.9049 -3.7969 9.4486 0.0000 -0.0000 0.0000 -61.0199 -9.2536 26.8598 128.4949 -53.5848 -92.6192 -0.0000 0.0000 -6.8820 15.7285 15.3975 4.2763 -7.1250 0.0000 -0.0000 -11.1478 45.6450 -0.1797 0.0000 -0.0000 0.0000 83.9311 -2.6379 42.3654 -93.6034 59.9509 -63.1201 0.0000 -0.0000 -25.4869 -26.4694 31.9805 -14.7732 7.1250 -0.0000 -0.0000 2.9806 4.8743 3.2273
10.7811 18.3800 -14.4448 4.4036 -13.4617 -1.6567 0.0000 0.0000 0.0000 -21.0439 -2.2535 -3.2487 0.7394 5.4933 15.3210 0.3455 6.8912 -15.7250 0.0031 -0.3602 -0.9898 0.0000 0.0000 0.0000 9.6961 8.8318 7.0438 -0.2134 -2.9743 8.2072 0.3847 -12.8948 -12.0872 -0.0087 -0.6033 1.6578 -2.8224 0.4795 -2.9547 0.8249 0.7199 -0.2174 2.4596 0.3405 1.3879 -2.9361 -5.4602 -12.5106 10.2104 -9.5844 22.1305 2.8429 -3.6550 9.7321 0.0000 -0.0000 0.0000 -57.3095 -9.5399 22.1011 129.0834 -53.3586 -93.0921 -0.0000 0.0000 -9.0011 15.9134 15.7996 4.4389 -7.1250 0.0000 -0.0000 -11.0905 46.0742 -0.2976 0.0000 -0.0000 0.0000 84.3766 -1.9745 41.0062 -95.5029 59.8853 -64.7638 0.0000 -0.0000 -34.2340 -25.3387 30.0845 -13.3530 7.1250 -0.0000 -0.0000 3.3000 2.6312 3.4537
10.6900 18.3662 -14.4694 4.2902 -14.1734 -1.5525 0.0000 0.0000 0.0000 -20.5842 -1.9958 -3.1371 0.7001 5.3482 14.9043 0.3293 7.2504 -15.8500 0.0011 -0.2185 -0.6004 0.0000 0.0000 0.0000 10.2472 9.4758 7.4367 -0.1790 -2.7255 7.5155 0.4183 -13.1501 -11.9066 -0.0105 -0.6621 1.8194 -2.7160 0.5152 -2.5908 1.0167 0.7479 -0.7076 2.5899 0.3719 0.6779 -2.2706 -4.9357 -11.2736 9.5145 -8.8350 22.3423 2.6172 -3.3619 9.4446 -0.0000 0.0000 0.0000 -54.1298 -9.1034 17.9826 128.1747 -53.7057 -92.3614 -0.0000 0.0000 -10.2204 16.3313 14.8569 4.2966 -7.1250 0.0000 -0.0000 -10.4529 45.1712 -0.0447 -0.0000 0.0000 0.0000 84.0072 -1.8836 40.3828 -96.4095 59.8442 -65.5479 0.0000 -0.0000 -41.8471 -22.7856 26.2867 -10.5384 7.1250 -0.0000 -0.0000 4.2639 -1.8678 4.1343
