HIERARCHY
ROOT Hips
{
	OFFSET 0.00000 0.00000 0.00000
	CHANNELS 6 Xposition Yposition Zposition Zrotation Yrotation Xrotation 
	JOINT LHipJoint
	{
		OFFSET 0 0 0
		CHANNELS 3 Zrotation Yrotation Xrotation
		JOINT LeftUpLeg
		{
			OFFSET 1.51378 -1.89840 0.47569
			CHANNELS 3 Zrotation Yrotation Xrotation
			JOINT LeftLeg
			{
				OFFSET 2.53380 -6.96157 0.00000
				CHANNELS 3 Zrotation Yrotation Xrotation
				JOINT LeftFoot
				{
					OFFSET 2.74874 -7.55212 0.00000
					CHANNELS 3 Zrotation Yrotation Xrotation
					JOINT LeftToeBase
					{
						OFFSET 0.18263 -0.50178 1.99677
						CHANNELS 3 Zrotation Yrotation Xrotation
						End Site
						{
							OFFSET 0.00000 -0.00000 1.03711
						}
					}
				}
			}
		}
	}
	JOINT RHipJoint
	{
		OFFSET 0 0 0
		CHANNELS 3 Zrotation Yrotation Xrotation
		JOINT RightUpLeg
		{
			OFFSET -1.43037 -1.89840 0.47569
			CHANNELS 3 Zrotation Yrotation Xrotation
			JOINT RightLeg
			{
				OFFSET -2.69849 -7.41406 0.00000
				CHANNELS 3 Zrotation Yrotation Xrotation
				JOINT RightFoot
				{
					OFFSET -2.69369 -7.40087 0.00000
					CHANNELS 3 Zrotation Yrotation Xrotation
					JOINT RightToeBase
					{
						OFFSET -0.28932 -0.79491 2.04975
						CHANNELS 3 Zrotation Yrotation Xrotation
						End Site
						{
							OFFSET 0.00009 0.00010 1.09536
						}
					}
				}
			}
		}
	}
	JOINT LowerBack
	{
		OFFSET 0 0 0
		CHANNELS 3 Zrotation Yrotation Xrotation
		JOINT Spine
		{
			OFFSET 0.01912 1.94784 -0.02419
			CHANNELS 3 Zrotation Yrotation Xrotation
			JOINT Spine1
			{
				OFFSET 0.07565 1.94258 0.01909
				CHANNELS 3 Zrotation Yrotation Xrotation
				JOINT Neck
				{
					OFFSET 0 0 0
					CHANNELS 3 Zrotation Yrotation Xrotation
					JOINT Neck1
					{
						OFFSET -0.07010 1.86195 0.18976
						CHANNELS 3 Zrotation Yrotation Xrotation
						JOINT Head
						{
							OFFSET 0.02284 1.86595 -0.31497
							CHANNELS 3 Zrotation Yrotation Xrotation
							End Site
							{
								OFFSET 0.01200 1.90122 -0.12838
							}
						}
					}
				}
				JOINT LeftShoulder
				{
					OFFSET 0 0 0
					CHANNELS 3 Zrotation Yrotation Xrotation
					JOINT LeftArm
					{
						OFFSET 3.39189 0.96331 -0.10437
						CHANNELS 3 Zrotation Yrotation Xrotation
						JOINT LeftForeArm
						{
							OFFSET 5.14845 -0.00000 0.00000
							CHANNELS 3 Zrotation Yrotation Xrotation
							JOINT LeftHand
							{
								OFFSET 3.43674 -0.00000 -0.00000
								CHANNELS 3 Zrotation Yrotation Xrotation
								JOINT LeftFingerBase
								{
									OFFSET 0 0 0
									CHANNELS 3 Zrotation Yrotation Xrotation
									JOINT LeftHandIndex1
									{
										OFFSET 0.58871 -0.00000 0.00000
										CHANNELS 3 Zrotation Yrotation Xrotation
										End Site
										{
											OFFSET 0.47463 -0.00000 0.00000
										}
									}
								}
								JOINT LThumb
								{
									OFFSET 0 0 0
									CHANNELS 3 Zrotation Yrotation Xrotation
									End Site
									{
										OFFSET 0.48188 -0.00000 0.48188
									}
								}
							}
						}
					}
				}
				JOINT RightShoulder
				{
					OFFSET 0 0 0
					CHANNELS 3 Zrotation Yrotation Xrotation
					JOINT RightArm
					{
						OFFSET -3.34934 1.18831 -0.19928
						CHANNELS 3 Zrotation Yrotation Xrotation
						JOINT RightForeArm
						{
							OFFSET -5.42185 -0.00000 0.00000
							CHANNELS 3 Zrotation Yrotation Xrotation
							JOINT RightHand
							{
								OFFSET -3.51317 -0.00000 -0.00000
								CHANNELS 3 Zrotation Yrotation Xrotation
								JOINT RightFingerBase
								{
									OFFSET 0 0 0
									CHANNELS 3 Zrotation Yrotation Xrotation
									JOINT RightHandIndex1
									{
										OFFSET -0.66319 -0.00000 0.00000
										CHANNELS 3 Zrotation Yrotation Xrotation
										End Site
										{
											OFFSET -0.53468 -0.00000 0.00000
										}
									}
								}
								JOINT RThumb
								{
									OFFSET 0 0 0
									CHANNELS 3 Zrotation Yrotation Xrotation
									End Site
									{
										OFFSET -0.54284 -0.00000 0.54284
									}
								}
							}
						}
					}
				}
			}
		}
	}
}
MOTION
Frames: 241
Frame Time: 0.0166666
1.7846 18.0853 -3.9668 0 0 0 0 0 0 -21 0 0 0 0 0 0 0 0 0 0 0 0 0 0 21 0 0 0 0 0 0 0 0 0 0 0 0 0 0 0 0 0 0 0 0 0 0 -16 0 0 21 0 0 11 0 0 0 -8 0 0 0 0 0 0 0 0 0 0 0 0 0 0 0 0 0 0 0 0 8 0 0 0 0 0 0 0 0 0 0 0 0 0 0 0 0 0
1.8128 18.0852 -3.9765 -11.8580 -70.2438 17.4565 0.0000 0.0000 0.0000 -15.9573 -7.4870 -7.6363 1.6175 8.0192 22.7725 1.1704 -5.0863 -19.3948 0.4029 -4.0751 -11.2879 0.0000 0.0000 0.0000 23.7179 3.5019 -13.5028 -2.9295 -10.5800 30.8761 -1.9259 -6.1819 -29.0290 -0.0060 0.5014 -1.3777 2.2990 2.4728 -1.9400 3.1408 3.1798 -0.1282 2.0193 1.5777 0.9022 -0.5927 8.6127 -14.2851 -8.8184 13.3935 14.8912 -1.3125 5.5205 7.5335 0.0000 0.0000 0.0000 -92.6284 -1.0314 9.7750 13.7959 -22.4422 -2.7497 -0.0000 -0.0000 0.6791 22.7314 20.3858 8.3030 -7.1250 0.0000 -0.0000 -5.8912 51.8309 -0.9938 0.0000 0.0000 0.0000 86.3397 -5.5210 11.9659 -18.3251 28.5715 -4.7037 0.0000 -0.0000 -0.1573 -26.0666 14.2634 -6.8722 7.1250 -0.0000 -0.0000 0.9575 -14.1797 0.6939
1.8286 18.0851 -3.9617 -11.0326 -70.2458 16.6843 0.0000 0.0000 0.0000 -16.3164 -7.5137 -7.7065 1.6225 8.0310 22.8083 1.1680 -5.3397 -19.3550 0.3542 -3.8235 -10.5806 0.0000 0.0000 0.0000 23.3415 3.3826 -13.6256 -2.9437 -10.6033 30.9533 -1.9267 -6.2145 -29.0528 -0.0136 0.7523 -2.0675 2.0449 2.5317 -2.0209 2.9835 3.2635 -0.0525 2.0079 1.6209 1.0185 -0.6509 8.6130 -14.3139 -8.7299 13.3753 14.7395 -1.2793 5.5255 7.4769 0.0000 0.0000 0.0000 -92.6465 -1.2977 9.6245 13.7275 -22.3438 -2.7237 -0.0000 -0.0000 1.0153 22.5874 20.1438 8.1528 -7.1250 0.0000 -0.0000 -5.9636 51.5514 -0.9651 0.0000 0.0000 0.0000 86.4051 -5.4285 11.9761 -18.4810 28.7686 -4.7785 0.0000 0.0000 0.0560 -26.5353 14.6120 -7.1799 7.1250 -0.0000 -0.0000 0.6689 -13.7344 0.4910
1.8420 18.0859 -3.9359 -9.5652 -70.2838 15.4029 0.0000 0.0000 0.0000 -17.0089 -7.6601 -7.4392 1.5401 7.8341 22.2112 1.1216 -5.2028 -18.9645 0.3300 -3.6922 -10.2122 0.0000 0.0000 0.0000 22.6489 3.0834 -14.0587 -3.0186 -10.7251 31.3583 -1.9602 -6.0300 -29.1680 -0.0213 0.9416 -2.5880 1.6716 2.5148 -2.2606 2.7422 3.2475 0.0074 1.9814 1.6141 1.2076 -0.8585 8.6406 -14.2181 -8.4888 13.3694 14.3715 -1.1838 5.5592 7.3064 -0.0000 -0.0000 0.0000 -92.5883 -1.3125 9.4273 13.8849 -22.5699 -2.7838 -0.0000 -0.0000 1.3708 22.2892 19.8414 7.9207 -7.1250 0.0000 -0.0000 -6.1721 51.1821 -0.9430 -0.0000 -0.0000 0.0000 86.4692 -5.2854 12.1044 -18.6715 29.0084 -4.8705 0.0000 0.0000 0.2558 -26.3707 14.4353 -7.0453 7.1250 -0.0000 -0.0000 0.7654 -13.9509 0.5583
1.8506 18.0850 -3.9082 -6.8717 -70.6469 12.6440 0.0000 0.0000 0.0000 -18.2802 -7.6405 -7.0000 1.5199 7.7848 22.0623 1.1070 -4.9169 -18.8587 0.3009 -3.5268 -9.7490 0.0000 0.0000 0.0000 21.4270 2.7682 -14.0197 -3.0675 -10.8036 31.6203 -2.0336 -5.4627 -29.3367 -0.0160 0.8170 -2.2454 0.8051 2.5680 -2.2138 2.3739 3.3522 0.1723 2.0925 1.6656 1.3202 -0.6977 8.7399 -14.2627 -8.4676 13.4594 14.2486 -1.1909 5.6194 7.2859 -0.0000 -0.0000 0.0000 -92.6680 -1.3482 8.7956 14.0920 -22.8660 -2.8637 -0.0000 -0.0000 2.0645 22.0110 20.0209 7.8797 -7.1250 0.0000 -0.0000 -6.5014 51.3224 -1.0161 -0.0000 -0.0000 0.0000 86.4560 -5.2944 12.8347 -19.0259 29.4509 -5.0436 0.0000 -0.0000 -0.2859 -26.4482 13.0527 -6.4102 7.1250 -0.0000 -0.0000 0.6030 -15.4630 0.4204
1.8740 18.0818 -3.8917 -6.1878 -70.3200 12.0641 0.0000 0.0000 0.0000 -18.5244 -7.8039 -7.1435 1.5134 7.7689 22.0143 1.0829 -5.2436 -18.6213 0.2497 -3.2155 -8.8793 0.0000 0.0000 0.0000 21.1341 2.5241 -14.3732 -3.1161 -10.8806 31.8783 -2.0543 -5.3753 -29.4235 -0.0115 0.6936 -1.9061 0.6137 2.5070 -2.2101 2.3147 3.2790 0.1429 2.1350 1.6288 1.2828 -0.8516 8.7370 -14.1434 -8.3997 13.4461 14.0254 -1.1578 5.6276 7.1764 -0.0000 0.0000 0.0000 -92.8271 -1.4273 8.8040 14.0722 -22.8378 -2.8561 -0.0000 -0.0000 2.0725 22.3045 19.9146 7.9544 -7.1250 0.0000 -0.0000 -6.1782 51.2617 -0.9561 -0.0000 0.0000 0.0000 86.3557 -5.3867 13.0270 -19.2561 29.7357 -5.1573 0.0000 -0.0000 -0.3390 -26.4549 13.2333 -6.4985 7.1250 -0.0000 -0.0000 0.6122 -15.2631 0.4294
1.8984 18.0776 -3.8699 -5.1916 -70.1883 11.0281 0.0000 0.0000 0.0000 -18.9398 -7.5310 -7.2937 1.5275 7.8035 22.1188 1.0752 -5.8094 -18.5244 0.2237 -3.0443 -8.4022 0.0000 0.0000 0.0000 20.6623 2.2787 -14.5017 -3.1567 -10.9445 32.0928 -2.0673 -5.2023 -29.4169 -0.0128 0.7294 -2.0045 0.4524 2.5438 -2.1239 2.0945 3.3384 0.2268 1.9993 1.6590 1.3225 -0.9844 8.6995 -14.1263 -8.1059 13.3579 13.9020 -1.0597 5.6147 7.0977 -0.0000 -0.0000 0.0000 -92.5579 -1.5696 9.5464 14.0889 -22.8616 -2.8626 -0.0000 -0.0000 1.4532 21.6221 20.4706 7.8922 -7.1250 0.0000 -0.0000 -7.0264 51.7245 -1.1683 -0.0000 -0.0000 0.0000 86.3697 -5.5423 13.5089 -19.5528 30.0998 -5.3053 0.0000 -0.0000 -1.1707 -26.7475 13.1475 -6.5396 7.1250 -0.0000 -0.0000 0.4050 -15.3216 0.2836
1.9244 18.0744 -3.8493 -5.5527 -69.8343 11.3209 0.0000 0.0000 0.0000 -18.7984 -7.3657 -7.5107 1.5439 7.8434 22.2395 1.0686 -6.2394 -18.4553 0.2623 -3.2946 -9.1000 0.0000 0.0000 0.0000 20.7569 1.9447 -14.6793 -3.1856 -10.9897 32.2450 -2.1010 -5.0328 -29.5454 -0.0056 0.4824 -1.3256 0.6993 2.4853 -2.0937 2.0624 3.2521 0.3483 1.8286 1.6169 1.4485 -0.9240 8.6825 -14.3724 -8.0839 13.3188 13.7920 -1.0575 5.6002 7.1049 0.0000 -0.0000 0.0000 -92.5133 -1.7840 9.6119 14.1306 -22.9211 -2.8788 -0.0000 -0.0000 1.3725 21.4721 20.2488 7.7524 -7.1250 0.0000 -0.0000 -7.1064 51.4674 -1.1368 0.0000 -0.0000 0.0000 86.4527 -5.2539 13.0318 -19.5351 30.0782 -5.2964 0.0000 -0.0000 -0.6692 -26.4431 13.1713 -6.4655 7.1250 -0.0000 -0.0000 0.6154 -15.3329 0.4308
1.9505 18.0731 -3.8283 -4.6576 -69.5269 10.4598 0.0000 0.0000 0.0000 -19.1956 -7.6739 -7.5168 1.5480 7.8531 22.2689 1.0626 -6.1781 -18.4031 0.2853 -3.4351 -9.4926 0.0000 0.0000 0.0000 20.3561 1.6449 -14.9106 -3.2200 -11.0429 32.4247 -2.0814 -5.1316 -29.4711 -0.0164 0.8277 -2.2749 0.4605 2.4263 -1.9715 1.9735 3.1851 0.3368 1.8622 1.5829 1.3619 -1.1000 8.6458 -14.2976 -8.0071 13.2683 13.6024 -1.0202 5.5867 7.0112 0.0000 0.0000 0.0000 -92.6066 -1.8140 9.6803 14.1816 -22.9937 -2.8987 -0.0000 -0.0000 1.4988 21.8140 20.0831 7.8258 -7.1250 0.0000 -0.0000 -6.7158 51.3537 -1.0551 0.0000 0.0000 0.0000 86.2798 -5.3108 13.1285 -19.5768 30.1291 -5.3173 0.0000 -0.0000 -0.8945 -26.3317 13.2940 -6.4927 7.1250 -0.0000 -0.0000 0.7012 -15.2114 0.4927
1.9734 18.0730 -3.8041 -3.7359 -69.3376 9.5446 0.0000 0.0000 0.0000 -19.6118 -7.4930 -7.5325 1.5307 7.8111 22.1419 1.0417 -6.7150 -18.2175 0.2040 -2.9083 -8.0236 0.0000 0.0000 0.0000 19.9042 1.4940 -15.0780 -3.2737 -11.1254 32.7040 -2.1033 -5.1100 -29.5992 -0.0159 0.8131 -2.2346 0.2488 2.3887 -1.8928 1.8137 3.1456 0.3444 1.8118 1.5632 1.3242 -1.0976 8.6270 -14.2604 -7.8970 13.2205 13.5861 -0.9937 5.5769 6.9892 -0.0000 -0.0000 0.0000 -92.5750 -1.8509 9.7839 14.2401 -23.0769 -2.9215 -0.0000 -0.0000 1.0407 21.4280 20.6899 7.8943 -7.1250 0.0000 -0.0000 -7.2898 51.9186 -1.2473 -0.0000 -0.0000 0.0000 86.2777 -5.4091 13.1814 -19.6663 30.2382 -5.3623 0.0000 -0.0000 -1.0713 -26.6801 12.6815 -6.2953 7.1250 -0.0000 -0.0000 0.4154 -15.8449 0.2862
1.9927 18.0671 -3.7870 -3.1118 -69.0902 8.9127 0.0000 0.0000 0.0000 -19.8477 -7.1849 -7.6279 1.5167 7.7772 22.0394 1.0287 -7.5334 -18.1282 0.1571 -2.5540 -7.0395 0.0000 0.0000 0.0000 19.6273 1.4343 -15.1843 -3.3228 -11.2000 32.9575 -2.0775 -5.5045 -29.6388 -0.0393 1.2790 -3.5168 -0.0047 2.2924 -1.9489 1.7339 3.0236 0.4527 1.8738 1.5000 1.4614 -0.9076 8.6381 -14.1615 -8.1425 13.1995 13.2357 -1.1114 5.5760 6.8888 0.0000 0.0000 0.0000 -92.6782 -1.9418 9.7156 14.3229 -23.1944 -2.9541 -0.0000 -0.0000 0.9459 22.1386 20.7591 8.2055 -7.1250 0.0000 -0.0000 -6.6003 52.1166 -1.1606 0.0000 0.0000 0.0000 86.1762 -5.2702 13.4399 -19.6579 30.2279 -5.3580 0.0000 -0.0000 -1.3316 -26.7940 12.2290 -6.1057 7.1250 -0.0000 -0.0000 0.3030 -16.3321 0.2056
2.0199 18.0704 -3.7600 -2.5657 -68.8225 8.3415 0.0000 0.0000 0.0000 -20.1200 -7.3470 -7.6125 1.5157 7.7746 22.0314 0.9934 -7.9769 -17.8468 0.0991 -2.0300 -5.5887 0.0000 0.0000 0.0000 19.3115 1.1894 -15.3027 -3.3507 -11.2422 33.1010 -2.0938 -5.4900 -29.7345 -0.0415 1.3151 -3.6164 -0.0334 2.2941 -1.8607 1.6282 3.0293 0.4952 1.7789 1.5032 1.4595 -1.1351 8.5695 -14.2162 -7.9191 13.1185 13.2573 -1.0147 5.5436 6.8707 0.0000 0.0000 0.0000 -92.5470 -2.0576 10.0812 14.2848 -23.1404 -2.9391 -0.0000 -0.0000 0.8990 21.2787 21.9966 8.2993 -7.1250 0.0000 -0.0000 -7.8833 53.2462 -1.6069 0.0000 0.0000 0.0000 86.0899 -5.2834 13.2813 -19.6006 30.1581 -5.3292 0.0000 -0.0000 -1.1626 -26.7204 12.3750 -6.1574 7.1250 -0.0000 -0.0000 0.3647 -16.1792 0.2487
2.0447 18.0653 -3.7298 -2.2582 -68.5152 7.9726 0.0000 0.0000 0.0000 -20.3135 -7.3168 -7.6110 1.5157 7.7746 22.0315 0.9774 -8.4257 -17.7460 0.0711 -1.7204 -4.7335 0.0000 0.0000 0.0000 19.0676 0.9093 -15.3826 -3.3762 -11.2804 33.2315 -2.1165 -5.2743 -29.7664 -0.0316 1.1476 -3.1551 -0.0377 2.3075 -1.8343 1.5797 3.0478 0.5539 1.7327 1.5123 1.5067 -1.1598 8.4657 -14.4169 -7.8086 12.9988 13.5210 -0.9760 5.4753 6.9765 0.0000 0.0000 0.0000 -92.7480 -2.1848 10.2549 14.2072 -23.0302 -2.9087 -0.0000 -0.0000 1.2562 21.7264 21.6194 8.3523 -7.1250 0.0000 -0.0000 -7.2978 52.9382 -1.4314 0.0000 0.0000 0.0000 85.9978 -5.2277 13.0421 -19.4336 29.9539 -5.2456 0.0000 -0.0000 -1.0926 -26.8749 12.8587 -6.4348 7.1250 -0.0000 -0.0000 0.2950 -15.6252 0.2047
2.0647 18.0570 -3.7089 -2.3499 -68.1681 7.9356 0.0000 0.0000 0.0000 -20.3126 -6.7181 -7.8094 1.5177 7.7795 22.0464 0.9865 -8.9064 -17.8773 0.1735 -2.6831 -7.3977 0.0000 0.0000 0.0000 19.0571 0.7760 -15.3719 -3.4108 -11.3321 33.4082 -2.1098 -5.4909 -29.8354 -0.0473 1.4029 -3.8582 -0.2110 2.2791 -1.7517 1.7203 3.0116 0.6000 1.9699 1.4917 1.4925 -1.3900 8.3918 -14.2864 -7.6937 12.9077 13.4066 -0.9240 5.4407 6.8909 -0.0000 -0.0000 0.0000 -92.9898 -2.2001 10.4528 14.2318 -23.0651 -2.9183 -0.0000 -0.0000 1.0605 22.2540 21.4829 8.5227 -7.1250 0.0000 -0.0000 -6.7170 52.8934 -1.3093 -0.0000 -0.0000 0.0000 85.6351 -5.3357 12.9662 -19.3501 29.8514 -5.2040 0.0000 -0.0000 -1.0384 -26.4847 13.2167 -6.4989 7.1250 -0.0000 -0.0000 0.5905 -15.2778 0.4141
2.0930 18.0525 -3.6771 -1.9288 -67.8210 7.4282 0.0000 0.0000 0.0000 -20.5761 -6.3076 -7.9060 1.5112 7.7635 21.9981 0.9942 -9.2706 -17.9883 0.2705 -3.3455 -9.2422 0.0000 0.0000 0.0000 18.7388 0.1486 -15.5904 -3.4514 -11.3922 33.6142 -2.1213 -5.2439 -29.7809 -0.0537 1.4957 -4.1140 -0.0811 2.3326 -1.7667 1.5063 3.0826 0.7168 1.6843 1.5285 1.6366 -1.2826 8.2473 -14.3228 -7.5348 12.6646 13.3988 -0.9157 5.3451 6.8810 0.0000 -0.0000 0.0000 -92.8812 -2.4361 10.3451 14.2087 -23.0323 -2.9093 -0.0000 -0.0000 1.4526 21.9200 21.1240 8.2516 -7.1250 0.0000 -0.0000 -6.9369 52.4582 -1.2784 0.0000 -0.0000 0.0000 85.7931 -5.2740 12.3237 -19.1579 29.6144 -5.1086 0.0000 -0.0000 -0.4202 -26.0196 13.5083 -6.5052 7.1250 -0.0000 -0.0000 0.9309 -15.0144 0.6581
2.1171 18.0487 -3.6543 -1.4158 -67.5644 6.8222 0.0000 0.0000 0.0000 -20.8580 -6.4391 -7.7017 1.4896 7.7105 21.8382 0.9608 -9.4034 -17.7197 0.2183 -3.0077 -8.3002 0.0000 0.0000 0.0000 18.4469 0.2796 -15.4792 -3.4902 -11.4492 33.8103 -2.1618 -5.3603 -30.0943 -0.0340 1.1895 -3.2704 -0.3621 2.3331 -1.6963 1.5239 3.0897 0.8046 1.8586 1.5285 1.6712 -1.4088 8.1813 -14.4615 -7.4398 12.6065 13.5645 -0.8646 5.3069 6.9421 0.0000 -0.0000 0.0000 -92.8679 -2.3778 11.0992 14.3055 -23.1698 -2.9472 -0.0000 -0.0000 0.9038 22.4039 21.1077 8.4445 -7.1250 0.0000 -0.0000 -6.4435 52.5290 -1.1980 0.0000 -0.0000 0.0000 85.5524 -5.3202 12.2034 -19.0496 29.4802 -5.0552 0.0000 -0.0000 -0.3781 -25.8978 13.5406 -6.4855 7.1250 -0.0000 -0.0000 1.0166 -14.9941 0.7191
2.1421 18.0500 -3.6281 -1.3194 -67.3667 6.5703 0.0000 0.0000 0.0000 -20.9903 -6.1854 -7.6621 1.4813 7.6899 21.7762 0.9504 -9.7445 -17.6820 0.2325 -3.1033 -8.5665 0.0000 0.0000 0.0000 18.3040 0.1401 -15.3985 -3.5065 -11.4730 33.8922 -2.1715 -5.2616 -30.1046 -0.0293 1.1046 -3.0366 -0.2820 2.3991 -1.6644 1.4592 3.1756 0.9397 1.7527 1.5712 1.7971 -1.4616 8.0266 -14.4235 -7.3084 12.3763 13.4952 -0.8437 5.2116 6.8930 -0.0000 -0.0000 0.0000 -92.9141 -2.5618 10.9390 14.2525 -23.0946 -2.9264 -0.0000 -0.0000 1.6417 21.9359 20.5590 8.0497 -7.1250 0.0000 -0.0000 -6.7406 51.8717 -1.1449 -0.0000 -0.0000 0.0000 85.4209 -5.3864 12.8098 -19.0219 29.4459 -5.0416 0.0000 -0.0000 -0.9741 -25.3453 12.3535 -5.7864 7.1250 -0.0000 -0.0000 1.3142 -16.3597 0.8911
2.1652 18.0492 -3.5985 -1.2624 -67.2854 6.3502 0.0000 0.0000 0.0000 -21.1119 -5.8067 -7.6841 1.4821 7.6919 21.7821 0.9256 -10.3084 -17.5665 0.1971 -2.8587 -7.8855 0.0000 0.0000 0.0000 18.1373 -0.2385 -15.3965 -3.5154 -11.4860 33.9369 -2.1853 -4.9994 -30.0589 -0.0258 1.0368 -2.8499 -0.3232 2.4467 -1.6021 1.4636 3.2395 1.0049 1.7810 1.6021 1.8245 -1.4757 7.9723 -14.3165 -7.2429 12.2890 13.4891 -0.8351 5.1789 6.8644 0.0000 -0.0000 0.0000 -92.9584 -2.4029 11.7805 14.4112 -23.3195 -2.9890 -0.0000 -0.0000 0.0259 21.6393 20.4235 7.8819 -7.1250 0.0000 -0.0000 -6.9945 51.6785 -1.1551 0.0000 -0.0000 0.0000 85.4494 -5.2631 12.1548 -18.6957 29.0388 -4.8823 0.0000 -0.0000 -0.1526 -26.1328 12.4306 -6.0284 7.1250 -0.0000 -0.0000 0.7746 -16.1861 0.5281
2.1880 18.0475 -3.5741 -0.6671 -67.1805 5.6161 0.0000 0.0000 0.0000 -21.4840 -5.6891 -7.5791 1.4846 7.6981 21.8007 0.9209 -10.3469 -17.5341 0.1948 -2.8419 -7.8389 0.0000 0.0000 0.0000 17.7799 -0.1722 -15.1628 -3.5124 -11.4816 33.9218 -2.1965 -5.0324 -30.1454 -0.0156 0.8077 -2.2199 -0.6863 2.4928 -1.4672 1.5244 3.3089 1.0298 2.0416 1.6326 1.7482 -1.8250 7.8653 -14.1914 -7.0083 12.1754 13.5682 -0.7255 5.1272 6.8283 -0.0000 -0.0000 0.0000 -93.1806 -2.2267 12.1276 14.4642 -23.3944 -3.0100 -0.0000 0.0000 -0.5200 21.4903 20.4928 7.8479 -7.1250 0.0000 -0.0000 -7.1648 51.7245 -1.1916 -0.0000 -0.0000 0.0000 85.2853 -5.2517 11.5566 -18.3612 28.6172 -4.7210 0.0000 0.0000 0.1464 -25.5684 12.4115 -5.8712 7.1250 -0.0000 -0.0000 1.1636 -16.2712 0.7911
2.2095 18.0490 -3.5515 -1.1309 -67.1752 5.9665 0.0000 0.0000 0.0000 -21.3862 -5.5966 -7.5442 1.4801 7.6869 21.7671 0.9155 -10.4193 -17.5017 0.2199 -3.0185 -8.3302 0.0000 0.0000 0.0000 17.9036 0.1405 -14.9475 -3.4996 -11.4629 33.8575 -2.1920 -5.2219 -30.2120 -0.0136 0.7522 -2.0673 -0.6427 2.5008 -1.4982 1.6805 3.3149 1.0326 2.1789 1.6346 1.7615 -1.9075 7.8259 -13.8427 -7.1027 12.1201 13.3996 -0.7657 5.1059 6.7146 0.0000 -0.0000 0.0000 -93.3657 -1.9455 11.8770 14.5823 -23.5611 -3.0570 -0.0000 0.0000 -0.4629 21.1476 20.3781 7.6714 -7.1250 0.0000 -0.0000 -7.4694 51.5458 -1.2098 0.0000 -0.0000 0.0000 84.9071 -5.2973 12.0538 -18.0868 28.2682 -4.5903 0.0000 -0.0000 -0.3735 -25.0295 12.3577 -5.7067 7.1250 -0.0000 -0.0000 1.5331 -16.3898 1.0386
2.2346 18.0486 -3.5251 -1.1132 -67.0713 5.8278 0.0000 0.0000 0.0000 -21.5196 -5.7516 -7.3465 1.4677 7.6560 21.6739 0.9060 -10.3616 -17.4090 0.2043 -2.9101 -8.0286 0.0000 0.0000 0.0000 17.7858 0.0236 -14.8750 -3.4991 -11.4622 33.8551 -2.1793 -5.2662 -30.1559 -0.0214 0.9448 -2.5968 -0.5939 2.4983 -1.4845 1.6748 3.3092 1.1329 2.1483 1.6308 1.8602 -1.9379 7.7709 -14.0060 -7.0897 12.0627 13.4581 -0.7554 5.0703 6.7574 -0.0000 -0.0000 0.0000 -93.3209 -1.9108 12.0220 14.6227 -23.6178 -3.0732 -0.0000 0.0000 -0.6835 21.7553 20.2183 7.8525 -7.1250 0.0000 -0.0000 -6.8154 51.4846 -1.0928 -0.0000 -0.0000 0.0000 84.9307 -5.0858 11.6098 -17.7622 27.8516 -4.4376 0.0000 0.0000 0.1770 -27.0113 12.2295 -6.1632 7.1250 -0.0000 -0.0000 0.1528 -16.3061 0.1037
2.2524 18.0479 -3.5035 -0.9870 -67.0669 5.6765 0.0000 0.0000 0.0000 -21.6583 -5.5726 -7.2984 1.4388 7.5836 21.4562 0.8781 -10.5378 -17.2028 0.1849 -2.7693 -7.6372 0.0000 0.0000 0.0000 17.6312 -0.0091 -14.9326 -3.5203 -11.4932 33.9618 -2.1689 -5.2416 -30.0783 -0.0212 0.9393 -2.5818 -0.7570 2.5716 -1.5987 1.6848 3.4106 1.1697 2.2593 1.6782 1.9479 -2.0460 7.6640 -13.9198 -6.8902 11.9035 13.4807 -0.6967 5.0083 6.7254 0.0000 0.0000 0.0000 -93.2314 -1.7137 12.1844 14.7139 -23.7461 -3.1098 -0.0000 0.0000 -0.9477 21.1175 20.3469 7.6485 -7.1250 0.0000 -0.0000 -7.4893 51.5082 -1.2062 0.0000 0.0000 0.0000 84.8649 -5.1468 11.7016 -17.6521 27.7094 -4.3863 0.0000 -0.0000 -0.1293 -25.4600 12.1801 -5.7364 7.1250 -0.0000 -0.0000 1.2236 -16.5369 0.8249
2.2739 18.0445 -3.4813 -0.4409 -67.1985 5.0702 0.0000 0.0000 0.0000 -22.0243 -5.6527 -7.1160 1.4260 7.5512 21.3591 0.8646 -10.5010 -17.0778 0.1438 -2.4442 -6.7349 0.0000 0.0000 0.0000 17.2636 0.0381 -14.8795 -3.5301 -11.5073 34.0106 -2.1832 -5.0705 -30.0812 -0.0124 0.7179 -1.9728 -1.1139 2.5676 -1.5935 1.7058 3.4137 1.2502 2.4825 1.6736 2.0058 -2.2447 7.6832 -13.8735 -6.7517 11.9307 13.3387 -0.6258 5.0323 6.6514 -0.0000 0.0000 0.0000 -93.4226 -1.6218 11.6501 14.7178 -23.7515 -3.1114 -0.0000 0.0000 -0.5369 21.9882 20.1687 7.9258 -7.1250 0.0000 -0.0000 -6.5685 51.4731 -1.0511 -0.0000 0.0000 0.0000 84.7046 -4.8829 11.4117 -17.2830 27.2293 -4.2160 0.0000 0.0000 0.4122 -25.5259 13.1758 -6.2121 7.1250 -0.0000 -0.0000 1.2450 -15.4388 0.8688
2.2983 18.0436 -3.4537 -1.1057 -67.1149 5.6434 0.0000 0.0000 0.0000 -21.8835 -5.8876 -7.0344 1.4306 7.5628 21.3939 0.8740 -10.3044 -17.1204 0.1459 -2.4616 -6.7832 0.0000 0.0000 0.0000 17.4264 -0.1599 -14.9058 -3.5193 -11.4917 33.9567 -2.1855 -4.9999 -30.0604 -0.0119 0.7037 -1.9338 -0.7497 2.6834 -1.6131 1.6842 3.5583 1.2717 2.2632 1.7502 2.0549 -2.1671 7.5126 -13.9394 -6.7096 11.6797 13.3299 -0.6476 4.9188 6.6552 -0.0000 -0.0000 0.0000 -93.1356 -1.5183 11.3359 14.6574 -23.6667 -3.0871 -0.0000 -0.0000 0.5601 21.9298 19.9652 7.8273 -7.1250 0.0000 -0.0000 -6.5654 51.2503 -1.0145 -0.0000 -0.0000 0.0000 84.9503 -4.8953 11.0412 -17.1769 27.0904 -4.1676 0.0000 0.0000 0.6816 -25.5639 12.8151 -6.0564 7.1250 -0.0000 -0.0000 1.1939 -15.8294 0.8231
2.3215 18.0430 -3.4317 -1.2730 -67.2504 5.6667 0.0000 0.0000 0.0000 -21.9422 -5.9292 -6.9263 1.4392 7.5845 21.4589 0.8840 -10.1957 -17.1862 0.1267 -2.2947 -6.3207 0.0000 0.0000 0.0000 17.3627 -0.2705 -14.8476 -3.5113 -11.4801 33.9166 -2.1875 -4.7969 -29.9725 -0.0081 0.5812 -1.5972 -0.8483 2.7347 -1.4736 1.7585 3.6271 1.3037 2.3896 1.7829 1.9957 -2.1799 7.4980 -14.0032 -6.6535 11.6599 13.3630 -0.6272 4.9105 6.6718 0.0000 -0.0000 0.0000 -93.0466 -1.3692 11.4331 14.6675 -23.6809 -3.0912 -0.0000 0.0000 -0.3623 20.5144 20.6031 7.5009 -7.1250 0.0000 -0.0000 -8.1710 51.6693 -1.3495 0.0000 -0.0000 0.0000 84.8965 -4.8724 10.7345 -17.0287 26.8956 -4.1003 0.0000 0.0000 1.5338 -24.8727 13.1218 -6.0082 7.1250 -0.0000 -0.0000 1.6900 -15.5742 1.1747
2.3354 18.0409 -3.4162 -1.0283 -67.4173 5.3636 0.0000 0.0000 0.0000 -22.0776 -5.2026 -7.1558 1.4413 7.5898 21.4751 0.8556 -10.8887 -17.0834 0.0963 -2.0017 -5.5104 0.0000 0.0000 0.0000 17.1478 -0.4218 -14.8790 -3.5151 -11.4856 33.9356 -2.1726 -4.6553 -29.8100 -0.0118 0.7001 -1.9241 -1.1336 2.8054 -1.4785 1.8147 3.7272 1.3501 2.6108 1.8278 2.0198 -2.4512 7.3631 -14.0913 -6.4824 11.5040 13.3335 -0.5463 4.8362 6.6475 0.0000 0.0000 0.0000 -93.0594 -1.2414 11.1575 14.5937 -23.5771 -3.0616 -0.0000 0.0000 -0.4912 21.6568 20.5575 7.9377 -7.1250 0.0000 -0.0000 -7.0191 51.8211 -1.1838 0.0000 0.0000 0.0000 84.8509 -4.9678 11.1997 -17.2081 27.1313 -4.1818 0.0000 0.0000 0.8132 -24.6405 12.6184 -5.7222 7.1250 -0.0000 -0.0000 1.8183 -16.1483 1.2414
2.3623 18.0399 -3.3924 -1.3607 -67.5326 5.6024 0.0000 0.0000 0.0000 -22.0391 -5.0131 -7.1726 1.4410 7.5890 21.4727 0.8419 -11.0784 -17.0084 0.0622 -1.6094 -4.4274 0.0000 0.0000 0.0000 17.1341 -0.4846 -14.8944 -3.5169 -11.4882 33.9445 -2.1917 -4.2603 -29.7403 -0.0029 0.3455 -0.9492 -0.9053 2.7986 -1.4868 1.7013 3.7138 1.4364 2.3705 1.8232 2.1356 -1.9975 7.3621 -14.3315 -6.5710 11.4368 13.2990 -0.6406 4.8156 6.7060 0.0000 -0.0000 0.0000 -92.6932 -1.2306 10.2369 14.4536 -23.3794 -3.0058 -0.0000 -0.0000 0.7529 21.6048 20.5095 7.8995 -7.1250 0.0000 -0.0000 -7.0558 51.7619 -1.1798 0.0000 -0.0000 0.0000 85.1942 -4.7187 11.3354 -17.1164 27.0110 -4.1401 0.0000 0.0000 1.1059 -24.3698 12.8408 -5.7488 7.1250 -0.0000 -0.0000 2.0185 -15.9363 1.3876
2.3829 18.0408 -3.3760 -0.9512 -67.6219 5.1930 0.0000 0.0000 0.0000 -22.2897 -4.9772 -7.2162 1.4403 7.5874 21.4676 0.8302 -11.1172 -16.9167 0.0426 -1.3314 -3.6610 0.0000 0.0000 0.0000 16.8652 -0.4252 -14.9008 -3.5120 -11.4810 33.9198 -2.1592 -4.3352 -29.5713 -0.0057 0.4873 -1.3390 -1.2303 2.8139 -1.4440 1.7065 3.7430 1.4159 2.5545 1.8341 2.0683 -2.0585 7.2614 -14.2558 -6.4834 11.2856 13.1999 -0.6245 4.7548 6.6484 -0.0000 -0.0000 0.0000 -92.6574 -1.0744 9.4295 14.3047 -23.1686 -2.9469 -0.0000 -0.0000 1.6129 21.8820 20.3553 7.9530 -7.1250 0.0000 -0.0000 -6.7313 51.6495 -1.1065 -0.0000 -0.0000 0.0000 85.2923 -4.7617 11.4874 -17.1666 27.0769 -4.1629 0.0000 0.0000 0.7464 -24.7156 12.9827 -5.9037 7.1250 -0.0000 -0.0000 1.7890 -15.7435 1.2371
2.4038 18.0422 -3.3594 -1.3728 -67.8061 5.5309 0.0000 0.0000 0.0000 -22.2139 -5.1064 -7.1005 1.4381 7.5817 21.4507 0.8163 -11.1218 -16.7967 0.0144 -0.7753 -2.1307 0.0000 0.0000 0.0000 16.9279 -0.5109 -14.9495 -3.5080 -11.4752 33.8999 -2.1251 -4.2957 -29.3363 -0.0140 0.7632 -2.0974 -1.1388 2.8343 -1.3697 1.8249 3.7647 1.3904 2.6204 1.8462 1.9972 -2.4202 7.1804 -14.1110 -6.3114 11.1948 13.0024 -0.5348 4.7213 6.5277 -0.0000 0.0000 0.0000 -92.6310 -0.8742 9.1500 14.1432 -22.9390 -2.8837 -0.0000 -0.0000 1.2710 22.0328 20.6462 8.1209 -7.1250 0.0000 -0.0000 -6.6710 51.9799 -1.1507 -0.0000 0.0000 0.0000 85.2355 -4.8211 11.8484 -17.2222 27.1498 -4.1882 0.0000 0.0000 0.5810 -25.9582 12.8593 -6.1837 7.1250 -0.0000 -0.0000 0.9254 -15.7348 0.6399
2.4245 18.0416 -3.3443 -1.3087 -68.0153 5.4074 0.0000 0.0000 0.0000 -22.3573 -5.0155 -7.0951 1.4412 7.5897 21.4745 0.8157 -11.1553 -16.7990 0.0147 -0.7817 -2.1484 0.0000 0.0000 0.0000 16.7882 -0.4209 -14.8983 -3.5010 -11.4650 33.8647 -2.1238 -4.0121 -29.1941 -0.0108 0.6707 -1.8431 -1.2781 2.9084 -1.2998 1.8095 3.8673 1.3839 2.6802 1.8966 1.9379 -2.3014 7.1111 -14.1895 -6.2893 11.0800 13.0239 -0.5542 4.6713 6.5503 0.0000 0.0000 0.0000 -92.4164 -0.8392 8.6117 13.8211 -22.4783 -2.7593 -0.0000 -0.0000 1.6642 22.1794 20.3739 8.0780 -7.1250 0.0000 -0.0000 -6.4402 51.7210 -1.0696 0.0000 0.0000 0.0000 85.4000 -4.9211 11.7779 -17.3942 27.3745 -4.2670 0.0000 0.0000 0.9167 -25.1845 13.2750 -6.1628 7.1250 -0.0000 -0.0000 1.4861 -15.3707 1.0394
2.4445 18.0431 -3.3284 -1.4225 -68.0943 5.5337 0.0000 0.0000 0.0000 -22.4099 -5.2205 -7.1008 1.4493 7.6101 21.5359 0.8186 -10.9080 -16.7651 0.0115 -0.6927 -1.9036 0.0000 0.0000 0.0000 16.7334 -0.4452 -14.9634 -3.4925 -11.4526 33.8221 -2.1187 -3.9221 -29.1194 -0.0163 0.8242 -2.2651 -1.2842 2.8951 -1.3411 1.8319 3.8496 1.3629 2.7078 1.8877 1.9385 -2.1261 7.1021 -14.3227 -6.3942 11.0675 13.1565 -0.6072 4.6549 6.6314 0.0000 0.0000 0.0000 -92.4214 -0.7691 7.5323 13.5631 -22.1067 -2.6615 -0.0000 -0.0000 2.4073 21.9593 20.7617 8.1340 -7.1250 0.0000 -0.0000 -6.7810 52.0874 -1.1877 0.0000 0.0000 0.0000 85.5401 -4.9052 11.8476 -17.5098 27.5250 -4.3203 0.0000 0.0000 0.8602 -25.6035 13.1363 -6.2154 7.1250 -0.0000 -0.0000 1.1889 -15.4728 0.8288
2.4739 18.0458 -3.3215 -1.7915 -68.1301 5.8183 0.0000 0.0000 0.0000 -22.3115 -5.3180 -7.1633 1.4618 7.6413 21.6297 0.8157 -10.8233 -16.7201 0.0088 -0.6059 -1.6649 0.0000 0.0000 0.0000 16.8348 -0.3032 -14.9366 -3.4772 -11.4301 33.7447 -2.0726 -4.1259 -28.9193 -0.0138 0.7593 -2.0867 -1.3098 2.8393 -1.1617 1.9860 3.7711 1.3489 2.8676 1.8484 1.8159 -2.4146 7.0567 -14.1751 -6.2266 11.0114 12.9520 -0.5264 4.6419 6.5134 -0.0000 -0.0000 0.0000 -92.4170 -0.7602 7.0226 13.2787 -21.6942 -2.5554 -0.0000 -0.0000 2.4395 22.1983 20.7157 8.2135 -7.1250 0.0000 -0.0000 -6.5267 52.0820 -1.1420 -0.0000 -0.0000 0.0000 85.4292 -4.9068 12.2385 -17.6635 27.7242 -4.3916 0.0000 0.0000 0.6729 -25.3483 13.1566 -6.1543 7.1250 -0.0000 -0.0000 1.3656 -15.4807 0.9518
2.4986 18.0475 -3.3054 -2.0986 -68.2891 6.0940 0.0000 0.0000 0.0000 -22.3031 -5.3454 -7.2085 1.4669 7.6539 21.6678 0.8207 -10.6981 -16.7361 0.0116 -0.6957 -1.9119 0.0000 0.0000 0.0000 16.8310 -0.3787 -15.0336 -3.4712 -11.4214 33.7146 -2.0594 -3.8138 -28.6873 -0.0095 0.6286 -1.7273 -1.0798 2.8522 -1.1552 1.9274 3.7836 1.3942 2.6807 1.8568 1.8767 -2.4207 6.9941 -14.2716 -6.1118 10.9042 12.8264 -0.4994 4.6043 6.4795 -0.0000 -0.0000 0.0000 -92.2779 -0.9290 5.8560 12.8784 -21.1088 -2.4093 -0.0000 -0.0000 3.5284 22.3498 20.5292 8.2045 -7.1250 0.0000 -0.0000 -6.3170 51.9138 -1.0789 -0.0000 -0.0000 0.0000 85.7543 -4.7715 12.4136 -17.8249 27.9324 -4.4669 0.0000 0.0000 0.4658 -25.2286 12.9381 -6.0222 7.1250 -0.0000 -0.0000 1.4331 -15.7334 0.9911
2.5251 18.0500 -3.2933 -1.8169 -68.4148 5.8033 0.0000 0.0000 0.0000 -22.4668 -4.9724 -7.3791 1.4652 7.6498 21.6553 0.7920 -11.0436 -16.5634 0.0068 -0.5336 -1.4663 0.0000 0.0000 0.0000 16.6240 -0.4003 -15.0878 -3.4647 -11.4117 33.6814 -2.0368 -3.8129 -28.5396 -0.0134 0.7480 -2.0556 -1.3345 2.8473 -1.1241 1.9254 3.7821 1.4585 2.8212 1.8516 1.9093 -2.1893 6.9567 -14.5728 -6.1905 10.8476 12.9807 -0.5509 4.5671 6.5960 0.0000 0.0000 0.0000 -92.1180 -1.0330 5.5402 12.6367 -20.7526 -2.3230 -0.0000 -0.0000 3.5850 22.7660 20.7189 8.4450 -7.1250 0.0000 -0.0000 -5.9567 52.1870 -1.0570 0.0000 0.0000 0.0000 85.8476 -4.6187 12.5065 -17.9999 28.1571 -4.5492 0.0000 0.0000 0.4569 -24.3046 13.0374 -5.8171 7.1250 -0.0000 -0.0000 2.0754 -15.7303 1.4360
2.5490 18.0529 -3.2824 -2.4037 -68.5758 6.2445 0.0000 0.0000 0.0000 -22.3503 -5.3025 -7.1863 1.4687 7.6586 21.6818 0.8109 -10.5516 -16.6162 0.0080 -0.5783 -1.5892 0.0000 0.0000 0.0000 16.7611 -0.4269 -15.0362 -3.4477 -11.3868 33.5957 -2.0226 -3.6391 -28.3663 -0.0120 0.7072 -1.9434 -1.1200 2.8275 -0.9740 1.9562 3.7492 1.4672 2.7243 1.8383 1.8474 -2.1648 6.9476 -14.4731 -6.0710 10.7969 12.8636 -0.5284 4.5631 6.5337 0.0000 0.0000 0.0000 -91.9717 -0.8542 4.9965 12.5182 -20.5772 -2.2812 -0.0000 -0.0000 3.9132 22.6582 21.3346 8.6358 -7.1250 0.0000 -0.0000 -6.2585 52.8129 -1.2070 0.0000 0.0000 0.0000 86.0027 -4.5977 12.7885 -18.1690 28.3730 -4.6293 0.0000 0.0000 0.4387 -24.6705 13.0600 -5.9258 7.1250 -0.0000 -0.0000 1.8250 -15.6645 1.2651
2.5789 18.0540 -3.2701 -2.2658 -68.8611 6.2475 0.0000 0.0000 0.0000 -22.4863 -5.0933 -7.5261 1.4765 7.6780 21.7401 0.8031 -10.5826 -16.5538 0.0038 -0.3955 -1.0866 0.0000 0.0000 0.0000 16.5986 -0.1406 -15.1805 -3.4281 -11.3577 33.4961 -1.9809 -3.7536 -28.1443 -0.0169 0.8381 -2.3035 -1.2046 2.7789 -1.0333 1.9519 3.6869 1.4422 2.7683 1.8063 1.8534 -2.1605 6.9755 -14.4571 -5.9612 10.8080 12.7653 -0.4962 4.5837 6.4926 -0.0000 0.0000 0.0000 -92.0724 -0.7939 3.9038 12.3492 -20.3263 -2.2221 -0.0000 -0.0000 4.6302 22.9951 21.1400 8.7015 -7.1250 0.0000 -0.0000 -5.8550 52.6709 -1.1083 -0.0000 0.0000 0.0000 86.0593 -4.5220 12.9804 -18.3499 28.6029 -4.7156 0.0000 0.0000 1.1772 -25.1926 12.8787 -5.9855 7.1250 -0.0000 -0.0000 1.4538 -15.8025 1.0033
2.6035 18.0570 -3.2608 -3.0331 -69.1072 6.8549 0.0000 0.0000 0.0000 -22.2692 -4.7754 -7.6113 1.4820 7.6916 21.7813 0.8022 -10.6142 -16.5525 0.0095 -0.6294 -1.7295 0.0000 0.0000 0.0000 16.8192 0.1597 -15.0072 -3.4130 -11.3354 33.4196 -1.9606 -3.8107 -28.0365 -0.0197 0.9065 -2.4917 -1.1193 2.7902 -0.8795 2.1252 3.6949 1.4637 2.8909 1.8103 1.7828 -2.1557 6.9591 -14.3880 -5.9387 10.7747 12.7260 -0.4966 4.5735 6.4663 0.0000 -0.0000 0.0000 -92.0706 -0.7258 3.6360 12.1427 -20.0182 -2.1509 -0.0000 -0.0000 4.7392 23.0397 21.0637 8.6905 -7.1250 0.0000 -0.0000 -5.7860 52.5989 -1.0850 0.0000 -0.0000 0.0000 85.9325 -4.5891 13.7567 -18.5695 28.8802 -4.8211 0.0000 0.0000 0.1331 -26.0879 12.9880 -6.2798 7.1250 -0.0000 -0.0000 0.8456 -15.5778 0.5875
2.6340 18.0570 -3.2515 -2.8625 -69.3693 6.8335 0.0000 0.0000 0.0000 -22.3991 -4.6838 -7.9027 1.4865 7.7026 21.8145 0.7941 -10.6469 -16.4878 0.0036 -0.3888 -1.0682 0.0000 0.0000 0.0000 16.6220 0.0595 -15.3431 -3.4023 -11.3195 33.3650 -1.9463 -3.4015 -27.7516 -0.0152 0.7957 -2.1869 -1.3032 2.8226 -1.0335 2.0799 3.7428 1.5377 2.9594 1.8294 1.9340 -1.8502 6.9008 -14.5053 -6.0043 10.6364 12.5493 -0.5764 4.5222 6.4460 -0.0000 0.0000 0.0000 -91.8270 -0.8538 3.9660 11.9396 -19.7140 -2.0819 -0.0000 -0.0000 4.9526 22.9019 21.3281 8.7352 -7.1250 0.0000 -0.0000 -6.0087 52.8512 -1.1641 -0.0000 0.0000 0.0000 86.0542 -4.4752 14.1088 -18.8082 29.1796 -4.9370 0.0000 -0.0000 -0.3023 -26.2405 12.7917 -6.2286 7.1250 -0.0000 -0.0000 0.7263 -15.7757 0.5015
2.6680 18.0578 -3.2424 -2.9281 -69.6229 6.8840 0.0000 0.0000 0.0000 -22.5078 -5.0342 -7.8329 1.4875 7.7053 21.8225 0.8065 -10.0015 -16.4601 0.0033 -0.3692 -1.0144 0.0000 0.0000 0.0000 16.5321 0.2237 -15.4348 -3.4026 -11.3199 33.3664 -1.9545 -3.2340 -27.7308 -0.0046 0.4400 -1.2090 -1.4380 2.8002 -0.7881 2.1261 3.7139 1.4954 3.0660 1.8158 1.7431 -1.6889 6.9174 -14.6213 -5.9137 10.6263 12.6601 -0.5677 4.5262 6.5033 -0.0000 -0.0000 0.0000 -91.8715 -0.7388 3.4998 11.8955 -19.6477 -2.0670 -0.0000 -0.0000 5.2498 23.1738 21.4016 8.8778 -7.1250 0.0000 -0.0000 -5.7553 52.9789 -1.1328 -0.0000 -0.0000 0.0000 86.0588 -4.4151 14.1228 -19.0779 29.5154 -5.0692 0.0000 0.0000 0.7355 -24.9769 11.6207 -5.3604 7.1250 -0.0000 -0.0000 1.5255 -17.2006 1.0065
2.7019 18.0544 -3.2314 -3.1787 -69.8770 7.1985 0.0000 0.0000 0.0000 -22.5178 -5.1145 -7.9973 1.4843 7.6973 21.7983 0.8151 -9.5984 -16.4602 0.0071 -0.5434 -1.4933 0.0000 0.0000 0.0000 16.5118 0.4477 -15.6398 -3.4090 -11.3294 33.3989 -1.9323 -3.1373 -27.5383 -0.0039 0.4058 -1.1150 -1.3298 2.7578 -0.7390 2.1314 3.6542 1.5139 3.0080 1.7869 1.7445 -1.3485 6.8597 -15.0135 -6.0629 10.5352 12.8889 -0.6578 4.4665 6.6678 0.0000 -0.0000 0.0000 -91.8425 -0.7505 3.2572 11.8355 -19.5575 -2.0469 -0.0000 -0.0000 5.5010 23.2464 20.8981 8.7115 -7.1250 0.0000 -0.0000 -5.5259 52.4626 -1.0175 0.0000 -0.0000 0.0000 86.0966 -4.1720 14.2412 -19.0243 29.4489 -5.0428 0.0000 0.0000 0.6914 -25.2664 12.7831 -5.9618 7.1250 -0.0000 -0.0000 1.3967 -15.8986 0.9610
2.7384 18.0496 -3.2187 -3.2519 -70.1919 7.1995 0.0000 0.0000 0.0000 -22.6111 -4.9694 -8.0767 1.4912 7.7143 21.8496 0.8110 -9.5118 -16.4067 0.0033 -0.3686 -1.0129 0.0000 0.0000 0.0000 16.3934 0.3475 -15.7755 -3.4130 -11.3353 33.4193 -1.8961 -2.9797 -27.2232 -0.0110 0.6760 -1.8576 -1.3747 2.7771 -0.5595 2.1770 3.6777 1.5768 3.0725 1.7973 1.7014 -1.2177 6.7989 -14.9841 -6.1626 10.4287 12.7455 -0.7237 4.4200 6.6266 -0.0000 0.0000 0.0000 -91.8279 -0.7235 3.6773 11.8035 -19.5092 -2.0362 -0.0000 -0.0000 5.4238 22.8704 20.8047 8.5206 -7.1250 0.0000 -0.0000 -5.8777 52.2960 -1.0586 -0.0000 0.0000 0.0000 86.0122 -4.0523 14.5547 -19.2126 29.6820 -5.1357 0.0000 0.0000 0.9293 -24.8550 11.8886 -5.4512 7.1250 -0.0000 -0.0000 1.6260 -16.9207 1.0828
2.7742 18.0481 -3.2083 -3.6686 -70.6197 7.5482 0.0000 0.0000 0.0000 -22.5771 -4.7803 -8.2343 1.5037 7.7451 21.9424 0.8486 -9.0999 -16.6815 0.0358 -1.2221 -3.3602 0.0000 0.0000 0.0000 16.4029 0.5530 -15.8655 -3.4164 -11.3405 33.4369 -1.8853 -2.6803 -27.0182 -0.0060 0.4982 -1.3691 -1.3198 2.7910 -0.3572 2.2497 3.6914 1.6358 3.1075 1.8040 1.6464 -1.0810 6.8282 -14.8260 -6.3362 10.4467 12.5565 -0.8056 4.4317 6.5568 -0.0000 -0.0000 0.0000 -91.8778 -0.6127 4.2742 11.9213 -19.6866 -2.0757 -0.0000 -0.0000 4.8650 23.3037 21.0664 8.8013 -7.1250 0.0000 -0.0000 -5.5189 52.6504 -1.0416 -0.0000 -0.0000 0.0000 85.9107 -3.9225 15.1753 -19.2299 29.7034 -5.1443 0.0000 -0.0000 -0.2191 -25.8059 12.7434 -6.0883 7.1250 -0.0000 -0.0000 1.0222 -15.8799 0.7036
2.8112 18.0472 -3.2010 -3.4005 -70.9191 7.4427 0.0000 0.0000 0.0000 -22.7708 -4.9304 -8.5141 1.5186 7.7817 22.0530 0.8573 -8.6573 -16.6964 0.0637 -1.6288 -4.4809 0.0000 0.0000 0.0000 16.1815 0.8776 -16.1382 -3.4272 -11.3565 33.4918 -1.8859 -2.4272 -26.9145 -0.0000 0.0272 -0.0748 -1.4775 2.7365 -0.3917 2.2383 3.6207 1.6870 3.1868 1.7650 1.7139 -1.3087 6.8423 -14.6294 -6.0705 10.4381 12.2314 -0.7012 4.4591 6.3911 0.0000 0.0000 0.0000 -91.9032 -0.6629 4.5195 12.0345 -19.8564 -2.1140 -0.0000 -0.0000 4.7578 23.4723 21.5525 9.0634 -7.1250 0.0000 -0.0000 -5.4979 53.1937 -1.1108 0.0000 0.0000 0.0000 85.8674 -3.6281 14.9158 -19.2030 29.6701 -5.1309 0.0000 0.0000 0.0223 -24.9687 14.2154 -6.5233 7.1250 -0.0000 -0.0000 1.6993 -14.3720 1.2249
2.8524 18.0464 -3.1951 -4.1119 -71.3145 8.0465 0.0000 0.0000 0.0000 -22.6377 -4.9044 -8.6173 1.5346 7.8207 22.1709 0.8571 -8.4743 -16.6711 0.0395 -1.2827 -3.5270 0.0000 0.0000 0.0000 16.3095 1.1652 -16.2096 -3.4376 -11.3719 33.5446 -1.8517 -2.3973 -26.6659 -0.0001 0.0717 -0.1971 -1.2973 2.8384 -0.0676 2.2532 3.7511 1.7143 3.0854 1.8339 1.5621 -1.2487 6.7802 -14.4052 -5.9168 10.2966 12.0499 -0.6877 4.4207 6.2851 0.0000 0.0000 0.0000 -91.9076 -0.6435 4.7924 12.1493 -20.0282 -2.1532 -0.0000 -0.0000 4.8023 24.2786 22.2457 9.6907 -7.1250 0.0000 -0.0000 -4.8864 54.0801 -1.0926 0.0000 0.0000 0.0000 85.9025 -3.7429 15.4395 -19.4796 30.0102 -5.2686 0.0000 -0.0000 -1.0781 -25.5260 13.5329 -6.3760 7.1250 -0.0000 -0.0000 1.2703 -15.0479 0.8972
2.8905 18.0420 -3.1882 -3.9274 -71.5563 7.8106 0.0000 0.0000 0.0000 -22.7918 -4.7660 -8.7121 1.5354 7.8228 22.1770 0.8607 -8.4345 -16.6995 0.0390 -1.2744 -3.5040 0.0000 0.0000 0.0000 16.1290 1.2977 -16.3317 -3.4598 -11.4045 33.6567 -1.8367 -2.3193 -26.5296 -0.0001 0.0629 -0.1729 -1.4974 2.7685 0.1743 2.3087 3.6560 1.7900 3.2429 1.7829 1.4943 -1.1102 6.8888 -14.1891 -6.0360 10.4029 11.7345 -0.7484 4.4867 6.1644 0.0000 -0.0000 0.0000 -92.0950 -0.6286 4.9440 12.3101 -20.2680 -2.2085 -0.0000 -0.0000 4.7973 23.2325 21.6712 9.0077 -7.1250 0.0000 -0.0000 -5.7812 53.2732 -1.1796 0.0000 -0.0000 0.0000 85.9237 -3.5297 15.3201 -19.5247 30.0655 -5.2912 0.0000 -0.0000 -0.6789 -25.5958 13.9181 -6.5728 7.1250 -0.0000 -0.0000 1.2508 -14.6180 0.8949
2.9268 18.0399 -3.1803 -4.0803 -71.9614 7.9868 0.0000 0.0000 0.0000 -22.8312 -4.5462 -8.9401 1.5406 7.8352 22.2148 0.8664 -8.2031 -16.7253 0.0587 -1.5635 -4.3008 0.0000 0.0000 0.0000 16.0475 1.5580 -16.5041 -3.4724 -11.4231 33.7206 -1.8105 -2.2931 -26.3354 -0.0019 0.2822 -0.7753 -1.3861 2.7800 0.2558 2.2181 3.6693 1.8904 3.0867 1.7894 1.5635 -0.9198 6.9273 -14.1983 -6.0362 10.4096 11.6184 -0.7786 4.5036 6.1384 0.0000 0.0000 0.0000 -91.8937 -0.6945 6.2561 12.4941 -20.5415 -2.2727 -0.0000 -0.0000 2.9015 22.8544 21.7892 8.8918 -7.1250 0.0000 -0.0000 -6.2065 53.3255 -1.2748 0.0000 0.0000 0.0000 85.9777 -3.4117 15.8181 -19.6703 30.2431 -5.3643 0.0000 -0.0000 -0.8357 -25.6899 13.8676 -6.5770 7.1250 -0.0000 -0.0000 1.1829 -14.6615 0.8452
2.9656 18.0434 -3.1737 -4.5109 -72.1934 8.4437 0.0000 0.0000 0.0000 -22.7425 -4.5007 -9.2294 1.5590 7.8799 22.3498 0.8541 -8.1913 -16.6096 0.0423 -1.3277 -3.6509 0.0000 0.0000 0.0000 16.0980 1.7518 -16.6979 -3.4747 -11.4264 33.7320 -1.7283 -2.5777 -25.8767 -0.0241 1.0016 -2.7532 -1.2771 2.8311 0.3116 2.2424 3.7334 1.9865 3.0514 1.8203 1.6323 -0.8449 6.8475 -14.1428 -6.1117 10.2936 11.5884 -0.8273 4.4472 6.1247 -0.0000 -0.0000 0.0000 -91.8454 -0.9125 6.8531 12.5573 -20.6351 -2.2949 -0.0000 -0.0000 3.3386 22.4643 22.0155 8.8106 -7.1250 0.0000 -0.0000 -6.6816 53.4883 -1.3997 -0.0000 -0.0000 0.0000 86.0981 -3.1841 15.4144 -19.6914 30.2687 -5.3749 0.0000 -0.0000 -0.7060 -25.7971 13.8249 -6.5885 7.1250 -0.0000 -0.0000 1.1067 -14.6949 0.7899
3.0017 18.0390 -3.1626 -4.3665 -72.4960 8.2776 0.0000 0.0000 0.0000 -22.8773 -4.4719 -9.3597 1.5772 7.9236 22.4821 0.8471 -8.4190 -16.5718 0.0026 -0.3299 -0.9065 0.0000 0.0000 0.0000 15.9020 1.8064 -16.8404 -3.4772 -11.4302 33.7448 -1.7050 -2.2916 -25.5859 -0.0173 0.8492 -2.3340 -1.3657 2.8155 0.4423 2.2659 3.7103 2.0724 3.1206 1.8057 1.6417 -1.1899 6.8064 -14.0923 -5.7187 10.2428 11.5459 -0.6605 4.4431 6.0610 0.0000 0.0000 0.0000 -91.9897 -1.0904 6.9847 12.7004 -20.8467 -2.3456 -0.0000 -0.0000 3.2537 20.0746 21.8545 7.7468 -7.1250 0.0000 -0.0000 -9.0481 52.8785 -1.7655 0.0000 0.0000 0.0000 85.9050 -3.1734 15.8038 -19.8128 30.4161 -5.4363 0.0000 -0.0000 -1.0408 -25.9048 14.0520 -6.7254 7.1250 -0.0000 -0.0000 1.0507 -14.4324 0.7558
3.0350 18.0390 -3.1540 -4.7238 -72.7801 8.6466 0.0000 0.0000 0.0000 -22.8419 -4.3519 -9.5297 1.5762 7.9211 22.4748 0.8438 -8.3864 -16.5372 0.0001 -0.0680 -0.1868 0.0000 0.0000 0.0000 15.8950 2.0090 -16.9696 -3.4778 -11.4310 33.7476 -1.6923 -2.1512 -25.4345 -0.0156 0.8056 -2.2141 -1.4739 2.7814 0.5684 2.4090 3.6622 2.0422 3.3201 1.7804 1.5272 -1.4474 6.7983 -13.7979 -5.4509 10.2243 11.4364 -0.5527 4.4558 5.9479 -0.0000 -0.0000 0.0000 -92.2427 -1.0767 7.2209 12.7961 -20.9877 -2.3798 -0.0000 -0.0000 3.4552 20.9607 21.5877 8.0226 -7.1250 0.0000 -0.0000 -8.0603 52.7652 -1.5482 -0.0000 -0.0000 0.0000 85.6283 -3.3418 16.0775 -19.8931 30.5133 -5.4770 0.0000 -0.0000 -0.8185 -25.9616 13.8418 -6.6443 7.1250 -0.0000 -0.0000 0.9959 -14.6556 0.7116
3.0637 18.0411 -3.1507 -4.3559 -73.1353 8.3798 0.0000 0.0000 0.0000 -23.0428 -4.3284 -9.7299 1.5799 7.9300 22.5018 0.8464 -8.1979 -16.5389 0.0004 0.1338 0.3677 0.0000 0.0000 0.0000 15.6565 2.4343 -17.0474 -3.4693 -11.4186 33.7050 -1.6885 -2.0291 -25.3557 -0.0046 0.4371 -1.2009 -1.7835 2.7773 0.5877 2.4127 3.6587 2.0484 3.4963 1.7747 1.5038 -1.3030 6.8424 -13.7147 -5.4859 10.2587 11.4373 -0.5851 4.4780 5.9439 0.0000 0.0000 0.0000 -92.2553 -1.1490 7.8585 12.9134 -21.1602 -2.4219 -0.0000 -0.0000 3.1998 21.4437 20.6818 7.8976 -7.1250 0.0000 -0.0000 -7.2716 51.9129 -1.2432 0.0000 0.0000 0.0000 85.5674 -3.3239 16.2836 -19.8862 30.5050 -5.4735 0.0000 -0.0000 -1.0902 -25.7015 13.8952 -6.5931 7.1250 -0.0000 -0.0000 1.1771 -14.6299 0.8418
3.0974 18.0422 -3.1406 -5.3151 -73.2471 9.3265 0.0000 0.0000 0.0000 -22.8213 -4.5663 -9.8686 1.5996 7.9770 22.6442 0.8469 -7.9516 -16.5165 0.0014 0.2450 0.6732 0.0000 0.0000 0.0000 15.8956 2.4472 -17.1929 -3.4538 -11.3957 33.6264 -1.6481 -2.1053 -25.0934 -0.0080 0.5793 -1.5919 -1.4685 2.6886 0.6308 2.4190 3.5357 2.1142 3.3266 1.7150 1.5744 -1.5907 6.7383 -13.7395 -4.9000 10.0888 11.4220 -0.3763 4.4319 5.8914 0.0000 0.0000 0.0000 -92.1761 -1.3676 8.3461 13.0840 -21.4101 -2.4839 -0.0000 -0.0000 2.8204 21.1229 22.0094 8.2380 -7.1250 0.0000 -0.0000 -8.0460 53.2305 -1.6373 0.0000 0.0000 0.0000 85.6876 -3.1097 16.3501 -19.7436 30.3322 -5.4013 0.0000 -0.0000 -0.9064 -26.0920 13.4558 -6.5012 7.1250 -0.0000 -0.0000 0.8775 -15.0631 0.6194
3.1331 18.0453 -3.1301 -5.6886 -73.3797 9.6508 0.0000 0.0000 0.0000 -22.8068 -4.5855 -9.9840 1.6124 8.0073 22.7362 0.8536 -7.6612 -16.5518 0.0014 -0.2374 -0.6522 0.0000 0.0000 0.0000 15.9130 2.4280 -17.3087 -3.4517 -11.3926 33.6158 -1.6273 -1.9666 -24.8819 -0.0065 0.5186 -1.4251 -1.3043 2.6750 0.8182 2.3867 3.5151 2.1431 3.1925 1.7076 1.5120 -1.7266 6.6364 -13.6620 -4.4909 9.9169 11.4352 -0.2480 4.3777 5.8497 -0.0000 -0.0000 0.0000 -92.0062 -1.4976 9.3015 13.2116 -21.5964 -2.5306 -0.0000 -0.0000 2.3176 20.7700 22.7515 8.3444 -7.1250 0.0000 -0.0000 -8.6808 53.9282 -1.9164 -0.0000 -0.0000 0.0000 85.7721 -3.0998 16.1695 -19.7070 30.2877 -5.3828 0.0000 -0.0000 -0.9285 -26.2234 13.2958 -6.4629 7.1250 -0.0000 -0.0000 0.7755 -15.2228 0.5447
3.1589 18.0454 -3.1269 -5.3339 -73.5576 9.4707 0.0000 0.0000 0.0000 -22.9780 -4.7529 -10.2179 1.6195 8.0239 22.7866 0.8564 -7.3013 -16.5491 0.0043 -0.4239 -1.1648 0.0000 0.0000 0.0000 15.7329 2.5647 -17.5705 -3.4525 -11.3938 33.6197 -1.5988 -2.0525 -24.7063 -0.0131 0.7383 -2.0291 -1.6537 2.6946 0.7941 2.3830 3.5451 2.0757 3.3831 1.7201 1.4339 -1.4570 6.6087 -13.7039 -4.5345 9.8527 11.7025 -0.3017 4.3447 5.9557 -0.0000 -0.0000 0.0000 -91.9918 -1.5917 9.8514 13.3608 -21.8136 -2.5858 -0.0000 -0.0000 2.2573 20.0735 22.3625 7.9152 -7.1250 0.0000 -0.0000 -9.2398 53.3983 -1.9214 -0.0000 -0.0000 0.0000 85.7839 -3.2572 15.8662 -19.6313 30.1956 -5.3447 0.0000 -0.0000 -0.8121 -25.9652 13.3307 -6.4066 7.1250 -0.0000 -0.0000 0.9549 -15.2161 0.6709
3.1886 18.0413 -3.1179 -5.7067 -73.8829 9.8365 0.0000 0.0000 0.0000 -22.9513 -4.4456 -10.4349 1.6255 8.0382 22.8301 0.8571 -7.3757 -16.5615 0.0088 -0.6060 -1.6653 0.0000 0.0000 0.0000 15.7366 2.6878 -17.6827 -3.4477 -11.3867 33.5954 -1.5801 -2.0498 -24.5657 -0.0185 0.8787 -2.4152 -1.5780 2.6426 0.8800 2.3854 3.4739 2.0924 3.3395 1.6853 1.4122 -1.4250 6.6562 -13.6092 -4.4927 9.9017 11.7080 -0.2923 4.3750 5.9414 0.0000 0.0000 0.0000 -92.0362 -1.6897 10.0437 13.5400 -22.0733 -2.6528 -0.0000 -0.0000 2.1150 20.0933 21.9067 7.7719 -7.1250 0.0000 -0.0000 -9.0486 52.9354 -1.7783 0.0000 0.0000 0.0000 85.6763 -3.2242 16.0863 -19.4704 29.9989 -5.2640 0.0000 -0.0000 -0.9690 -26.1041 13.3016 -6.4320 7.1250 -0.0000 -0.0000 0.8576 -15.2310 0.6023
3.2086 18.0411 -3.1164 -6.0355 -74.3366 10.0482 0.0000 0.0000 0.0000 -22.9691 -4.2760 -10.4022 1.6265 8.0404 22.8369 0.8635 -7.0587 -16.6015 0.0043 -0.4259 -1.1702 0.0000 0.0000 0.0000 15.7176 2.9665 -17.6194 -3.4423 -11.3788 33.5683 -1.5645 -1.9052 -24.3879 -0.0143 0.7717 -2.1209 -1.7120 2.6535 0.9169 2.4421 3.4852 2.1963 3.4745 1.6855 1.4864 -1.4395 6.6565 -13.7622 -4.3948 9.9080 11.9123 -0.2499 4.3751 6.0258 0.0000 0.0000 0.0000 -92.0777 -1.8717 10.5342 13.6761 -22.2698 -2.7041 -0.0000 -0.0000 1.8623 20.4129 21.9650 7.9247 -7.1250 0.0000 -0.0000 -8.7479 53.0536 -1.7438 0.0000 0.0000 0.0000 85.7997 -3.0859 15.5782 -19.2753 29.7593 -5.1668 0.0000 -0.0000 -0.5291 -26.2259 13.1904 -6.4137 7.1250 -0.0000 -0.0000 0.7658 -15.3385 0.5360
3.2333 18.0423 -3.1058 -6.4291 -74.6191 10.4684 0.0000 0.0000 0.0000 -22.9652 -4.2406 -10.5361 1.6287 8.0456 22.8527 0.8649 -6.7691 -16.5996 0.0074 -0.5566 -1.5294 0.0000 0.0000 0.0000 15.7165 3.1754 -17.7148 -3.4321 -11.3636 33.5163 -1.5509 -1.8489 -24.2614 -0.0100 0.6457 -1.7743 -1.7619 2.6532 0.9269 2.5192 3.4831 2.1935 3.5813 1.6832 1.4705 -1.3993 6.5610 -13.6755 -4.4138 9.7738 11.9649 -0.2765 4.3100 6.0290 -0.0000 0.0000 0.0000 -91.9004 -1.8497 12.1871 13.8597 -22.5338 -2.7741 -0.0000 -0.0000 0.2764 20.4820 22.0629 7.9868 -7.1250 0.0000 -0.0000 -8.7144 53.1669 -1.7613 -0.0000 0.0000 0.0000 85.6519 -3.0610 15.5003 -19.0437 29.4729 -5.0523 0.0000 -0.0000 -0.4208 -26.2967 13.0765 -6.3794 7.1250 -0.0000 -0.0000 0.7087 -15.4552 0.4943
3.2635 18.0443 -3.0910 -7.6741 -74.8547 11.6233 0.0000 0.0000 0.0000 -22.7341 -4.3362 -10.5988 1.6487 8.0924 22.9950 0.8723 -6.3176 -16.6570 0.0132 -0.7414 -2.0376 0.0000 0.0000 0.0000 15.9552 3.1804 -17.7679 -3.4154 -11.3389 33.4317 -1.5388 -1.7413 -24.1248 -0.0103 0.6561 -1.8031 -1.4158 2.6616 1.1805 2.5798 3.4906 2.1554 3.4352 1.6935 1.3051 -1.4919 6.4484 -13.4397 -4.3161 9.6057 11.7835 -0.2593 4.2432 5.9196 -0.0000 0.0000 0.0000 -91.9498 -1.8718 12.6072 14.0542 -22.8121 -2.8491 -0.0000 -0.0000 0.1780 20.7462 22.0187 8.0826 -7.1250 0.0000 -0.0000 -8.4309 53.1702 -1.7040 -0.0000 0.0000 0.0000 85.3702 -3.5586 16.4924 -19.2533 29.7323 -5.1559 0.0000 -0.0000 -1.7349 -26.4511 12.9237 -6.3493 7.1250 -0.0000 -0.0000 0.5913 -15.6050 0.4104
3.2815 18.0456 -3.0973 -8.5663 -75.4889 12.7170 0.0000 0.0000 0.0000 -22.5785 -4.0353 -11.1591 1.6848 8.1760 23.2500 0.8891 -6.0934 -16.8146 0.0217 -0.9516 -2.6158 0.0000 0.0000 0.0000 16.1135 3.7174 -17.9875 -3.3983 -11.3136 33.3448 -1.5379 -2.0246 -24.2367 -0.0443 1.3588 -3.7366 -1.5765 2.6545 1.0094 2.5428 3.4853 2.0742 3.4934 1.6906 1.3107 -1.2761 6.5185 -13.3740 -4.1530 9.6379 11.8451 -0.2402 4.2816 5.9292 -0.0000 0.0000 0.0000 -91.7313 -1.8623 12.7008 14.2952 -23.1552 -2.9432 -0.0000 0.0000 -0.3082 20.6153 22.0638 8.0431 -7.1250 0.0000 -0.0000 -8.5797 53.1924 -1.7391 -0.0000 0.0000 0.0000 85.4733 -3.7721 16.9280 -19.2771 29.7615 -5.1677 0.0000 -0.0000 -1.8321 -26.5914 12.6710 -6.2661 7.1250 -0.0000 -0.0000 0.4757 -15.8671 0.3275
3.3103 18.0489 -3.0901 -10.2357 -75.7963 14.4684 0.0000 0.0000 0.0000 -22.2251 -3.9574 -11.5405 1.7117 8.2379 23.4389 0.8838 -5.9112 -16.7641 0.0263 -1.0472 -2.8787 0.0000 0.0000 0.0000 16.4798 3.6036 -18.3771 -3.4028 -11.3202 33.3676 -1.5493 -2.0074 -24.3155 -0.0828 1.8564 -5.1089 -1.2250 2.6091 1.0818 2.5640 3.4242 2.0078 3.3128 1.6660 1.2251 -1.1006 6.5276 -13.2961 -4.0878 9.6025 11.7896 -0.2540 4.2814 5.9024 -0.0000 0.0000 0.0000 -91.4023 -1.7727 13.5035 14.5611 -23.5311 -3.0485 -0.0000 0.0000 -1.2814 20.4228 22.0695 7.9642 -7.1250 0.0000 -0.0000 -8.7765 53.1627 -1.7731 -0.0000 0.0000 0.0000 85.6688 -3.6543 16.5578 -18.9583 29.3668 -5.0104 0.0000 -0.0000 -1.4050 -26.6945 12.4331 -6.1787 7.1250 -0.0000 -0.0000 0.3869 -16.1179 0.2643
3.3367 18.0503 -3.0816 -10.5556 -76.1793 14.7593 0.0000 0.0000 0.0000 -22.2852 -3.8568 -11.6442 1.7144 8.2439 23.4575 0.8735 -5.7487 -16.6657 0.0196 -0.9038 -2.4841 0.0000 0.0000 0.0000 16.4391 3.7915 -18.5369 -3.4387 -11.3734 33.5499 -1.6182 -2.2069 -24.9162 -0.1107 2.1450 -5.9066 -1.2075 2.6089 1.3007 2.5573 3.4236 1.9854 3.2841 1.6679 1.0808 -1.1277 6.4707 -13.3561 -4.0049 9.5272 11.9203 -0.2266 4.2449 5.9470 0.0000 -0.0000 0.0000 -91.4477 -1.8842 13.5460 14.6702 -23.6847 -3.0922 -0.0000 0.0000 -1.2319 20.5165 22.1447 8.0291 -7.1250 0.0000 -0.0000 -8.7096 53.2573 -1.7796 0.0000 -0.0000 0.0000 85.5325 -3.7064 16.8178 -18.8235 29.1988 -4.9445 0.0000 -0.0000 -1.8146 -26.5440 12.4318 -6.1380 7.1250 -0.0000 -0.0000 0.4908 -16.1370 0.3350
3.3606 18.0511 -3.0845 -10.5213 -76.6107 14.7950 0.0000 0.0000 0.0000 -22.4035 -3.8660 -11.7802 1.7172 8.2503 23.4769 0.8682 -5.4514 -16.6198 0.0085 -0.5946 -1.6340 0.0000 0.0000 0.0000 16.3199 4.0427 -18.7821 -3.4878 -11.4457 33.7982 -1.7224 -1.9602 -25.5721 -0.1154 2.1900 -6.0311 -1.5580 2.5961 1.4338 2.5838 3.4067 1.9164 3.4991 1.6587 0.9150 -1.1850 6.4765 -13.2867 -3.8202 9.5200 11.9790 -0.1626 4.2532 5.9411 0.0000 0.0000 0.0000 -91.3306 -1.7660 14.3208 14.8633 -23.9553 -3.1702 -0.0000 0.0000 -1.7985 20.5412 22.3555 8.1111 -7.1250 0.0000 -0.0000 -8.7634 53.4783 -1.8383 0.0000 0.0000 0.0000 85.5740 -3.6579 16.1855 -18.4769 28.7635 -4.7765 0.0000 -0.0000 -0.8679 -26.5767 12.3713 -6.1175 7.1250 -0.0000 -0.0000 0.4637 -16.2000 0.3159
3.3875 18.0523 -3.0913 -12.0000 -77.1070 16.3644 0.0000 0.0000 0.0000 -22.1402 -4.0335 -11.9934 1.7400 8.3022 23.6358 0.8654 -4.9063 -16.6142 0.0063 -0.5113 -1.4050 0.0000 0.0000 0.0000 16.6065 4.1904 -19.1830 -3.5336 -11.5125 34.0283 -1.8207 -1.7441 -26.1821 -0.1341 2.3602 -6.5023 -1.6440 2.5485 1.5095 2.7261 3.3401 1.8962 3.6907 1.6242 0.8436 -1.2913 6.4833 -13.2430 -3.8253 9.5431 11.8890 -0.1491 4.2624 5.9010 -0.0000 -0.0000 0.0000 -91.4373 -1.9060 13.9305 14.9480 -24.0736 -3.2047 -0.0000 0.0000 -1.5801 20.4950 22.0792 7.9978 -7.1250 0.0000 -0.0000 -8.7072 53.1861 -1.7639 -0.0000 -0.0000 0.0000 85.4311 -3.4818 16.2731 -18.1966 28.4082 -4.6424 0.0000 -0.0000 -0.8405 -26.4856 12.3948 -6.1047 7.1250 -0.0000 -0.0000 0.5283 -16.1847 0.3601
3.4138 18.0531 -3.0901 -13.4235 -77.5065 17.8041 0.0000 0.0000 0.0000 -21.9331 -4.0954 -12.2478 1.7755 8.3819 23.8803 0.8764 -4.4744 -16.7526 0.0112 -0.6834 -1.8781 0.0000 0.0000 0.0000 16.8980 4.1228 -19.5265 -3.5767 -11.5747 34.2435 -1.8501 -1.9926 -26.4872 -0.2260 3.0599 -8.4456 -1.4703 2.5899 1.6568 2.7225 3.3948 1.8990 3.5814 1.6540 0.7699 -1.4304 6.3507 -13.0718 -3.6291 9.3434 11.6485 -0.0959 4.1860 5.7769 -0.0000 -0.0000 0.0000 -91.2548 -2.1442 14.1552 14.9152 -24.0278 -3.1913 -0.0000 0.0000 -1.2790 20.5508 22.0028 7.9952 -7.1250 0.0000 -0.0000 -8.6226 53.1178 -1.7321 -0.0000 -0.0000 0.0000 85.7243 -3.2850 15.5343 -17.9247 28.0606 -4.5138 0.0000 -0.0000 -0.4928 -26.3157 12.7283 -6.2189 7.1250 -0.0000 -0.0000 0.6699 -15.8367 0.4617
3.4356 18.0486 -3.0909 -14.7927 -77.8943 19.0682 0.0000 0.0000 0.0000 -21.7878 -4.1563 -12.2762 1.8006 8.4379 24.0521 0.8838 -3.8116 -16.8918 0.0294 -1.1076 -3.0450 0.0000 0.0000 0.0000 17.1761 3.9844 -19.7872 -3.6372 -11.6614 34.5443 -1.9200 -2.0402 -26.9869 -0.2489 3.2104 -8.8651 -1.5051 2.6107 1.8864 2.8156 3.4189 1.9168 3.6856 1.6658 0.6503 -1.2584 6.3169 -13.1948 -3.6597 9.2863 11.8934 -0.1279 4.1536 5.8837 -0.0000 -0.0000 0.0000 -91.1523 -2.1431 14.8357 15.0114 -24.1620 -3.2306 -0.0000 0.0000 -1.3795 21.0924 22.4932 8.3942 -7.1250 0.0000 -0.0000 -8.2541 53.7238 -1.7799 -0.0000 -0.0000 0.0000 85.6864 -3.3658 15.6074 -17.8582 27.9752 -4.4825 0.0000 -0.0000 -0.4996 -26.6761 12.7946 -6.3489 7.1250 -0.0000 -0.0000 0.4268 -15.7203 0.2952
3.4570 18.0448 -3.0936 -14.9704 -78.3351 19.3738 0.0000 0.0000 0.0000 -21.8647 -4.0050 -12.5967 1.8194 8.4792 24.1794 0.8845 -3.7069 -16.9113 0.0316 -1.1475 -3.1547 0.0000 0.0000 0.0000 17.1496 3.7924 -20.3450 -3.7253 -11.7856 34.9776 -1.9902 -1.7781 -27.3563 -0.1995 2.8765 -7.9350 -1.6273 2.5911 1.8738 2.6982 3.3929 1.9432 3.6349 1.6518 0.6866 -0.8918 6.3870 -13.4103 -3.7617 9.3473 12.1744 -0.1975 4.1795 6.0316 -0.0000 0.0000 0.0000 -90.9719 -2.4527 14.6613 14.9911 -24.1337 -3.2223 -0.0000 0.0000 -1.2385 21.3802 22.3017 8.4504 -7.1250 0.0000 -0.0000 -7.8899 53.5806 -1.6729 -0.0000 0.0000 0.0000 85.9012 -3.3828 15.4812 -17.8835 28.0077 -4.4944 0.0000 -0.0000 -0.4314 -26.3895 12.8203 -6.2829 7.1250 -0.0000 -0.0000 0.6259 -15.7265 0.4328
3.4788 18.0461 -3.1025 -15.7522 -78.7336 20.2102 0.0000 0.0000 0.0000 -21.8009 -3.7410 -12.8899 1.8345 8.5125 24.2818 0.8843 -3.6614 -16.9148 0.0293 -1.1041 -3.0352 0.0000 0.0000 0.0000 17.3107 3.6846 -20.8325 -3.8355 -11.9382 35.5136 -1.9932 -1.8611 -27.4096 -0.2069 2.9287 -8.0803 -1.7689 2.5631 1.9262 2.6947 3.3530 1.9774 3.7102 1.6298 0.6876 -0.7896 6.3813 -13.2572 -3.8193 9.3163 12.0122 -0.2423 4.1721 5.9616 -0.0000 -0.0000 0.0000 -90.7894 -2.6476 14.7483 14.9791 -24.1169 -3.2174 -0.0000 0.0000 -1.3641 20.7242 22.5362 8.2509 -7.1250 0.0000 -0.0000 -8.6455 53.6983 -1.8598 -0.0000 -0.0000 0.0000 86.0049 -3.3561 15.5049 -17.8610 27.9789 -4.4839 0.0000 -0.0000 -0.4679 -26.6634 12.5295 -6.2171 7.1250 -0.0000 -0.0000 0.4155 -16.0150 0.2848
3.4992 18.0501 -3.1100 -17.1172 -79.1259 21.5986 0.0000 0.0000 0.0000 -21.6520 -3.7801 -13.0252 1.8463 8.5382 24.3612 0.8869 -3.2363 -17.0005 0.0280 -1.0806 -2.9707 0.0000 0.0000 0.0000 17.5302 3.7736 -21.2023 -3.9600 -12.1069 36.1113 -2.0514 -1.4598 -27.6415 -0.0831 1.8597 -5.1182 -1.8498 2.5589 1.9028 2.8206 3.3421 2.0735 3.8901 1.6188 0.7886 -1.1836 6.2525 -13.2087 -3.5245 9.1676 11.9405 -0.1070 4.1087 5.8957 0.0000 0.0000 0.0000 -90.8088 -2.9020 14.8771 14.9974 -24.1425 -3.2249 -0.0000 0.0000 -1.5904 21.0008 22.4633 8.3445 -7.1250 0.0000 -0.0000 -8.3363 53.6756 -1.7880 0.0000 0.0000 0.0000 85.8278 -3.2957 15.7144 -17.8808 28.0042 -4.4931 0.0000 -0.0000 -0.6597 -26.6536 12.9266 -6.4065 7.1250 -0.0000 -0.0000 0.4523 -15.5773 0.3142
3.5162 18.0437 -3.1169 -17.4635 -79.4948 22.0211 0.0000 0.0000 0.0000 -21.7124 -4.0965 -13.0845 1.8579 8.5636 24.4396 0.8810 -2.5012 -17.0693 0.0414 -1.3137 -3.6123 0.0000 0.0000 0.0000 17.7110 3.2812 -21.7871 -4.1018 -12.2946 36.7823 -2.0462 -1.5737 -27.6504 -0.1083 2.1223 -5.8437 -1.9904 2.4342 1.7897 2.7689 3.1750 2.1370 3.9263 1.5307 0.9262 -1.2319 6.2939 -13.1389 -3.2575 9.1910 11.9183 -0.0178 4.1416 5.8609 0.0000 0.0000 0.0000 -90.6569 -3.1732 14.3560 14.9027 -24.0103 -3.1862 -0.0000 0.0000 -1.2747 20.7262 22.1478 8.1186 -7.1250 0.0000 -0.0000 -8.4984 53.2994 -1.7448 0.0000 0.0000 0.0000 85.8917 -3.0780 15.7598 -17.7628 27.8524 -4.4379 0.0000 -0.0000 -0.3606 -26.6908 13.0647 -6.4837 7.1250 -0.0000 -0.0000 0.4375 -15.4200 0.3054
3.5367 18.0447 -3.1284 -17.4940 -79.8970 22.0335 0.0000 0.0000 0.0000 -21.8185 -3.9303 -13.1891 1.8686 8.5869 24.5115 0.8804 -2.2846 -17.1061 0.0618 -1.6046 -4.4140 0.0000 0.0000 0.0000 17.8172 2.7841 -22.2292 -4.2551 -12.4923 37.4965 -2.0260 -1.3747 -27.4409 -0.0938 1.9752 -5.4371 -2.2798 2.4373 1.9587 2.7566 3.1741 2.1793 4.0699 1.5273 0.8607 -1.1223 6.2929 -12.9993 -3.2835 9.1705 11.9580 -0.0485 4.1354 5.8561 0.0000 -0.0000 0.0000 -90.5578 -3.4843 14.1899 14.8074 -23.8771 -3.1476 -0.0000 0.0000 -1.0366 20.1876 22.2010 7.9096 -7.1250 0.0000 -0.0000 -9.0632 53.2542 -1.8521 0.0000 -0.0000 0.0000 85.8259 -3.1200 15.8144 -17.8692 27.9893 -4.4877 0.0000 -0.0000 -0.3300 -26.4985 13.2411 -6.5145 7.1250 -0.0000 -0.0000 0.5829 -15.2490 0.4091
3.5513 18.0457 -3.1321 -20.0372 -80.1847 24.5984 0.0000 0.0000 0.0000 -21.4512 -3.8580 -13.3622 1.8858 8.6240 24.6261 0.8811 -2.1185 -17.1493 0.0511 -1.4586 -4.0116 0.0000 0.0000 0.0000 18.4615 2.3549 -22.6682 -4.3983 -12.6724 38.1542 -2.0006 -1.4940 -27.3166 -0.0757 1.7748 -4.8836 -1.8764 2.4480 1.9793 2.7031 3.1912 2.1875 3.7865 1.5400 0.8802 -0.7878 6.3723 -12.9435 -3.3239 9.2284 12.1370 -0.1057 4.1713 5.9209 0.0000 -0.0000 0.0000 -90.2530 -3.6084 14.3825 14.7886 -23.8508 -3.1400 -0.0000 0.0000 -1.0778 20.1504 22.1303 7.8703 -7.1250 0.0000 -0.0000 -9.0743 53.1749 -1.8368 0.0000 -0.0000 0.0000 86.0620 -3.1453 15.5365 -17.8350 27.9453 -4.4716 0.0000 0.0000 0.2536 -25.9878 13.9561 -6.7053 7.1250 -0.0000 -0.0000 0.9868 -14.5269 0.7079
3.5641 18.0430 -3.1403 -20.4748 -80.5785 25.0083 0.0000 0.0000 0.0000 -21.5350 -3.6549 -13.5510 1.9106 8.6774 24.7912 0.8824 -1.7464 -17.2468 0.1088 -2.1271 -5.8571 0.0000 0.0000 0.0000 18.6680 2.2273 -22.8522 -4.5270 -12.8305 38.7371 -1.9451 -1.8629 -27.0863 -0.0769 1.7888 -4.9225 -2.0200 2.4416 2.1076 2.6491 3.1814 2.1690 3.8051 1.5358 0.7856 -0.8862 6.4152 -12.5968 -3.0188 9.2491 12.0833 -0.0076 4.2080 5.8254 -0.0000 -0.0000 0.0000 -90.0277 -3.5112 14.7720 14.8922 -23.9957 -3.1820 -0.0000 0.0000 -1.4921 20.7067 22.2766 8.1546 -7.1250 0.0000 -0.0000 -8.5658 53.4283 -1.7858 -0.0000 -0.0000 0.0000 86.2323 -3.2823 15.4207 -17.9772 28.1280 -4.5385 0.0000 0.0000 0.2067 -26.1416 13.7494 -6.6535 7.1250 -0.0000 -0.0000 0.8661 -14.7343 0.6174
3.5801 18.0379 -3.1491 -22.1491 -80.9411 26.6041 0.0000 0.0000 0.0000 -21.4058 -3.7445 -13.5297 1.9308 8.7204 24.9244 0.8768 -1.1342 -17.3487 0.1152 -2.1885 -6.0268 0.0000 0.0000 0.0000 19.0804 2.2761 -22.8659 -4.6469 -12.9748 39.2742 -1.9355 -2.3228 -27.2082 -0.0845 1.8748 -5.1598 -2.0328 2.3857 2.1796 2.7376 3.1018 2.2471 3.9045 1.4923 0.8266 -1.0323 6.5511 -12.2406 -2.7285 9.4044 11.9960 0.1032 4.3072 5.7174 0.0000 -0.0000 0.0000 -90.0743 -3.6472 14.4466 14.8512 -23.9384 -3.1653 -0.0000 0.0000 -1.3060 20.7626 22.1845 8.1466 -7.1250 0.0000 -0.0000 -8.4750 53.3439 -1.7491 0.0000 -0.0000 0.0000 86.1091 -3.3185 15.6370 -18.1085 28.2958 -4.6005 0.0000 -0.0000 -0.0800 -26.0221 13.5004 -6.5022 7.1250 -0.0000 -0.0000 0.9287 -15.0227 0.6563
3.5953 18.0352 -3.1627 -22.6530 -81.2930 27.2416 0.0000 0.0000 0.0000 -21.4099 -3.8007 -13.7990 1.9631 8.7888 25.1369 0.8786 -0.9497 -17.4195 0.0879 -1.9124 -5.2635 0.0000 0.0000 0.0000 19.2861 2.1347 -23.1564 -4.7559 -13.1035 39.7570 -1.9001 -2.2522 -26.9381 -0.0702 1.7093 -4.7029 -2.1298 2.3564 2.0932 2.6245 3.0645 2.2592 3.8472 1.4725 0.8916 -0.5041 6.7919 -12.0428 -2.8103 9.6472 12.0682 0.0122 4.4441 5.7381 -0.0000 -0.0000 0.0000 -89.8909 -3.8818 14.0545 14.8353 -23.9162 -3.1589 -0.0000 0.0000 -1.2490 20.7584 22.1606 8.1366 -7.1250 0.0000 -0.0000 -8.4705 53.3186 -1.7429 -0.0000 -0.0000 0.0000 86.2935 -3.3444 15.8510 -18.2315 28.4526 -4.6590 0.0000 -0.0000 -0.3551 -26.5059 13.3216 -6.5552 7.1250 -0.0000 -0.0000 0.5841 -15.1594 0.4110
3.6067 18.0328 -3.1709 -24.4721 -81.6384 29.0577 0.0000 0.0000 0.0000 -21.2737 -3.9932 -13.8312 1.9883 8.8417 25.3014 0.8719 -0.4656 -17.4982 0.0745 -1.7604 -4.8440 0.0000 0.0000 0.0000 19.6112 2.2998 -23.0753 -4.8417 -13.2032 40.1341 -1.8767 -2.0477 -26.6935 -0.0332 1.1763 -3.2342 -2.0760 2.2834 2.0871 2.6771 2.9644 2.3243 3.8755 1.4196 0.9702 -0.3514 7.1945 -11.7451 -2.8185 10.1550 11.9278 0.0153 4.7054 5.6575 -0.0000 0.0000 0.0000 -89.9094 -4.0537 13.5690 14.8343 -23.9147 -3.1585 -0.0000 0.0000 -0.9279 20.5798 22.3045 8.1102 -7.1250 0.0000 -0.0000 -8.7050 53.4332 -1.8162 -0.0000 0.0000 0.0000 86.1849 -3.2690 16.2046 -18.2403 28.4638 -4.6632 0.0000 -0.0000 -0.5117 -26.4963 13.4679 -6.6225 7.1250 -0.0000 -0.0000 0.6021 -14.9993 0.4258
3.6205 18.0286 -3.1834 -26.0868 -82.0156 30.7299 0.0000 0.0000 0.0000 -21.1849 -3.8121 -14.0747 2.0078 8.8823 25.4278 0.8708 -0.2844 -17.5459 0.0718 -1.7288 -4.7568 0.0000 0.0000 0.0000 19.9387 2.5937 -22.9983 -4.8861 -13.2543 40.3281 -1.7366 -2.5421 -25.9200 -0.0594 1.5724 -4.3252 -2.1657 2.2807 2.1033 2.7307 2.9587 2.3242 3.9809 1.4152 0.9543 -0.0854 7.6064 -11.1970 -2.6405 10.6311 11.8888 0.0460 4.9716 5.5623 -0.0000 -0.0000 0.0000 -89.9281 -4.1869 13.3583 14.7887 -23.8509 -3.1400 -0.0000 0.0000 -0.8780 20.5628 22.1875 8.0632 -7.1250 0.0000 -0.0000 -8.6787 53.3099 -1.7844 -0.0000 -0.0000 0.0000 86.2580 -3.2508 15.7033 -18.2483 28.4740 -4.6670 0.0000 -0.0000 -0.1037 -26.3188 13.4810 -6.5778 7.1250 -0.0000 -0.0000 0.7244 -15.0072 0.5122
3.6283 18.0276 -3.1909 -26.6544 -82.4072 31.2599 0.0000 0.0000 0.0000 -21.3001 -3.6777 -14.1461 2.0233 8.9145 25.5282 0.8702 -0.1085 -17.5988 0.0854 -1.8849 -5.1877 0.0000 0.0000 0.0000 20.0024 2.6782 -22.7855 -4.8915 -13.2605 40.3518 -1.5816 -2.5167 -24.7789 -0.0516 1.4666 -4.0335 -2.2734 2.3419 2.2097 2.7026 3.0385 2.3182 4.0059 1.4555 0.8780 0.2678 8.0114 -10.6500 -2.5486 11.1003 11.8610 0.0352 5.2311 5.4815 -0.0000 -0.0000 0.0000 -89.8099 -4.1067 13.8694 14.8321 -23.9117 -3.1576 -0.0000 0.0000 -1.4167 20.5033 22.2424 8.0567 -7.1250 0.0000 -0.0000 -8.7594 53.3552 -1.8110 -0.0000 -0.0000 0.0000 86.2392 -3.4151 15.7683 -18.2957 28.5342 -4.6896 0.0000 -0.0000 -0.4749 -26.6884 13.6422 -6.7617 7.1250 -0.0000 -0.0000 0.4848 -14.7827 0.3451
3.6317 18.0207 -3.2049 -27.9542 -82.8193 32.4931 0.0000 0.0000 0.0000 -21.3220 -3.4996 -14.1802 2.0416 8.9523 25.6461 0.8681 0.0647 -17.6370 0.1036 -2.0755 -5.7145 0.0000 0.0000 0.0000 20.1815 2.8409 -22.4282 -4.8330 -13.1933 40.0963 -1.3614 -2.4759 -23.0570 -0.0154 0.8004 -2.1997 -2.2902 2.3476 2.2538 2.6640 3.0445 2.3588 3.9745 1.4574 0.8958 0.6856 8.6221 -10.1249 -2.4559 11.8439 11.8995 0.0381 5.6250 5.4344 -0.0000 -0.0000 0.0000 -89.7207 -4.0728 13.7842 14.8303 -23.9091 -3.1568 -0.0000 0.0000 -1.1784 20.7226 21.9370 8.0446 -7.1250 0.0000 -0.0000 -8.4251 53.0817 -1.6845 -0.0000 -0.0000 0.0000 86.3725 -3.4040 15.3885 -18.2455 28.4703 -4.6657 0.0000 0.0000 0.0139 -26.3479 13.7149 -6.6972 7.1250 -0.0000 -0.0000 0.7227 -14.7460 0.5150
3.6314 18.0194 -3.2187 -28.4379 -82.9060 32.9496 0.0000 0.0000 0.0000 -21.2497 -3.4309 -14.2010 2.0530 8.9756 25.7190 0.8660 0.3062 -17.7020 0.1687 -2.6462 -7.2952 0.0000 0.0000 0.0000 20.3818 3.0230 -21.9892 -4.6957 -13.0327 39.4911 -1.3758 -2.0493 -22.9827 -0.0005 0.1503 -0.4130 -2.2641 2.2853 2.2435 2.7101 2.9609 2.3600 4.0099 1.4150 0.9089 0.9928 9.2166 -9.3923 -2.2776 12.5702 11.8200 0.0656 6.0172 5.3054 -0.0000 -0.0000 0.0000 -89.7722 -4.1794 13.6662 14.6771 -23.6944 -3.0950 -0.0000 0.0000 -0.7417 20.7451 21.7712 7.9969 -7.1250 0.0000 -0.0000 -8.3426 52.9152 -1.6338 -0.0000 -0.0000 0.0000 86.3659 -3.5792 15.1611 -18.2881 28.5245 -4.6860 0.0000 0.0000 0.0321 -26.3194 13.5646 -6.6177 7.1250 -0.0000 -0.0000 0.7304 -14.9151 0.5179
3.6337 18.0273 -3.2288 -30.0533 -83.1711 34.5452 0.0000 0.0000 0.0000 -21.1832 -3.4723 -14.1264 2.0459 8.9611 25.6736 0.8623 0.4373 -17.7138 0.1330 -2.3509 -6.4765 0.0000 0.0000 0.0000 20.5151 3.7803 -21.3749 -4.5066 -12.8056 38.6450 -1.3672 -3.2075 -23.4484 -0.0039 0.4026 -1.1062 -2.1167 2.3260 2.3020 2.7371 3.0145 2.3771 3.9516 1.4429 0.8949 1.4098 9.7587 -8.9043 -2.2505 13.2434 11.9707 0.0447 6.3685 5.3077 -0.0000 0.0000 0.0000 -89.8049 -4.2383 13.9062 14.6481 -23.6536 -3.0834 -0.0000 0.0000 -0.8589 20.9948 22.0692 8.2049 -7.1250 0.0000 -0.0000 -8.1974 53.2682 -1.6760 -0.0000 0.0000 0.0000 86.2562 -3.6872 15.1451 -18.3369 28.5864 -4.7094 0.0000 -0.0000 -0.2956 -26.0121 13.7464 -6.6144 7.1250 -0.0000 -0.0000 0.9542 -14.7540 0.6798
3.6423 18.0301 -3.2364 -31.7753 -83.3203 36.3136 0.0000 0.0000 0.0000 -21.0515 -3.6087 -14.1279 2.0366 8.9419 25.6138 0.8498 0.6699 -17.6744 0.1336 -2.3563 -6.4913 0.0000 0.0000 0.0000 20.6638 4.4041 -20.9100 -4.3282 -12.5848 37.8336 -1.3967 -3.5778 -23.8646 -0.0022 -0.3012 0.8275 -1.9823 2.3167 2.3348 2.8178 3.0006 2.3988 3.9589 1.4357 0.9025 1.6512 10.4285 -8.1822 -2.0665 14.0890 11.9069 0.0870 6.8155 5.1862 0.0000 0.0000 0.0000 -89.7891 -4.2788 14.1796 14.6862 -23.7072 -3.0987 -0.0000 0.0000 -1.2513 20.7417 22.1330 8.1201 -7.1250 0.0000 -0.0000 -8.4773 53.2871 -1.7378 0.0000 0.0000 0.0000 86.2333 -3.6061 14.7538 -18.2560 28.4837 -4.6707 0.0000 0.0000 0.0388 -26.5776 13.5607 -6.6903 7.1250 -0.0000 -0.0000 0.5539 -14.8867 0.3930
3.6539 18.0296 -3.2469 -31.0968 -83.7139 35.7494 0.0000 0.0000 0.0000 -21.3146 -3.8490 -14.1528 2.0255 8.9190 25.5422 0.8291 1.0655 -17.6199 0.1248 -2.2772 -6.2724 0.0000 0.0000 0.0000 20.4099 4.7923 -20.7265 -4.2047 -12.4279 37.2631 -1.4123 -3.9215 -24.1615 -0.0012 -0.2225 0.6113 -2.2969 2.4352 2.4873 2.9207 3.1533 2.3387 4.2302 1.5119 0.7208 1.9215 10.9806 -7.7398 -2.0705 14.8136 12.3118 0.0906 7.1770 5.2729 -0.0000 -0.0000 0.0000 -90.1232 -4.2736 14.6151 14.6564 -23.6652 -3.0867 -0.0000 0.0000 -1.3174 21.0662 22.1174 8.2519 -7.1250 0.0000 -0.0000 -8.1425 53.3314 -1.6773 -0.0000 -0.0000 0.0000 85.9956 -3.8219 14.1786 -18.3594 28.6150 -4.7201 0.0000 -0.0000 -0.0698 -26.2778 13.8844 -6.7570 7.1250 -0.0000 -0.0000 0.7839 -14.5686 0.5616
3.6596 18.0287 -3.2533 -31.2427 -83.9738 35.8846 0.0000 0.0000 0.0000 -21.4322 -3.9253 -14.0970 2.0190 8.9056 25.5003 0.8226 1.2048 -17.6104 0.1136 -2.1730 -5.9841 0.0000 0.0000 0.0000 20.3373 4.8860 -20.4731 -4.1150 -12.3118 36.8442 -1.4304 -3.9293 -24.3061 -0.0038 -0.3988 1.0958 -2.1416 2.4156 2.5140 2.9257 3.1248 2.4471 4.1506 1.4946 0.8276 2.1171 11.6019 -7.2625 -1.9112 15.6113 12.3966 0.1436 7.5905 5.2384 0.0000 -0.0000 0.0000 -90.3237 -4.4831 14.3913 14.6262 -23.6228 -3.0746 -0.0000 0.0000 -1.0434 20.9039 22.2398 8.2256 -7.1250 0.0000 -0.0000 -8.3520 53.4271 -1.7405 0.0000 -0.0000 0.0000 85.8002 -3.8824 14.4073 -18.4547 28.7355 -4.7659 0.0000 -0.0000 -0.5593 -26.5883 13.2975 -6.5670 7.1250 -0.0000 -0.0000 0.5258 -15.1758 0.3698
3.6722 18.0281 -3.2630 -32.7330 -84.2506 37.3668 0.0000 0.0000 0.0000 -21.4194 -3.8826 -14.1789 2.0220 8.9117 25.5196 0.8178 1.3408 -17.6185 0.0892 -1.9260 -5.3012 0.0000 0.0000 0.0000 20.4233 5.2384 -20.1832 -4.0393 -12.2126 36.4881 -1.4275 -4.3120 -24.4843 -0.0017 -0.2669 0.7334 -2.0629 2.5825 2.7965 3.0325 3.3432 2.4401 4.1972 1.6065 0.6415 2.3890 12.1064 -6.8163 -1.8521 16.2636 12.6875 0.1548 7.9242 5.2859 -0.0000 -0.0000 0.0000 -90.5153 -4.4162 14.9385 14.7111 -23.7421 -3.1087 -0.0000 0.0000 -1.0847 20.7026 22.3652 8.1831 -7.1250 0.0000 -0.0000 -8.6031 53.5185 -1.8127 -0.0000 -0.0000 0.0000 85.7188 -3.9799 13.6149 -18.3825 28.6442 -4.7312 0.0000 -0.0000 -0.0811 -26.6006 13.2156 -6.5311 7.1250 -0.0000 -0.0000 0.5110 -15.2645 0.3585
3.6825 18.0211 -3.2702 -32.9445 -84.5393 37.6721 0.0000 0.0000 0.0000 -21.5572 -3.9942 -14.2924 2.0353 8.9393 25.6056 0.8232 1.5626 -17.7729 0.0735 -1.7493 -4.8134 0.0000 0.0000 0.0000 20.3467 5.6075 -19.9647 -3.9546 -12.0997 36.0856 -1.4087 -4.7631 -24.5838 -0.0000 0.0407 -0.1117 -2.0445 2.6304 2.8887 3.0861 3.4019 2.5385 4.2391 1.6321 0.6840 2.3906 12.5775 -6.5284 -1.7024 16.8832 12.7645 0.2273 8.2394 5.2626 -0.0000 0.0000 0.0000 -90.6510 -4.5063 15.4959 14.8892 -23.9915 -3.1807 -0.0000 0.0000 -1.4215 21.1506 22.3250 8.3604 -7.1250 0.0000 -0.0000 -8.1324 53.5614 -1.7210 -0.0000 0.0000 0.0000 85.5830 -3.9678 13.5820 -18.5040 28.7977 -4.7896 0.0000 -0.0000 -0.2462 -26.6644 12.7020 -6.3009 7.1250 -0.0000 -0.0000 0.4278 -15.8242 0.2949
3.6949 18.0233 -3.2754 -35.4189 -84.5689 40.2949 0.0000 0.0000 0.0000 -21.3105 -3.9903 -14.5632 2.0461 8.9615 25.6748 0.8444 1.2967 -17.8749 0.0244 -1.0077 -2.7700 0.0000 0.0000 0.0000 20.5512 5.7929 -19.9154 -3.8755 -11.9929 35.7068 -1.4167 -4.7005 -24.6108 -0.0003 -0.1034 0.2841 -1.7439 2.5712 2.8496 3.3451 3.3164 2.6833 4.3476 1.5826 0.8640 2.0928 13.1045 -6.2128 -1.5897 17.6134 12.7365 0.3277 8.5963 5.1804 0.0000 -0.0000 0.0000 -91.0234 -4.5573 15.8899 15.1259 -24.3212 -3.2776 -0.0000 0.0000 -1.5702 20.9606 22.3835 8.2996 -7.1250 0.0000 -0.0000 -8.3475 53.5859 -1.7720 0.0000 -0.0000 0.0000 85.0890 -3.7991 13.9484 -18.5476 28.8527 -4.8106 0.0000 -0.0000 -0.7605 -26.4611 12.7726 -6.2796 7.1250 -0.0000 -0.0000 0.5730 -15.7705 0.3957
3.7095 18.0280 -3.2889 -36.6085 -84.6313 41.6429 0.0000 0.0000 0.0000 -21.1737 -4.1185 -14.7897 2.0586 8.9871 25.7549 0.8565 1.2449 -17.9766 0.0033 -0.3738 -1.0270 0.0000 0.0000 0.0000 20.6040 6.0147 -19.9721 -3.8231 -11.9213 35.4540 -1.4054 -4.6506 -24.4963 -0.0013 -0.2335 0.6417 -1.5543 2.6722 2.9635 3.4245 3.4493 2.7283 4.3149 1.6494 0.8412 2.5080 13.4556 -5.8666 -1.8073 18.0780 12.8348 0.2258 8.8299 5.2215 0.0000 0.0000 0.0000 -91.0695 -4.5478 16.4111 15.3612 -24.6469 -3.3752 -0.0000 0.0000 -1.6116 20.1655 22.5109 8.0035 -7.1250 0.0000 -0.0000 -9.2036 53.5674 -1.9519 0.0000 0.0000 0.0000 85.1101 -3.8129 13.5752 -18.5909 28.9071 -4.8315 0.0000 -0.0000 -1.0075 -26.5013 12.7266 -6.2684 7.1250 -0.0000 -0.0000 0.5419 -15.8165 0.3737
3.7220 18.0329 -3.2944 -38.8842 -84.6860 44.1368 0.0000 0.0000 0.0000 -20.9894 -4.4097 -14.9951 2.0575 8.9849 25.7481 0.8310 1.7989 -17.9601 0.0045 -0.4322 -1.1877 0.0000 0.0000 0.0000 20.7224 6.1241 -20.2237 -3.8051 -11.8964 35.3665 -1.3997 -4.4482 -24.3418 -0.0048 -0.4495 1.2351 -1.2198 2.7171 2.9562 3.6402 3.5036 2.8329 4.3526 1.6730 0.9547 2.2986 13.8397 -5.6121 -1.8460 18.6232 12.7520 0.2578 9.0917 5.1505 0.0000 -0.0000 0.0000 -91.3841 -4.4765 17.1322 15.6899 -25.0984 -3.5134 -0.0000 0.0000 -2.0601 20.1160 22.4740 7.9702 -7.1250 0.0000 -0.0000 -9.2396 53.5204 -1.9490 0.0000 -0.0000 0.0000 84.7828 -3.7546 13.2786 -18.6270 28.9525 -4.8489 0.0000 -0.0000 -0.7056 -26.5037 12.7540 -6.2822 7.1250 -0.0000 -0.0000 0.5423 -15.7860 0.3743
3.7339 18.0339 -3.3021 -38.0772 -84.9489 43.4144 0.0000 0.0000 0.0000 -21.2252 -4.5586 -15.0725 2.0581 8.9860 25.7515 0.8309 1.8382 -17.9778 0.0020 -0.2903 -0.7976 0.0000 0.0000 0.0000 20.4709 6.4139 -20.3017 -3.8133 -11.9078 35.4065 -1.3856 -4.6511 -24.3433 -0.0033 -0.3709 1.0191 -1.2367 2.8128 3.1744 3.6825 3.6242 2.9539 4.3950 1.7295 0.9436 2.4450 14.1204 -5.4646 -1.9845 19.0083 12.7634 0.2180 9.2803 5.1660 0.0000 0.0000 0.0000 -91.5321 -4.4095 17.7707 16.0230 -25.5518 -3.6559 -0.0000 0.0000 -1.9476 20.0894 22.4619 7.9549 -7.1250 0.0000 -0.0000 -9.2619 53.5031 -1.9498 0.0000 0.0000 0.0000 84.7743 -3.7294 12.6329 -18.7368 29.0903 -4.9022 0.0000 -0.0000 -0.4606 -25.9252 12.6321 -6.0683 7.1250 -0.0000 -0.0000 0.9321 -15.9883 0.6394
3.7439 18.0365 -3.3112 -39.3988 -84.9522 44.9978 0.0000 0.0000 0.0000 -21.0591 -4.7242 -15.3706 2.0606 8.9911 25.7676 0.8238 1.8210 -17.8964 0.0005 -0.1385 -0.3806 0.0000 0.0000 0.0000 20.5750 6.3853 -20.7258 -3.8284 -11.9285 35.4796 -1.3535 -4.6707 -24.1030 -0.0001 -0.0679 0.1866 -1.1348 2.9143 3.2141 3.9723 3.7503 3.0223 4.6350 1.7871 0.9689 2.2954 14.3173 -5.4371 -2.1349 19.3126 12.7903 0.2159 9.4141 5.1780 -0.0000 -0.0000 0.0000 -91.9746 -4.0538 18.6775 16.5743 -26.2932 -3.8969 -0.0000 0.0000 -2.0102 20.6501 22.3615 8.1595 -7.1250 0.0000 -0.0000 -8.6550 53.5049 -1.8209 -0.0000 -0.0000 0.0000 84.4042 -3.8147 12.4850 -18.8739 29.2617 -4.9691 0.0000 -0.0000 -0.7158 -26.2593 12.7164 -6.1979 7.1250 -0.0000 -0.0000 0.7078 -15.8564 0.4875
3.7576 18.0371 -3.3272 -39.1173 -85.0034 44.8889 0.0000 0.0000 0.0000 -21.0341 -4.9517 -15.5696 2.0680 9.0062 25.8148 0.8167 1.9717 -17.8926 0.0002 -0.0804 -0.2209 0.0000 0.0000 0.0000 20.5339 6.4291 -21.0277 -3.8392 -11.9433 35.5318 -1.3638 -4.4672 -24.0724 -0.0017 -0.2679 0.7362 -1.0098 2.8894 3.4275 4.0153 3.7154 3.0733 4.6009 1.7695 0.9104 2.6162 14.5484 -5.1545 -2.4961 19.6405 12.6710 0.0728 9.5735 5.1709 0.0000 0.0000 0.0000 -91.9635 -3.8885 19.2859 16.8779 -26.6965 -4.0323 -0.0000 0.0000 -2.3172 20.7594 22.2811 8.1785 -7.1250 0.0000 -0.0000 -8.5140 53.4426 -1.7779 0.0000 0.0000 0.0000 84.3284 -3.8247 12.5549 -18.8909 29.2829 -4.9774 0.0000 -0.0000 -0.8058 -26.3666 12.7206 -6.2290 7.1250 -0.0000 -0.0000 0.6342 -15.8391 0.4371
3.7670 18.0385 -3.3360 -39.7336 -84.9300 45.4001 0.0000 0.0000 0.0000 -20.9259 -4.9754 -15.5225 2.0771 9.0249 25.8732 0.8154 2.1182 -17.9492 0.0002 -0.0919 -0.2526 0.0000 0.0000 0.0000 20.6886 6.2018 -21.0577 -3.8390 -11.9430 35.5308 -1.3455 -4.4771 -23.9330 -0.0007 -0.1732 0.4758 -0.7996 2.9791 3.8312 4.2189 3.8239 3.2869 4.6762 1.8171 0.8961 2.5562 14.6009 -5.1834 -2.6174 19.7289 12.5066 0.0478 9.6121 5.1333 -0.0000 -0.0000 0.0000 -92.0880 -3.8416 20.2772 17.2124 -27.1369 -4.1837 -0.0000 0.0000 -2.5979 20.7785 22.3440 8.2082 -7.1250 0.0000 -0.0000 -8.5180 53.5110 -1.7930 -0.0000 -0.0000 0.0000 84.1362 -3.7903 12.3595 -18.8966 29.2900 -4.9801 0.0000 -0.0000 -0.5871 -26.6873 12.7850 -6.3474 7.1250 -0.0000 -0.0000 0.4183 -15.7296 0.2892
3.7744 18.0402 -3.3501 -40.4366 -84.9838 46.1916 0.0000 0.0000 0.0000 -20.8427 -4.8866 -15.7045 2.0774 9.0255 25.8750 0.8223 2.1439 -18.0331 0.0009 -0.1972 -0.5419 0.0000 0.0000 0.0000 20.7450 6.1597 -21.2459 -3.8387 -11.9427 35.5295 -1.3367 -4.4414 -23.8443 -0.0009 -0.1923 0.5284 -0.4888 2.9784 3.9037 4.2000 3.8149 3.5286 4.4869 1.8081 1.1270 2.8518 14.7802 -5.2271 -2.9377 19.9812 12.3526 -0.0605 9.7322 5.1618 0.0000 -0.0000 0.0000 -91.6799 -3.9885 21.6712 17.3625 -27.3331 -4.2524 -0.0000 0.0000 -3.2936 20.9678 22.2131 8.2435 -7.1250 0.0000 -0.0000 -8.2774 53.4116 -1.7216 0.0000 -0.0000 0.0000 84.1912 -3.5230 12.6459 -18.8248 29.2004 -4.9451 0.0000 -0.0000 -0.4668 -27.6582 12.8410 -6.6436 7.1250 -0.0000 -0.0000 -0.2444 -15.5477 -0.1699
3.7819 18.0422 -3.3669 -38.4879 -84.9409 44.4708 0.0000 0.0000 0.0000 -20.8805 -5.1082 -15.8554 2.0606 8.9913 25.7681 0.8044 2.3721 -17.9595 0.0062 -0.5071 -1.3933 0.0000 0.0000 0.0000 20.6769 6.1114 -21.5641 -3.8441 -11.9500 35.5553 -1.3377 -4.4883 -23.8778 -0.0002 -0.0863 0.2372 -0.4338 2.9677 4.0129 4.2970 3.7965 3.5831 4.5536 1.7962 1.1211 2.6438 14.8078 -4.9558 -2.9377 20.0225 11.9333 -0.0747 9.7617 4.9676 -0.0000 0.0000 0.0000 -91.7495 -3.9156 22.1822 17.5560 -27.5848 -4.3417 -0.0000 0.0000 -2.8011 20.6785 22.2594 8.1367 -7.1250 0.0000 -0.0000 -8.5880 53.4052 -1.7857 -0.0000 0.0000 0.0000 84.0077 -3.5067 12.5846 -18.8540 29.2369 -4.9593 0.0000 -0.0000 -0.4649 -27.2806 13.0370 -6.6356 7.1250 -0.0000 -0.0000 0.0308 -15.3773 0.0215
3.7871 18.0471 -3.3818 -36.3391 -84.8136 42.6597 0.0000 0.0000 0.0000 -20.8521 -5.2958 -16.1279 2.0353 8.9392 25.6052 0.8048 2.2654 -17.9116 0.0058 -0.4927 -1.3537 0.0000 0.0000 0.0000 20.6307 6.3495 -21.8688 -3.8430 -11.9484 35.5498 -1.3279 -4.8150 -23.9817 -0.0005 -0.1436 0.3945 -0.3755 2.9667 4.1126 4.4632 3.7944 3.5513 4.6875 1.7943 1.0259 2.4609 14.7955 -4.9604 -3.0545 20.0421 12.0210 -0.0789 9.7550 4.9906 -0.0000 0.0000 0.0000 -92.1577 -3.6973 21.8721 17.9200 -28.0546 -4.5116 -0.0000 0.0000 -1.9458 19.9694 22.1314 7.7949 -7.1250 0.0000 -0.0000 -9.2573 53.1428 -1.8670 -0.0000 0.0000 0.0000 83.8426 -3.6829 12.2952 -19.0294 29.4552 -5.0453 0.0000 -0.0000 -0.5333 -26.7524 12.9043 -6.4231 7.1250 -0.0000 -0.0000 0.3827 -15.5898 0.2658
3.7853 18.0528 -3.4106 -33.6665 -84.7389 40.2929 0.0000 0.0000 0.0000 -20.8928 -5.4341 -16.3499 2.0112 8.8893 25.4498 0.7929 2.1889 -17.7494 0.0109 -0.6750 -1.8549 0.0000 0.0000 0.0000 20.5256 6.4400 -22.1629 -3.8386 -11.9425 35.5290 -1.3258 -4.9228 -24.0266 -0.0023 -0.3109 0.8543 -0.4940 2.9184 3.9298 4.4950 3.7154 3.6936 4.8057 1.7461 1.2721 2.7343 14.8737 -4.8695 -3.3527 20.1508 11.7201 -0.2067 9.8126 4.9438 -0.0000 -0.0000 0.0000 -92.0724 -3.9060 21.8284 17.9323 -28.0704 -4.5173 -0.0000 0.0000 -1.4188 19.5515 21.7882 7.5092 -7.1250 0.0000 -0.0000 -9.5483 52.7159 -1.8263 -0.0000 -0.0000 0.0000 83.9735 -3.4924 12.1015 -19.0804 29.5185 -5.0704 0.0000 -0.0000 -0.6718 -26.2197 12.7965 -6.2252 7.1250 -0.0000 -0.0000 0.7410 -15.7729 0.5117
3.7809 18.0569 -3.4297 -33.0471 -84.6454 39.7713 0.0000 0.0000 0.0000 -20.8146 -5.1584 -16.5233 1.9950 8.8556 25.3446 0.7983 1.8434 -17.6413 0.0175 -0.8551 -2.3502 0.0000 0.0000 0.0000 20.5754 6.3798 -22.2447 -3.8348 -11.9372 35.5102 -1.3509 -4.7311 -24.1163 -0.0059 -0.4959 1.3625 -0.5340 2.9466 4.2399 4.7698 3.7477 3.6882 5.0974 1.7580 1.0709 2.5773 14.8979 -4.8877 -3.4564 20.2188 11.8663 -0.2029 9.8298 4.9900 0.0000 -0.0000 0.0000 -92.3584 -3.7844 21.9918 17.8893 -28.0151 -4.4971 -0.0000 0.0000 -0.7072 20.0153 21.1099 7.4743 -7.1250 0.0000 -0.0000 -8.8398 52.1040 -1.5560 0.0000 -0.0000 0.0000 83.5619 -3.6693 12.2141 -19.1588 29.6155 -5.1091 0.0000 -0.0000 -1.1870 -25.8036 12.6001 -6.0209 7.1250 -0.0000 -0.0000 1.0138 -16.0375 0.6944
3.7788 18.0577 -3.4494 -31.8293 -84.3702 38.9028 0.0000 0.0000 0.0000 -20.6389 -5.3459 -16.8908 1.9859 8.8366 25.2854 0.7887 1.7007 -17.4741 0.0219 -0.9564 -2.6288 0.0000 0.0000 0.0000 20.6786 6.4368 -22.5843 -3.8230 -11.9211 35.4535 -1.3475 -4.7728 -24.1131 -0.0093 -0.6226 1.7109 -0.2059 2.9888 4.2708 4.8466 3.8119 3.6407 4.9863 1.7952 1.0148 2.7709 14.8152 -4.9455 -3.6360 20.1208 12.0081 -0.2712 9.7737 5.0787 -0.0000 0.0000 0.0000 -92.3771 -3.8036 22.1460 17.8809 -28.0043 -4.4932 -0.0000 0.0000 -0.3520 19.7679 21.1784 7.3978 -7.1250 0.0000 -0.0000 -9.1103 52.1308 -1.6103 -0.0000 0.0000 0.0000 83.7637 -3.7472 11.3874 -19.2076 29.6758 -5.1332 0.0000 -0.0000 -1.0833 -25.4731 12.7360 -5.9956 7.1250 -0.0000 -0.0000 1.2510 -15.9265 0.8599
3.7728 18.0640 -3.4719 -30.3488 -84.3771 37.7090 0.0000 0.0000 0.0000 -20.6512 -5.8612 -16.9421 1.9685 8.8002 25.1724 0.7733 2.0195 -17.4602 0.0156 -0.8068 -2.2174 0.0000 0.0000 0.0000 20.5769 6.8100 -22.7393 -3.8175 -11.9135 35.4265 -1.3295 -5.1114 -24.1642 -0.0102 -0.6518 1.7912 0.1475 2.8997 4.0605 4.6473 3.6882 3.8332 4.6025 1.7346 1.3765 2.8702 14.9102 -5.0010 -3.6361 20.2256 11.7128 -0.2842 9.8375 5.0088 0.0000 0.0000 0.0000 -91.5760 -3.9724 23.4393 17.9201 -28.0548 -4.5116 -0.0000 0.0000 -1.8635 19.3770 21.7810 7.4352 -7.1250 0.0000 -0.0000 -9.7203 52.6771 -1.8505 0.0000 0.0000 0.0000 84.0155 -3.3350 11.5805 -19.1553 29.6112 -5.1074 0.0000 -0.0000 -1.3610 -25.0208 12.8009 -5.9042 7.1250 -0.0000 -0.0000 1.5672 -15.9071 1.0781
3.7683 18.0667 -3.4931 -29.4625 -84.3047 37.0698 0.0000 0.0000 0.0000 -20.5768 -5.8707 -17.1691 1.9561 8.7740 25.0909 0.7723 1.8736 -17.3802 0.0243 -1.0065 -2.7667 0.0000 0.0000 0.0000 20.6100 6.7029 -23.0278 -3.8073 -11.8994 35.3770 -1.3206 -5.0655 -24.0671 -0.0088 -0.6059 1.6649 0.3777 2.9564 4.2131 4.6706 3.7699 3.8389 4.4862 1.7790 1.3040 3.0372 14.8305 -4.9914 -3.8662 20.1282 11.5761 -0.3818 9.7873 5.0022 -0.0000 0.0000 0.0000 -91.3499 -3.9825 24.1227 17.8378 -27.9490 -4.4730 -0.0000 0.0000 -2.5956 19.7492 21.6084 7.5316 -7.1250 0.0000 -0.0000 -9.2840 52.5677 -1.7413 -0.0000 0.0000 0.0000 84.0879 -3.2389 11.2529 -19.0688 29.5040 -5.0647 0.0000 -0.0000 -1.5159 -24.7951 12.7962 -5.8420 7.1250 -0.0000 -0.0000 1.7225 -15.9376 1.1839
3.7538 18.0730 -3.5429 -31.9750 -83.6174 39.7538 0.0000 0.0000 0.0000 -19.7252 -5.9171 -17.4761 1.9759 8.8157 25.2206 0.7851 1.4777 -17.3356 0.0307 -1.1308 -3.1087 0.0000 0.0000 0.0000 21.4365 6.7907 -23.0103 -3.7622 -11.8371 35.1581 -1.3131 -5.4191 -24.2147 -0.0164 -0.8275 2.2742 0.8997 2.8910 4.3194 4.9062 3.6850 3.8646 4.4370 1.7386 1.2962 3.2691 14.7668 -5.1529 -4.0458 20.0459 11.6149 -0.4503 9.7412 5.0794 0.0000 0.0000 0.0000 -91.2454 -4.1079 23.6983 17.6849 -27.7518 -4.4015 -0.0000 0.0000 -2.4008 19.9441 21.4724 7.5662 -7.1250 0.0000 -0.0000 -9.0396 52.4634 -1.6716 0.0000 0.0000 0.0000 84.3662 -3.2234 11.0757 -19.1156 29.5621 -5.0878 0.0000 -0.0000 -1.1981 -24.8749 12.8441 -5.8847 7.1250 -0.0000 -0.0000 1.6705 -15.8764 1.1503
3.7380 18.0791 -3.5666 -30.8571 -83.7449 38.9995 0.0000 0.0000 0.0000 -19.8272 -5.8426 -17.8095 1.9631 8.7889 25.1371 0.7785 1.3766 -17.2201 0.0349 -1.2061 -3.3161 0.0000 0.0000 0.0000 21.3046 7.0323 -23.3056 -3.7657 -11.8419 35.1748 -1.2881 -5.6792 -24.1734 -0.0072 -0.5497 1.5104 0.9348 2.9960 4.1668 4.8880 3.8168 3.9270 4.4042 1.8037 1.4401 3.0628 14.6882 -5.1592 -3.9729 19.9367 11.3502 -0.4257 9.6926 4.9659 -0.0000 -0.0000 0.0000 -91.1029 -4.1978 23.9018 17.6127 -27.6584 -4.3680 -0.0000 0.0000 -2.5779 20.2754 21.6090 7.7474 -7.1250 0.0000 -0.0000 -8.7570 52.6629 -1.6616 -0.0000 -0.0000 0.0000 84.5135 -3.1861 11.0474 -19.1529 29.6083 -5.1062 0.0000 -0.0000 -0.6056 -25.7713 12.5611 -5.9941 7.1250 -0.0000 -0.0000 1.0334 -16.0840 0.7068
3.7281 18.0779 -3.6073 -24.1007 -84.1778 32.6998 0.0000 0.0000 0.0000 -20.6052 -5.7444 -18.1385 1.9047 8.6646 24.7517 0.7518 1.1313 -16.8274 0.0624 -1.6112 -4.4324 0.0000 0.0000 0.0000 20.4479 7.4011 -23.8612 -3.8243 -11.9228 35.4594 -1.2968 -5.8372 -24.3380 -0.0051 -0.4620 1.2695 0.0351 3.0704 4.2390 4.7474 3.9145 3.8274 4.7515 1.8451 1.2391 3.2456 14.6383 -5.2414 -4.1472 19.8800 11.4437 -0.4893 9.6574 5.0425 0.0000 -0.0000 0.0000 -91.0668 -4.1003 23.6811 17.5418 -27.5664 -4.3351 -0.0000 0.0000 -2.3220 20.0701 22.0968 7.8255 -7.1250 0.0000 -0.0000 -9.1427 53.1258 -1.8398 0.0000 -0.0000 0.0000 84.4357 -3.3701 11.5648 -19.2529 29.7317 -5.1557 0.0000 -0.0000 -1.0087 -25.8814 12.6050 -6.0439 7.1250 -0.0000 -0.0000 0.9605 -16.0232 0.6581
3.7144 18.0810 -3.6369 -22.7746 -83.9902 31.5228 0.0000 0.0000 0.0000 -20.5287 -6.0840 -18.0006 1.8636 8.5759 24.4774 0.7215 1.4102 -16.6156 0.0825 -1.8526 -5.0985 0.0000 0.0000 0.0000 20.5258 7.2749 -24.0346 -3.8332 -11.9351 35.5028 -1.3063 -5.8611 -24.4277 -0.0034 -0.3770 1.0358 0.0423 2.9443 4.3031 4.9222 3.7290 3.9993 4.9406 1.7421 1.3859 3.0474 14.7584 -5.4287 -4.3315 20.0780 11.3013 -0.4916 9.7375 5.0359 -0.0000 0.0000 0.0000 -91.2735 -4.1823 22.9795 17.5480 -27.5745 -4.3380 -0.0000 0.0000 -2.3377 19.6189 22.1311 7.6483 -7.1250 0.0000 -0.0000 -9.6101 53.0781 -1.9239 -0.0000 0.0000 0.0000 84.1707 -3.2584 12.1465 -19.4099 29.9249 -5.2338 0.0000 -0.0000 -1.0263 -25.8372 12.3189 -5.8983 7.1250 -0.0000 -0.0000 0.9714 -16.3427 0.6589
3.6988 18.0858 -3.6651 -19.7522 -84.0884 29.0658 0.0000 0.0000 0.0000 -20.7206 -6.5394 -18.4343 1.8707 8.5913 24.5250 0.6968 1.8723 -16.5541 0.0999 -2.0378 -5.6100 0.0000 0.0000 0.0000 20.2091 7.6226 -24.3724 -3.7771 -11.8578 35.2307 -1.2775 -6.1239 -24.3636 -0.0015 -0.2523 0.6932 -0.0573 2.9584 4.1557 4.8772 3.7501 3.9210 4.9539 1.7542 1.3819 3.0288 14.7603 -5.4283 -4.5305 20.1037 11.1886 -0.5471 9.7416 5.0210 0.0000 0.0000 0.0000 -91.2526 -4.0781 22.8943 17.4824 -27.4894 -4.3077 -0.0000 0.0000 -2.2848 19.9513 21.7703 7.6679 -7.1250 0.0000 -0.0000 -9.1409 52.7699 -1.7595 0.0000 0.0000 0.0000 83.9795 -3.8067 13.5326 -20.2246 30.9119 -5.6463 0.0000 -0.0000 -2.2032 -26.0106 11.6707 -5.6373 7.1250 -0.0000 -0.0000 0.8078 -17.0367 0.5358
3.6767 18.0956 -3.7149 -28.6050 -83.2619 37.5426 0.0000 0.0000 0.0000 -19.1670 -6.2941 -18.2559 1.9031 8.6612 24.7410 0.7065 1.6253 -16.5469 0.1268 -2.2958 -6.3238 0.0000 0.0000 0.0000 21.8883 7.4319 -23.7109 -3.6951 -11.7432 34.8293 -1.2621 -6.4247 -24.4331 -0.0004 -0.1248 0.3429 1.1402 2.9098 4.6988 5.4335 3.6880 4.0954 4.8416 1.7245 1.3065 2.5679 14.7248 -5.3014 -4.5530 20.0872 10.9185 -0.5220 9.7273 4.8729 -0.0000 0.0000 0.0000 -91.3694 -3.8668 22.9088 17.5635 -27.5946 -4.3451 -0.0000 0.0000 -2.4210 19.7082 21.9031 7.6112 -7.1250 0.0000 -0.0000 -9.4342 52.8616 -1.8380 -0.0000 0.0000 0.0000 84.0798 -3.4443 12.3350 -19.6993 30.2784 -5.3789 0.0000 -0.0000 -0.8540 -25.7870 12.5699 -6.0023 7.1250 -0.0000 -0.0000 1.0232 -16.0726 0.7000
3.6529 18.1040 -3.7560 -30.2664 -82.8805 39.5048 0.0000 0.0000 0.0000 -18.5532 -6.2906 -18.8430 1.9657 8.7942 25.1537 0.7289 1.4176 -16.7010 0.1616 -2.5898 -7.1387 0.0000 0.0000 0.0000 22.5197 7.3757 -23.7397 -3.6019 -11.6109 34.3691 -1.1991 -6.9160 -24.2562 -0.0072 0.5497 -1.5104 1.5309 2.8520 4.6034 5.6474 3.6006 4.1575 4.8570 1.6794 1.4426 2.2714 14.7644 -5.3658 -4.6119 20.1634 10.6917 -0.5019 9.7575 4.7928 0.0000 0.0000 0.0000 -91.3582 -3.8751 22.8776 17.5311 -27.5526 -4.3301 -0.0000 0.0000 -2.5000 19.7925 21.8886 7.6413 -7.1250 0.0000 -0.0000 -9.3441 52.8621 -1.8203 0.0000 0.0000 0.0000 83.7921 -3.4890 12.8983 -19.9600 30.5942 -5.5110 0.0000 -0.0000 -1.2392 -25.8753 12.6611 -6.0685 7.1250 -0.0000 -0.0000 0.9686 -15.9622 0.6650
3.6337 18.1056 -3.7998 -31.1410 -82.7010 40.6920 0.0000 0.0000 0.0000 -18.1102 -6.3174 -19.2067 1.9719 8.8073 25.1944 0.7461 1.1262 -16.7630 0.1249 -2.2781 -6.2748 0.0000 0.0000 0.0000 22.8628 7.6825 -23.8921 -3.5894 -11.5930 34.3069 -1.1876 -7.1740 -24.3395 -0.0087 0.6008 -1.6510 1.7461 2.9461 4.5398 5.7454 3.7214 4.1771 4.8382 1.7404 1.4977 2.5598 14.7074 -5.5328 -4.8926 20.1006 10.7484 -0.6020 9.7155 4.8932 -0.0000 -0.0000 0.0000 -91.2169 -3.8646 23.1931 17.4633 -27.4645 -4.2988 -0.0000 0.0000 -2.2614 20.3570 22.2621 8.0015 -7.1250 0.0000 -0.0000 -8.9149 53.3482 -1.8420 -0.0000 -0.0000 0.0000 83.5570 -3.3926 13.4611 -20.0006 30.6431 -5.5317 0.0000 -0.0000 -1.9517 -26.3475 12.6028 -6.1676 7.1250 -0.0000 -0.0000 0.6388 -15.9711 0.4384
3.6149 18.1029 -3.8306 -22.0157 -83.3300 32.6280 0.0000 0.0000 0.0000 -19.3357 -6.6630 -19.9092 1.9020 8.6589 24.7339 0.7083 1.3645 -16.4483 0.1586 -2.5656 -7.0715 0.0000 0.0000 0.0000 21.4182 8.0047 -25.0570 -3.6604 -11.6942 34.6586 -1.2055 -7.1015 -24.4327 -0.0150 0.7910 -2.1740 0.7210 3.0681 3.8834 5.1949 3.8864 3.9584 4.8597 1.8257 1.5917 3.2757 14.5991 -5.6261 -5.1003 19.9179 10.8126 -0.7498 9.6353 5.0127 0.0000 0.0000 0.0000 -90.7311 -3.8720 23.5248 17.3450 -27.3103 -4.2444 -0.0000 0.0000 -2.2190 20.1451 22.1993 7.8911 -7.1250 0.0000 -0.0000 -9.1056 53.2445 -1.8587 0.0000 0.0000 0.0000 84.0823 -3.5547 13.1224 -20.3899 31.1092 -5.7314 0.0000 -0.0000 -1.8947 -25.7835 12.6037 -6.0172 7.1250 -0.0000 -0.0000 1.0280 -16.0359 0.7041
3.5957 18.1098 -3.8772 -18.8625 -83.3471 29.7832 0.0000 0.0000 0.0000 -19.5777 -6.1584 -20.0138 1.8096 8.4578 24.1133 0.6915 0.9817 -16.0947 0.2821 -3.4163 -9.4399 0.0000 0.0000 0.0000 21.1630 8.2161 -25.3539 -3.7227 -11.7820 34.9650 -1.2445 -7.1853 -24.7969 -0.0148 0.7844 -2.1557 0.6012 3.3833 3.8701 4.8147 4.3291 3.8411 4.5111 2.0590 1.4618 4.3731 14.2696 -5.4356 -5.3656 19.4017 10.7286 -1.0200 9.4128 5.0653 -0.0000 -0.0000 0.0000 -89.8037 -3.7951 24.9022 17.2821 -27.2281 -4.2156 -0.0000 0.0000 -2.7268 19.6776 21.8481 7.5806 -7.1250 0.0000 -0.0000 -9.4443 52.7999 -1.8257 -0.0000 -0.0000 0.0000 84.9917 -3.7264 12.1625 -20.6807 31.4537 -5.8824 0.0000 -0.0000 -2.0656 -26.3183 12.3359 -6.0322 7.1250 -0.0000 -0.0000 0.6398 -16.2691 0.4349
3.5576 18.1149 -3.8965 -15.9245 -83.2531 26.5688 0.0000 0.0000 0.0000 -19.7982 -7.5850 -18.9292 1.7854 8.4040 23.9479 0.6341 2.4494 -16.1269 0.3072 -3.5632 -9.8510 0.0000 0.0000 0.0000 20.9723 7.7246 -25.0005 -3.6961 -11.7446 34.8343 -1.2472 -7.1950 -24.8252 -0.0238 0.9956 -2.7368 0.6769 3.2744 4.1553 4.7659 4.1859 3.9568 4.4102 1.9868 1.4419 4.3864 14.3157 -5.0930 -5.4004 19.4635 10.5361 -1.0607 9.4553 4.9575 -0.0000 -0.0000 0.0000 -89.8440 -3.5508 24.6768 17.2428 -27.1768 -4.1976 -0.0000 0.0000 -2.4307 20.2412 21.8703 7.8212 -7.1250 0.0000 -0.0000 -8.8863 52.9250 -1.7437 -0.0000 -0.0000 0.0000 84.8257 -3.4300 12.3330 -20.5061 31.2473 -5.7916 0.0000 -0.0000 -2.0090 -26.1073 12.2854 -5.9530 7.1250 -0.0000 -0.0000 0.7821 -16.3489 0.5304
3.5245 18.1218 -3.9355 -19.8746 -83.0217 30.6999 0.0000 0.0000 0.0000 -18.9579 -7.9005 -18.9896 1.7973 8.4305 24.0295 0.6489 2.3820 -16.2635 0.2102 -2.9519 -8.1448 0.0000 0.0000 0.0000 21.6909 8.1768 -24.8104 -3.6460 -11.6739 34.5878 -1.2316 -7.6018 -24.9824 -0.0199 0.9118 -2.5062 1.1876 3.3042 3.9125 5.0206 4.2110 4.0211 4.4066 1.9996 1.6612 4.2645 14.2910 -5.2658 -5.4227 19.4525 10.7491 -1.0304 9.4346 5.0420 0.0000 0.0000 0.0000 -90.0138 -3.5491 24.4878 17.2508 -27.1872 -4.2013 -0.0000 0.0000 -1.9677 20.2976 22.2699 7.9790 -7.1250 0.0000 -0.0000 -8.9779 53.3452 -1.8545 0.0000 0.0000 0.0000 84.6832 -3.4893 12.4551 -20.8481 31.6507 -5.9701 0.0000 -0.0000 -2.3273 -26.0402 12.6451 -6.1052 7.1250 -0.0000 -0.0000 0.8538 -15.9607 0.5861
3.4955 18.1256 -3.9765 -18.4015 -82.9966 29.2334 0.0000 0.0000 0.0000 -19.0078 -7.6648 -19.1190 1.8307 8.5042 24.2563 0.6775 2.0662 -16.4313 0.2000 -2.8794 -7.9433 0.0000 0.0000 0.0000 21.7275 7.8877 -24.7408 -3.6213 -11.6386 34.4653 -1.2314 -7.5142 -24.9201 -0.0206 0.9277 -2.5499 1.0374 3.2753 3.9631 5.0647 4.1710 4.0155 4.5345 1.9762 1.6159 4.2328 14.2633 -5.0165 -5.4564 19.4215 10.6571 -1.0618 9.4250 4.9717 -0.0000 0.0000 0.0000 -90.0819 -3.3086 24.6374 17.3319 -27.2932 -4.2384 -0.0000 0.0000 -2.0638 19.9423 22.3996 7.8719 -7.1250 0.0000 -0.0000 -9.3869 53.4119 -1.9555 -0.0000 0.0000 0.0000 84.5681 -3.3868 12.4071 -20.8660 31.6716 -5.9794 0.0000 -0.0000 -2.0619 -26.1744 12.8366 -6.2319 7.1250 -0.0000 -0.0000 0.7750 -15.7342 0.5359
3.4700 18.1163 -4.0048 -20.1650 -83.0164 30.9969 0.0000 0.0000 0.0000 -18.7843 -7.3794 -19.2322 1.8516 8.5499 24.3972 0.6610 2.2847 -16.3529 0.3095 -3.5765 -9.8880 0.0000 0.0000 0.0000 22.0567 7.8901 -24.6756 -3.6238 -11.6422 34.4777 -1.2387 -7.4077 -24.9036 -0.0240 1.0003 -2.7495 1.3857 3.2500 3.9169 5.1060 4.1306 4.1051 4.3907 1.9583 1.7596 4.3128 14.3106 -4.9613 -5.5177 19.4855 10.6300 -1.0887 9.4580 4.9714 0.0000 -0.0000 0.0000 -90.0913 -3.2767 24.5224 17.3123 -27.2677 -4.2294 -0.0000 0.0000 -2.1045 19.7460 22.3284 7.7657 -7.1250 0.0000 -0.0000 -9.5577 53.3028 -1.9660 0.0000 -0.0000 0.0000 84.4245 -3.0902 12.8980 -20.9961 31.8238 -6.0479 0.0000 -0.0000 -2.4877 -26.1056 12.4710 -6.0404 7.1250 -0.0000 -0.0000 0.7963 -16.1446 0.5436
3.4344 18.1160 -4.0466 -18.5569 -83.1010 29.2886 0.0000 0.0000 0.0000 -18.8717 -7.3106 -19.0541 1.8635 8.5758 24.4771 0.6774 2.2010 -16.4973 0.2475 -3.2016 -8.8405 0.0000 0.0000 0.0000 21.9601 8.3149 -24.2546 -3.6209 -11.6381 34.4633 -1.2654 -7.5870 -25.2344 -0.0080 0.5786 -1.5898 1.1262 3.1792 3.8370 5.1826 4.0167 4.2367 4.6299 1.8905 1.9249 3.9740 14.3477 -5.0030 -5.3822 19.5545 10.7693 -0.9944 9.4826 4.9785 0.0000 -0.0000 0.0000 -90.3380 -3.3394 24.4769 17.2644 -27.2051 -4.2075 -0.0000 0.0000 -2.2946 20.3809 22.1318 7.9676 -7.1250 0.0000 -0.0000 -8.8420 53.2190 -1.7987 0.0000 -0.0000 0.0000 84.1058 -2.8040 13.0838 -21.0560 31.8936 -6.0795 0.0000 -0.0000 -2.1936 -26.2039 12.6154 -6.1350 7.1250 -0.0000 -0.0000 0.7388 -15.9742 0.5070
3.4035 18.1163 -4.0835 -18.4986 -83.0269 29.0537 0.0000 0.0000 0.0000 -18.7060 -7.6501 -18.6550 1.8751 8.6010 24.5549 0.6686 2.7089 -16.6624 0.3130 -3.5967 -9.9448 0.0000 0.0000 0.0000 22.2039 8.1085 -23.9921 -3.6140 -11.6283 34.4293 -1.2910 -7.4899 -25.3643 -0.0030 0.3547 -0.9747 1.2879 3.2359 3.9764 5.1124 4.1076 4.1724 4.4521 1.9433 1.7902 4.3988 14.2376 -4.6231 -5.4114 19.3800 10.8049 -1.0978 9.4179 4.9629 0.0000 0.0000 0.0000 -90.1416 -3.0456 24.8048 17.3145 -27.2705 -4.2304 -0.0000 0.0000 -2.2782 20.2892 22.1014 7.9189 -7.1250 0.0000 -0.0000 -8.9233 53.1709 -1.8049 0.0000 0.0000 0.0000 84.1543 -2.9850 12.9080 -21.2647 32.1361 -6.1902 0.0000 -0.0000 -1.7596 -25.8281 12.6995 -6.0738 7.1250 -0.0000 -0.0000 1.0038 -15.9255 0.6899
3.3656 18.1135 -4.1187 -20.0557 -82.8281 30.3969 0.0000 0.0000 0.0000 -18.2857 -7.8111 -18.3669 1.9092 8.6744 24.7820 0.6802 2.8326 -16.8598 0.3034 -3.5412 -9.7895 0.0000 0.0000 0.0000 22.6982 7.9423 -23.6555 -3.6115 -11.6246 34.4166 -1.2977 -7.5385 -25.4491 -0.0075 0.5586 -1.5349 1.4522 3.1344 3.9476 5.3826 3.9558 4.2406 4.6516 1.8612 1.8809 3.9412 14.2751 -4.5778 -5.2288 19.4524 10.9228 -0.9832 9.4450 4.9334 -0.0000 0.0000 0.0000 -90.5703 -2.8263 24.5728 17.4347 -27.4273 -4.2856 -0.0000 0.0000 -2.3988 19.6288 22.2070 7.6771 -7.1250 0.0000 -0.0000 -9.6292 53.1575 -1.9466 -0.0000 0.0000 0.0000 83.7297 -2.8090 13.0035 -21.3977 32.2897 -6.2611 0.0000 -0.0000 -1.4641 -25.3629 12.7956 -5.9934 7.1250 -0.0000 -0.0000 1.3310 -15.8737 0.9164
3.3274 18.1001 -4.1591 -19.7295 -82.9749 29.8676 0.0000 0.0000 0.0000 -18.2815 -7.6828 -18.1569 1.9411 8.7424 24.9927 0.6947 2.9232 -17.0710 0.2772 -3.3864 -9.3565 0.0000 0.0000 0.0000 22.8306 7.4259 -23.5272 -3.6268 -11.6466 34.4928 -1.3251 -7.1470 -25.3944 -0.0169 0.8404 -2.3099 1.5278 3.3364 3.9090 5.1193 4.2391 4.2125 4.3273 2.0128 1.8778 4.4327 14.0881 -4.3245 -4.9904 19.1345 11.0021 -1.0200 9.3228 4.9244 -0.0000 -0.0000 0.0000 -90.1691 -2.7800 24.9646 17.3914 -27.3709 -4.2657 -0.0000 0.0000 -2.1137 19.3096 22.3198 7.5797 -7.1250 0.0000 -0.0000 -9.9942 53.2138 -2.0353 -0.0000 -0.0000 0.0000 84.2423 -2.9103 12.5547 -21.5966 32.5181 -6.3676 0.0000 -0.0000 -1.7583 -25.6851 12.7589 -6.0630 7.1250 -0.0000 -0.0000 1.1065 -15.8770 0.7617
3.2894 18.0983 -4.1977 -19.3485 -83.0436 29.3428 0.0000 0.0000 0.0000 -18.2502 -7.2991 -18.0679 1.9635 8.7896 25.1392 0.7081 2.5939 -17.0421 0.2777 -3.3892 -9.3641 0.0000 0.0000 0.0000 22.9256 7.8371 -23.0971 -3.6412 -11.6670 34.5638 -1.3080 -7.7192 -25.6512 -0.0225 0.9694 -2.6647 1.2916 3.2301 3.8019 5.2287 4.0835 4.2447 4.5860 1.9263 1.9567 4.4030 14.1774 -4.2650 -5.1048 19.2834 11.1979 -1.0325 9.3843 4.9914 0.0000 0.0000 0.0000 -90.5564 -2.6940 24.7024 17.4264 -27.4164 -4.2818 -0.0000 0.0000 -2.2584 20.0361 22.6034 7.9789 -7.1250 0.0000 -0.0000 -9.3707 53.6376 -2.0040 0.0000 0.0000 0.0000 83.8850 -2.7962 13.1267 -21.7590 32.7036 -6.4552 0.0000 -0.0000 -2.2214 -26.5471 12.8728 -6.3513 7.1250 -0.0000 -0.0000 0.5214 -15.6495 0.3615
3.2511 18.0994 -4.2307 -19.9377 -82.9327 29.5645 0.0000 0.0000 0.0000 -18.0345 -7.6845 -17.4778 1.9964 8.8586 25.3541 0.7036 3.0795 -17.2556 0.2853 -3.4354 -9.4933 0.0000 0.0000 0.0000 23.2448 7.5130 -22.6346 -3.6410 -11.6667 34.5630 -1.3616 -7.4223 -25.8532 -0.0159 0.8134 -2.2356 1.5176 3.1281 3.7976 5.2476 3.9413 4.3340 4.4872 1.8566 2.0761 4.5427 14.2396 -4.2567 -5.0671 19.3608 11.3916 -1.0254 9.4243 5.0637 -0.0000 -0.0000 0.0000 -90.6017 -2.5762 24.7402 17.4910 -27.5004 -4.3116 -0.0000 0.0000 -2.4489 20.3108 22.1374 7.9400 -7.1250 0.0000 -0.0000 -8.9149 53.2117 -1.8121 -0.0000 -0.0000 0.0000 83.7790 -2.6138 13.2478 -21.8977 32.8613 -6.5303 0.0000 -0.0000 -2.3066 -26.1453 13.0283 -6.3146 7.1250 -0.0000 -0.0000 0.8091 -15.5266 0.5631
3.2131 18.0938 -4.2750 -19.8762 -82.9708 29.2278 0.0000 0.0000 0.0000 -17.9359 -7.3020 -17.3009 2.0318 8.9320 25.5830 0.7276 2.8614 -17.3980 0.3793 -3.9551 -10.9504 0.0000 0.0000 0.0000 23.4376 7.5357 -22.1641 -3.6414 -11.6673 34.5649 -1.3783 -7.5209 -26.0439 -0.0108 0.6720 -1.8466 1.4705 3.1824 3.6981 5.2548 4.0042 4.3990 4.5284 1.8853 2.1913 4.3706 14.1659 -4.2538 -4.8161 19.2507 11.5903 -0.9351 9.3724 5.0780 -0.0000 0.0000 0.0000 -90.6687 -2.6612 25.0322 17.4530 -27.4510 -4.2941 -0.0000 0.0000 -2.6030 20.4503 22.0026 7.9530 -7.1250 0.0000 -0.0000 -8.7241 53.0991 -1.7488 -0.0000 0.0000 0.0000 83.6928 -2.4753 13.1914 -22.0114 32.9899 -6.5921 0.0000 -0.0000 -2.4404 -26.2964 13.0385 -6.3613 7.1250 -0.0000 -0.0000 0.7061 -15.4972 0.4918
3.1709 18.0888 -4.3123 -19.9284 -82.9798 29.0204 0.0000 0.0000 0.0000 -17.8446 -7.2663 -17.0070 2.0693 9.0090 25.8236 0.7372 3.0051 -17.5801 0.4490 -4.2989 -11.9192 0.0000 0.0000 0.0000 23.6556 7.5003 -21.6965 -3.6320 -11.6539 34.5183 -1.3832 -7.7707 -26.2487 -0.0185 0.8792 -2.4165 1.5181 3.2040 3.6475 5.1575 4.0437 4.3113 4.3985 1.9114 2.1357 4.6025 14.1161 -3.9584 -4.7072 19.1561 11.6114 -0.9634 9.3461 5.0431 0.0000 -0.0000 0.0000 -90.6497 -2.4134 24.9522 17.5159 -27.5329 -4.3231 -0.0000 0.0000 -2.4484 20.3719 21.9349 7.8974 -7.1250 0.0000 -0.0000 -8.7784 53.0151 -1.7417 0.0000 -0.0000 0.0000 83.8548 -2.6490 13.2404 -22.2372 33.2441 -6.7154 0.0000 -0.0000 -2.9863 -26.7134 13.2499 -6.5796 7.1250 -0.0000 -0.0000 0.4364 -15.2126 0.3066
3.1339 18.0848 -4.3483 -19.8598 -82.9852 28.7974 0.0000 0.0000 0.0000 -17.7305 -7.4278 -16.7861 2.1078 9.0872 26.0685 0.7343 3.2561 -17.6876 0.4318 -4.2171 -11.6883 0.0000 0.0000 0.0000 23.8604 7.2760 -21.4450 -3.6197 -11.6364 34.4577 -1.3581 -7.9050 -26.1545 -0.0370 1.2408 -3.4117 1.5139 3.2111 3.5237 5.0869 4.0621 4.1904 4.3290 1.9256 2.0828 4.9291 14.1176 -3.7352 -4.6967 19.1437 11.7894 -1.0120 9.3528 5.0916 -0.0000 0.0000 0.0000 -90.7025 -2.3147 24.7578 17.4474 -27.4439 -4.2915 -0.0000 0.0000 -2.2974 20.2868 22.0413 7.8977 -7.1250 0.0000 -0.0000 -8.9034 53.1088 -1.7873 -0.0000 0.0000 0.0000 83.8211 -2.7806 13.5262 -22.3612 33.3829 -6.7835 0.0000 -0.0000 -3.2833 -26.9676 13.1013 -6.5791 7.1250 -0.0000 -0.0000 0.2505 -15.3453 0.1753
3.0953 18.0819 -4.3855 -19.2479 -83.0789 27.8774 0.0000 0.0000 0.0000 -17.7596 -7.4593 -16.2646 2.1199 9.1116 26.1449 0.7341 3.5182 -17.8358 0.4775 -4.4313 -12.2934 0.0000 0.0000 0.0000 23.9634 7.2170 -20.9501 -3.6232 -11.6413 34.4747 -1.3798 -7.9959 -26.3778 -0.0357 1.2199 -3.3541 1.2997 3.2035 3.4584 5.1226 4.0477 4.1820 4.4899 1.9134 2.0940 4.9336 14.1469 -3.6924 -4.6154 19.1857 12.0675 -0.9781 9.3719 5.1657 -0.0000 -0.0000 0.0000 -90.8851 -2.2065 24.8292 17.4795 -27.4856 -4.3063 -0.0000 0.0000 -2.4576 20.1594 22.0691 7.8537 -7.1250 0.0000 -0.0000 -9.0422 53.1139 -1.8166 -0.0000 -0.0000 0.0000 83.6517 -2.7634 13.4666 -22.4878 33.5239 -6.8533 0.0000 -0.0000 -3.4115 -26.4559 13.1579 -6.4627 7.1250 -0.0000 -0.0000 0.6057 -15.3462 0.4238
3.0540 18.0778 -4.4216 -18.9035 -83.0118 27.3938 0.0000 0.0000 0.0000 -17.6663 -7.4911 -15.9454 2.1203 9.1123 26.1471 0.7287 3.7036 -17.8870 0.5816 -4.8832 -13.5757 0.0000 0.0000 0.0000 24.1025 7.1911 -20.6605 -3.6294 -11.6501 34.5053 -1.4313 -7.8394 -26.6476 -0.0183 0.8736 -2.4010 1.2619 3.1333 3.3138 5.1255 3.9617 4.0198 4.5177 1.8738 2.0096 4.8724 14.1757 -3.5357 -4.4995 19.2253 12.2487 -0.9396 9.3936 5.1812 0.0000 -0.0000 0.0000 -91.1180 -1.9866 24.5634 17.4978 -27.5094 -4.3148 -0.0000 0.0000 -2.3379 19.9050 22.1260 7.7661 -7.1250 0.0000 -0.0000 -9.3201 53.1253 -1.8758 0.0000 -0.0000 0.0000 83.6795 -2.8967 13.4664 -22.6213 33.6720 -6.9272 0.0000 -0.0000 -3.7929 -27.2028 13.2917 -6.7395 7.1250 -0.0000 -0.0000 0.1049 -15.1046 0.0740
3.0193 18.0792 -4.4613 -17.1259 -83.0008 25.3890 0.0000 0.0000 0.0000 -17.7735 -7.0546 -15.6463 2.0952 9.0617 25.9884 0.7420 3.2548 -17.7701 0.5845 -4.8954 -13.6103 0.0000 0.0000 0.0000 24.0619 6.9913 -20.3363 -3.6389 -11.6637 34.5524 -1.4896 -7.5996 -26.9084 -0.0085 0.5946 -1.6340 1.0751 3.1368 3.2693 5.0667 3.9716 3.9621 4.5610 1.8785 1.9650 4.8811 14.1371 -3.5055 -4.5553 19.1828 12.2629 -0.9617 9.3701 5.1850 0.0000 0.0000 0.0000 -91.2422 -1.9474 24.8198 17.4976 -27.5090 -4.3146 -0.0000 0.0000 -2.4671 19.9964 21.8833 7.7240 -7.1250 0.0000 -0.0000 -9.1373 52.8938 -1.7866 0.0000 0.0000 0.0000 83.6128 -2.9265 13.2136 -22.7605 33.8259 -7.0045 0.0000 -0.0000 -3.5390 -26.8060 12.6581 -6.3181 7.1250 -0.0000 -0.0000 0.3270 -15.8557 0.2252
2.9843 18.0890 -4.4982 -12.9341 -83.1616 20.8649 0.0000 0.0000 0.0000 -18.2794 -7.2066 -15.0620 2.0993 9.0700 26.0144 0.7365 3.3873 -17.7860 0.5266 -4.6504 -12.9140 0.0000 0.0000 0.0000 23.6635 7.1033 -19.6455 -3.6063 -11.6172 34.3909 -1.4879 -7.8148 -27.0387 -0.0064 0.5181 -1.4236 0.4362 3.0789 3.3449 4.9704 3.9011 3.9078 4.8140 1.8358 1.8348 4.8286 14.2317 -3.4809 -4.5132 19.3242 12.5786 -0.9206 9.4317 5.2772 -0.0000 0.0000 0.0000 -91.5080 -1.8073 24.5625 17.5439 -27.5692 -4.3361 -0.0000 0.0000 -2.3350 19.6998 22.0774 7.6645 -7.1250 0.0000 -0.0000 -9.5084 53.0381 -1.8939 -0.0000 0.0000 0.0000 83.4110 -3.2815 13.6796 -23.2618 34.3739 -7.2856 0.0000 -0.0000 -3.8431 -26.6303 12.2844 -6.0896 7.1250 -0.0000 -0.0000 0.4202 -16.2898 0.2855
2.9495 18.0856 -4.5294 -19.6833 -82.8899 27.4984 0.0000 0.0000 0.0000 -17.1845 -7.3182 -14.9294 2.1281 9.1279 26.1962 0.7279 3.6519 -17.8473 0.5374 -4.6972 -13.0468 0.0000 0.0000 0.0000 24.8094 7.0147 -19.2790 -3.5465 -11.5311 34.0927 -1.4855 -7.8393 -27.0381 -0.0083 0.5885 -1.6173 1.6560 3.1517 3.0696 4.9288 4.0047 3.8180 4.0975 1.9131 1.9750 5.0752 14.1630 -3.6363 -4.2144 19.1662 12.5635 -0.8687 9.3790 5.2841 -0.0000 -0.0000 0.0000 -91.1418 -1.8699 25.0529 17.5859 -27.6237 -4.3555 -0.0000 0.0000 -2.5921 19.9840 21.7984 7.6907 -7.1250 0.0000 -0.0000 -9.1184 52.8045 -1.7629 -0.0000 -0.0000 0.0000 83.9371 -3.2384 13.1518 -23.3891 34.5115 -7.3575 0.0000 -0.0000 -3.5915 -26.6399 12.1073 -6.0063 7.1250 -0.0000 -0.0000 0.4007 -16.4847 0.2705
2.9133 18.0888 -4.5649 -17.9856 -82.8486 25.7595 0.0000 0.0000 0.0000 -17.2695 -7.2778 -14.6978 2.1093 9.0901 26.0777 0.7296 3.5891 -17.8292 0.5589 -4.7885 -13.3062 0.0000 0.0000 0.0000 24.7628 6.9414 -19.0172 -3.5154 -11.4860 33.9370 -1.5262 -7.7452 -27.2648 -0.0007 0.1718 -0.4719 1.4243 3.1063 2.8380 4.9208 3.9492 3.6353 4.2256 1.8854 1.9032 4.7503 14.1431 -3.5436 -3.9601 19.1342 12.5991 -0.7656 9.3653 5.2221 0.0000 0.0000 0.0000 -91.3824 -1.7924 25.0609 17.5602 -27.5904 -4.3436 -0.0000 0.0000 -2.4742 19.9803 21.9760 7.7480 -7.1250 0.0000 -0.0000 -9.1880 52.9857 -1.8174 0.0000 0.0000 0.0000 83.8031 -3.1017 12.9330 -23.0053 34.0946 -7.1412 0.0000 -0.0000 -3.7089 -26.8157 12.1445 -6.0701 7.1250 -0.0000 -0.0000 0.2817 -16.4232 0.1906
2.8785 18.0893 -4.5998 -12.4412 -82.9747 19.9412 0.0000 0.0000 0.0000 -18.0011 -7.1207 -14.0099 2.0389 8.9466 25.6285 0.7100 3.6731 -17.6673 0.6975 -5.3385 -14.8765 0.0000 0.0000 0.0000 24.1593 6.5626 -18.6387 -3.5103 -11.4786 33.9115 -1.5730 -7.4885 -27.4274 -0.0003 0.1032 -0.2834 0.7705 3.0148 2.8001 4.7188 3.8371 3.5776 4.3833 1.8243 1.8412 4.6830 14.1618 -3.5509 -3.9052 19.1613 12.6788 -0.7358 9.3766 5.2375 0.0000 -0.0000 0.0000 -91.6100 -1.6941 24.9989 17.5919 -27.6315 -4.3583 -0.0000 0.0000 -2.4365 19.8973 22.0706 7.7447 -7.1250 0.0000 -0.0000 -9.3070 53.0673 -1.8599 0.0000 -0.0000 0.0000 83.7143 -3.1897 13.1205 -23.0160 34.1063 -7.1473 0.0000 -0.0000 -3.9235 -26.7580 12.0639 -6.0158 7.1250 -0.0000 -0.0000 0.3158 -16.5192 0.2130
2.8479 18.0932 -4.6303 -13.7126 -82.8930 21.1967 0.0000 0.0000 0.0000 -17.6970 -7.3333 -13.8068 2.0319 8.9323 25.5837 0.6997 3.8770 -17.6778 0.6637 -5.2103 -14.5093 0.0000 0.0000 0.0000 24.5094 6.8420 -18.2589 -3.4527 -11.3941 33.6208 -1.5210 -8.0107 -27.4046 -0.0024 0.3196 -0.8783 0.7551 3.0383 2.5642 4.9436 3.8645 3.4075 4.6324 1.8368 1.7799 4.4195 14.1251 -3.6376 -3.9307 19.1465 12.9159 -0.6948 9.3494 5.3024 0.0000 0.0000 0.0000 -92.1780 -1.6916 24.7951 17.5675 -27.5998 -4.3470 -0.0000 0.0000 -2.0391 19.6571 22.1518 7.6710 -7.1250 0.0000 -0.0000 -9.5796 53.1063 -1.9244 0.0000 0.0000 0.0000 83.4066 -3.4825 13.1456 -23.2592 34.3710 -7.2841 0.0000 -0.0000 -4.0840 -26.3749 12.0199 -5.8957 7.1250 -0.0000 -0.0000 0.5783 -16.6114 0.3888
2.8311 18.0921 -4.6671 -19.1667 -82.4486 26.7825 0.0000 0.0000 0.0000 -16.6016 -7.3648 -14.1051 2.0607 8.9914 25.7683 0.7054 3.8506 -17.7240 0.6823 -5.2814 -14.7130 0.0000 0.0000 0.0000 25.5817 6.6076 -18.2933 -3.3788 -11.2844 33.2452 -1.5175 -7.9520 -27.3405 -0.0015 0.2487 -0.6833 1.5686 2.8298 2.2686 5.2141 3.5750 3.2383 4.4724 1.7015 1.8264 3.9001 14.3172 -3.7746 -3.7967 19.4279 12.8915 -0.5610 9.4709 5.2656 -0.0000 -0.0000 0.0000 -92.5088 -1.8624 24.4332 17.5547 -27.5832 -4.3411 -0.0000 0.0000 -2.2074 19.6753 22.1834 7.6888 -7.1250 0.0000 -0.0000 -9.5733 53.1418 -1.9314 -0.0000 -0.0000 0.0000 83.4307 -3.0987 12.8978 -22.9784 34.0652 -7.1262 0.0000 -0.0000 -3.2096 -26.5159 12.3190 -6.0762 7.1250 -0.0000 -0.0000 0.5018 -16.2648 0.3412
2.8004 18.0898 -4.6976 -18.3335 -82.5969 25.7369 0.0000 0.0000 0.0000 -16.7239 -7.5699 -13.5661 2.0485 8.9663 25.6900 0.7013 4.1870 -17.8877 0.5801 -4.8773 -13.5589 0.0000 0.0000 0.0000 25.5654 6.4901 -17.8829 -3.3513 -11.2431 33.1042 -1.5134 -7.9835 -27.3329 -0.0035 0.3825 -1.0510 1.4810 2.9100 2.2071 5.0548 3.6983 3.0878 4.3513 1.7691 1.7016 4.3163 14.1897 -3.5930 -3.8993 19.2426 12.9564 -0.6674 9.3930 5.2989 0.0000 0.0000 0.0000 -92.3733 -1.6587 24.6437 17.6737 -27.7373 -4.3963 -0.0000 0.0000 -2.1716 19.5353 22.1320 7.6137 -7.1250 0.0000 -0.0000 -9.6945 53.0638 -1.9376 0.0000 0.0000 0.0000 83.7260 -3.0074 12.3624 -22.4421 33.4730 -6.8281 0.0000 -0.0000 -2.6744 -26.2111 12.5024 -6.0833 7.1250 -0.0000 -0.0000 0.7257 -16.0978 0.4961
2.7806 18.0906 -4.7227 -16.1053 -82.5773 23.3789 0.0000 0.0000 0.0000 -16.9605 -7.6438 -13.0910 1.9871 8.8391 25.2933 0.6904 4.2362 -17.8001 0.5487 -4.7455 -13.1840 0.0000 0.0000 0.0000 25.4045 6.2082 -17.7447 -3.3518 -11.2438 33.1067 -1.5328 -7.9606 -27.4540 -0.0040 0.4081 -1.1213 1.3914 2.9170 2.1513 4.9328 3.7175 2.9989 4.2738 1.7823 1.6415 4.4041 14.1991 -3.7487 -3.8794 19.2519 13.1240 -0.6524 9.3954 5.3838 -0.0000 -0.0000 0.0000 -92.4398 -1.7151 24.6031 17.7241 -27.8024 -4.4198 -0.0000 0.0000 -1.9081 18.9706 22.0198 7.3440 -7.1250 0.0000 -0.0000 -10.2177 52.8472 -1.9895 -0.0000 -0.0000 0.0000 83.7623 -3.0660 12.1856 -22.2821 33.2944 -6.7401 0.0000 -0.0000 -2.5826 -26.6007 12.8407 -6.3505 7.1250 -0.0000 -0.0000 0.4821 -15.6786 0.3339
2.7614 18.0904 -4.7584 -14.4891 -82.6796 21.6032 0.0000 0.0000 0.0000 -17.1186 -7.5213 -12.7885 1.9709 8.8053 25.1881 0.7039 4.1693 -17.9046 0.5253 -4.6448 -12.8981 0.0000 0.0000 0.0000 25.3078 5.9509 -17.4780 -3.3182 -11.1931 32.9339 -1.5554 -7.7722 -27.4881 -0.0024 0.3148 -0.8649 1.1694 2.9108 2.1234 4.8132 3.7177 2.9399 4.2730 1.7833 1.5894 4.4811 14.1646 -3.8465 -3.9350 19.2048 13.0871 -0.6753 9.3712 5.3991 -0.0000 -0.0000 0.0000 -92.5098 -1.7164 24.5426 17.8992 -28.0279 -4.5018 -0.0000 0.0000 -1.8777 19.1350 21.9149 7.3786 -7.1250 0.0000 -0.0000 -10.0130 52.7700 -1.9300 -0.0000 -0.0000 0.0000 84.0181 -2.7555 11.7147 -21.9680 32.9409 -6.5684 0.0000 -0.0000 -1.8231 -26.5560 13.0176 -6.4233 7.1250 -0.0000 -0.0000 0.5263 -15.4886 0.3666
2.7422 18.0865 -4.7863 -19.5356 -82.4122 26.6652 0.0000 0.0000 0.0000 -16.2138 -7.6952 -12.8853 2.0084 8.8836 25.4319 0.7144 4.2954 -18.0965 0.5080 -4.5689 -12.6829 0.0000 0.0000 0.0000 26.1835 5.8788 -17.3426 -3.2516 -11.0917 32.5897 -1.5419 -7.6701 -27.3264 -0.0016 0.2545 -0.6994 1.8320 2.9744 1.8853 5.0351 3.7962 2.7427 4.1378 1.8301 1.5437 4.7257 14.1036 -3.6739 -4.2125 19.1454 13.0315 -0.8045 9.3407 5.4019 -0.0000 -0.0000 0.0000 -92.5307 -1.6301 25.0296 18.0243 -28.1883 -4.5607 -0.0000 0.0000 -2.3864 19.2253 21.8734 7.4026 -7.1250 0.0000 -0.0000 -9.9067 52.7441 -1.9029 -0.0000 -0.0000 0.0000 84.0669 -2.9143 11.2971 -21.8773 32.8381 -6.5192 0.0000 -0.0000 -1.3958 -26.5537 12.8339 -6.3343 7.1250 -0.0000 -0.0000 0.5139 -15.6917 0.3558
2.7309 18.0850 -4.8096 -20.9434 -82.2657 28.1052 0.0000 0.0000 0.0000 -15.8496 -7.8967 -12.9369 2.0342 8.9369 25.5981 0.7216 4.4532 -18.2729 0.5101 -4.5779 -12.7085 0.0000 0.0000 0.0000 26.5551 5.7097 -17.3038 -3.2076 -11.0238 32.3601 -1.5085 -7.7825 -27.1645 -0.0079 0.5739 -1.5771 2.1338 2.9137 1.6739 5.1965 3.6985 2.7150 4.1488 1.7816 1.6489 4.1217 14.1948 -3.9492 -4.0375 19.2909 13.0457 -0.6463 9.3908 5.3824 0.0000 0.0000 0.0000 -92.9099 -1.8679 24.9709 18.1019 -28.2874 -4.5974 -0.0000 0.0000 -2.5467 19.3305 22.2340 7.5611 -7.1250 0.0000 -0.0000 -9.9397 53.1302 -2.0036 0.0000 0.0000 0.0000 83.3652 -2.7581 11.9235 -21.7343 32.6754 -6.4418 0.0000 -0.0000 -2.1813 -26.3678 13.2755 -6.4941 7.1250 -0.0000 -0.0000 0.6750 -15.2274 0.4741
2.7169 18.0847 -4.8406 -20.0928 -82.3105 27.2373 0.0000 0.0000 0.0000 -15.8687 -7.5305 -12.9664 2.0244 8.9167 25.5350 0.7489 4.0645 -18.3173 0.4913 -4.4941 -12.4711 0.0000 0.0000 0.0000 26.5622 5.6933 -17.1932 -3.2016 -11.0145 32.3288 -1.4841 -8.0160 -27.1465 -0.0226 0.9706 -2.6680 1.9037 2.8756 1.5042 5.2249 3.6452 2.6429 4.3142 1.7524 1.6561 3.9155 14.2314 -4.0296 -3.9564 19.3473 13.0673 -0.5863 9.4122 5.3767 0.0000 -0.0000 0.0000 -93.1060 -1.9803 24.7297 18.1483 -28.3467 -4.6195 -0.0000 0.0000 -2.2683 19.0649 22.3440 7.4848 -7.1250 0.0000 -0.0000 -10.2497 53.1934 -2.0831 0.0000 -0.0000 0.0000 83.2414 -2.7166 12.1046 -21.6815 32.6152 -6.4133 0.0000 -0.0000 -2.4035 -26.6813 12.6892 -6.2993 7.1250 -0.0000 -0.0000 0.4152 -15.8362 0.2861
2.7087 18.0839 -4.8643 -19.4527 -82.2899 26.5838 0.0000 0.0000 0.0000 -15.8785 -7.5199 -12.8796 2.0093 8.8855 25.4378 0.7428 4.1122 -18.2824 0.4868 -4.4737 -12.4133 0.0000 0.0000 0.0000 26.5795 5.5217 -17.2223 -3.2029 -11.0165 32.3357 -1.4830 -7.9737 -27.1107 -0.0259 1.0382 -2.8539 1.8333 2.8868 1.5350 5.2676 3.6738 2.4578 4.3890 1.7683 1.4389 3.7985 14.1838 -4.1423 -3.8312 19.2881 13.3717 -0.5196 9.3751 5.4643 -0.0000 -0.0000 0.0000 -93.3240 -1.9046 24.9415 18.2318 -28.4530 -4.6592 -0.0000 0.0000 -2.5114 19.6602 22.1714 7.6786 -7.1250 0.0000 -0.0000 -9.5839 53.1268 -1.9301 -0.0000 -0.0000 0.0000 82.9901 -2.8550 12.3042 -21.6806 32.6141 -6.4128 0.0000 -0.0000 -3.1538 -26.8575 12.0396 -6.0297 7.1250 -0.0000 -0.0000 0.2451 -16.5347 0.1652
2.6997 18.0810 -4.8829 -19.3064 -82.3973 26.2940 0.0000 0.0000 0.0000 -15.9097 -7.4694 -12.6542 2.0040 8.8744 25.4031 0.7297 4.3191 -18.2734 0.5164 -4.6059 -12.7878 0.0000 0.0000 0.0000 26.5594 5.4048 -17.0238 -3.1991 -11.0106 32.3155 -1.5426 -7.5031 -27.2227 -0.0103 0.6566 -1.8042 1.6532 2.9457 1.5090 5.4462 3.7446 2.4629 4.6776 1.7980 1.4311 3.5761 14.1302 -4.0801 -4.0760 19.2658 13.2163 -0.5742 9.3449 5.4078 0.0000 0.0000 0.0000 -93.7949 -1.9465 24.7858 18.3493 -28.6021 -4.7152 -0.0000 0.0000 -1.8914 18.9281 22.2249 7.3905 -7.1250 0.0000 -0.0000 -10.3402 53.0475 -2.0647 0.0000 0.0000 0.0000 82.5871 -2.6490 12.0747 -21.4058 32.2989 -6.2654 0.0000 -0.0000 -2.7196 -26.7025 12.1440 -6.0404 7.1250 -0.0000 -0.0000 0.3601 -16.4368 0.2435
2.6907 18.0763 -4.9006 -18.6719 -82.5003 25.5378 0.0000 0.0000 0.0000 -16.0102 -7.5819 -12.4264 2.0096 8.8859 25.4392 0.7553 4.3378 -18.5531 0.4129 -4.1249 -11.4283 0.0000 0.0000 0.0000 26.4985 5.2213 -16.8659 -3.1872 -10.9921 32.2532 -1.5734 -7.1941 -27.2430 -0.0093 0.6227 -1.7113 1.9140 2.9057 1.4660 5.1662 3.7008 2.4419 4.2412 1.7851 1.4711 3.7627 14.1806 -4.2437 -3.8495 19.2910 13.3859 -0.5115 9.3713 5.4839 0.0000 -0.0000 0.0000 -93.4141 -2.0002 24.6845 18.4478 -28.7268 -4.7625 -0.0000 0.0000 -1.8618 19.9260 21.5127 7.5722 -7.1250 0.0000 -0.0000 -9.0723 52.5014 -1.6862 0.0000 -0.0000 0.0000 82.9804 -2.5241 12.0264 -21.3041 32.1816 -6.2111 0.0000 -0.0000 -2.8632 -27.5150 11.8566 -6.1089 7.1250 -0.0000 -0.0000 -0.2246 -16.6620 -0.1508
2.6899 18.0766 -4.9284 -20.0865 -82.4259 27.0102 0.0000 0.0000 0.0000 -15.6813 -7.5553 -12.5836 2.0280 8.9242 25.5586 0.7568 4.3687 -18.5888 0.4242 -4.1801 -11.5840 0.0000 0.0000 0.0000 26.7930 5.3078 -16.8560 -3.1697 -10.9648 32.1612 -1.6033 -6.9565 -27.3041 -0.0010 0.2062 -0.5665 1.8593 2.9289 1.3799 5.3887 3.7298 2.2841 4.5023 1.7969 1.3371 3.4935 14.1850 -3.8872 -3.8748 19.3181 13.1730 -0.5206 9.3842 5.3364 0.0000 0.0000 0.0000 -93.6716 -1.8550 24.8962 18.5618 -28.8706 -4.8175 -0.0000 0.0000 -1.8159 19.2509 21.7530 7.3747 -7.1250 0.0000 -0.0000 -9.8357 52.6261 -1.8605 0.0000 0.0000 0.0000 82.7380 -2.6635 11.8408 -21.2743 32.1471 -6.1952 0.0000 -0.0000 -2.8359 -26.8616 12.1399 -6.0799 7.1250 -0.0000 -0.0000 0.2496 -16.4230 0.1688
2.6882 18.0756 -4.9542 -21.0246 -82.4210 27.8363 0.0000 0.0000 0.0000 -15.4718 -7.5570 -12.5157 2.0504 8.9702 25.7022 0.7693 4.4275 -18.7544 0.3955 -4.0380 -11.1837 0.0000 0.0000 0.0000 27.0235 5.1106 -16.7478 -3.1479 -10.9308 32.0468 -1.6137 -6.7941 -27.2774 -0.0003 0.1124 -0.3087 1.7794 3.0239 1.4226 5.5652 3.8552 2.2401 4.7262 1.8564 1.2427 3.5486 14.1212 -3.9009 -4.0199 19.2506 13.1839 -0.5718 9.3444 5.3593 0.0000 0.0000 0.0000 -93.7970 -1.7734 25.5949 18.7199 -29.0692 -4.8940 -0.0000 0.0000 -2.1820 20.1068 21.5798 7.6684 -7.1250 0.0000 -0.0000 -8.9155 52.6026 -1.6789 0.0000 0.0000 0.0000 82.4597 -2.6917 11.5567 -21.1715 32.0280 -6.1406 0.0000 -0.0000 -2.6262 -26.5478 12.0027 -5.9318 7.1250 -0.0000 -0.0000 0.4571 -16.6109 0.3074
2.6860 18.0704 -4.9757 -22.2371 -82.3378 28.9380 0.0000 0.0000 0.0000 -15.2014 -7.5578 -12.4544 2.0649 9.0001 25.7955 0.7869 4.4601 -18.9549 0.3644 -3.8776 -10.7325 0.0000 0.0000 0.0000 27.3222 5.1882 -16.5567 -3.1353 -10.9109 31.9798 -1.6370 -6.7834 -27.4332 -0.0002 -0.0968 0.2661 1.9955 3.0147 1.3390 5.6177 3.8307 2.2941 4.6673 1.8438 1.3580 3.6718 14.1510 -4.2156 -4.0857 19.3032 13.4997 -0.5631 9.3558 5.5307 -0.0000 -0.0000 0.0000 -93.7788 -1.8971 25.6758 18.7881 -29.1546 -4.9272 -0.0000 0.0000 -2.5355 20.2141 21.2862 7.6135 -7.1250 0.0000 -0.0000 -8.7035 52.3203 -1.5781 -0.0000 -0.0000 0.0000 82.5375 -2.4897 11.5680 -21.0675 31.9070 -6.0856 0.0000 -0.0000 -2.9198 -26.8957 12.1241 -6.0810 7.1250 -0.0000 -0.0000 0.2248 -16.4366 0.1520
2.6881 18.0688 -4.9889 -21.6910 -82.4419 28.2985 0.0000 0.0000 0.0000 -15.2975 -7.4323 -12.4796 2.0795 9.0298 25.8887 0.7950 4.3986 -18.9987 0.3038 -3.5436 -9.7962 0.0000 0.0000 0.0000 27.2421 5.2853 -16.4201 -3.1321 -10.9058 31.9629 -1.6511 -6.7638 -27.5194 -0.0015 -0.2494 0.6852 2.1147 3.0142 1.3630 5.5493 3.8337 2.2878 4.5273 1.8480 1.3504 3.7907 14.1770 -4.1142 -4.2207 19.3495 13.4943 -0.6202 9.3772 5.5394 -0.0000 -0.0000 0.0000 -93.8261 -1.8254 25.5582 18.8688 -29.2554 -4.9666 -0.0000 0.0000 -2.1597 20.0685 21.1063 7.4944 -7.1250 0.0000 -0.0000 -8.7856 52.1096 -1.5476 -0.0000 -0.0000 0.0000 82.6262 -2.4492 11.3188 -21.0490 31.8855 -6.0758 0.0000 -0.0000 -2.6001 -26.7868 12.4300 -6.2018 7.1250 -0.0000 -0.0000 0.3229 -16.1105 0.2206
2.6877 18.0651 -4.9963 -23.3530 -82.3301 29.8519 0.0000 0.0000 0.0000 -15.0213 -7.4976 -12.4126 2.0931 9.0573 25.9748 0.7897 4.6211 -19.0843 0.3007 -3.5256 -9.7457 0.0000 0.0000 0.0000 27.5343 5.0748 -16.3976 -3.1321 -10.9059 31.9633 -1.6273 -6.7788 -27.3633 -0.0014 0.2433 -0.6685 2.7152 3.0085 1.2930 5.4770 3.8166 2.3334 4.1224 1.8462 1.4830 3.9518 14.1500 -4.0733 -4.3329 19.3079 13.3203 -0.6857 9.3629 5.5032 -0.0000 -0.0000 0.0000 -93.6941 -1.7964 25.5877 19.0228 -29.4470 -5.0420 -0.0000 0.0000 -1.9570 19.9222 21.3256 7.5086 -7.1250 0.0000 -0.0000 -9.0090 52.3089 -1.6316 -0.0000 -0.0000 0.0000 82.8564 -2.2807 11.0666 -20.9704 31.7938 -6.0343 0.0000 -0.0000 -2.5375 -26.8864 12.2507 -6.1407 7.1250 -0.0000 -0.0000 0.2407 -16.2973 0.1635
2.6813 18.0613 -5.0131 -24.9469 -82.4044 31.3381 0.0000 0.0000 0.0000 -14.8269 -7.3113 -12.3343 2.0960 9.0633 25.9934 0.7669 4.9001 -19.0332 0.3953 -4.0370 -11.1808 0.0000 0.0000 0.0000 27.7453 5.2642 -16.2116 -3.1393 -10.9172 32.0012 -1.6683 -6.5595 -27.5156 -0.0005 -0.1443 0.3966 2.6708 3.0480 1.2113 5.6671 3.8521 2.3833 4.3522 1.8586 1.5631 3.7245 14.1767 -4.2168 -4.2119 19.3478 13.3673 -0.6069 9.3760 5.5091 0.0000 0.0000 0.0000 -94.0169 -1.7994 25.2785 19.0287 -29.4543 -5.0450 -0.0000 0.0000 -1.5090 20.0365 21.3530 7.5640 -7.1250 0.0000 -0.0000 -8.9046 52.3574 -1.6231 0.0000 0.0000 0.0000 82.6588 -2.3173 11.1409 -21.0551 31.8926 -6.0790 0.0000 -0.0000 -2.7577 -26.7697 12.1712 -6.0711 7.1250 -0.0000 -0.0000 0.3155 -16.3990 0.2136
2.6841 18.0596 -5.0243 -24.6774 -82.6547 31.0449 0.0000 0.0000 0.0000 -14.9614 -7.2641 -12.2784 2.0920 9.0552 25.9682 0.7623 5.0286 -19.0703 0.3784 -3.9509 -10.9384 0.0000 0.0000 0.0000 27.5672 5.3402 -16.2244 -3.1554 -10.9425 32.0861 -1.7278 -6.0558 -27.6323 -0.0097 -0.6345 1.7437 2.5366 3.0270 1.1591 5.6253 3.8241 2.3840 4.3867 1.8440 1.5883 3.7210 14.2527 -4.1784 -4.1575 19.4455 13.4064 -0.5845 9.4266 5.5132 -0.0000 0.0000 0.0000 -93.9076 -1.7069 25.3724 19.0086 -29.4294 -5.0351 -0.0000 0.0000 -1.7571 20.3040 21.1826 7.6149 -7.1250 0.0000 -0.0000 -8.5774 52.2297 -1.5358 -0.0000 0.0000 0.0000 82.6748 -2.3519 11.2966 -21.0848 31.9272 -6.0947 0.0000 -0.0000 -2.5752 -26.8305 12.3154 -6.1575 7.1250 -0.0000 -0.0000 0.2842 -16.2322 0.1934
2.6831 18.0556 -5.0345 -26.1365 -82.7106 32.4226 0.0000 0.0000 0.0000 -14.7605 -6.9266 -12.3099 2.0946 9.0603 25.9842 0.7769 4.7790 -19.0556 0.3696 -3.9049 -10.8092 0.0000 0.0000 0.0000 27.7528 5.1541 -16.2290 -3.1617 -10.9523 32.1192 -1.7341 -5.8142 -27.5383 -0.0089 -0.6086 1.6725 2.5489 3.0168 1.1378 5.7721 3.8034 2.3642 4.5337 1.8304 1.5724 3.5746 14.3207 -4.0408 -4.1055 19.5425 13.3670 -0.5566 9.4749 5.4627 -0.0000 0.0000 0.0000 -93.9451 -1.5476 25.2868 19.0259 -29.4509 -5.0436 -0.0000 0.0000 -1.9778 19.8278 21.0444 7.3775 -7.1250 0.0000 -0.0000 -9.0034 52.0039 -1.5630 -0.0000 0.0000 0.0000 82.4640 -2.4557 11.5380 -21.0783 31.9196 -6.0913 0.0000 -0.0000 -2.7471 -26.8306 12.0107 -6.0086 7.1250 -0.0000 -0.0000 0.2616 -16.5698 0.1761
2.6827 18.0581 -5.0435 -26.7949 -82.9318 33.0269 0.0000 0.0000 0.0000 -14.7744 -6.8509 -12.2038 2.0877 9.0465 25.9409 0.7777 4.8252 -19.0939 0.3320 -3.7030 -10.2427 0.0000 0.0000 0.0000 27.7420 5.0132 -16.2036 -3.1564 -10.9440 32.0911 -1.7477 -5.4796 -27.4459 -0.0100 -0.6466 1.7770 2.6828 3.0393 1.0623 5.6883 3.8283 2.3979 4.3772 1.8457 1.6627 3.6889 14.3182 -3.9785 -4.1787 19.5366 13.2838 -0.6002 9.4761 5.4448 0.0000 -0.0000 0.0000 -93.8166 -1.4941 25.2850 18.9569 -29.3651 -5.0097 -0.0000 0.0000 -2.1763 19.7674 21.2487 7.4207 -7.1250 0.0000 -0.0000 -9.1358 52.2027 -1.6310 0.0000 -0.0000 0.0000 82.6640 -2.3881 11.5425 -21.0221 31.8542 -6.0616 0.0000 -0.0000 -2.9649 -26.9332 12.0983 -6.0781 7.1250 -0.0000 -0.0000 0.1969 -16.4608 0.1331
2.6812 18.0615 -5.0506 -25.3715 -83.2761 31.4941 0.0000 0.0000 0.0000 -15.1411 -6.7060 -11.8259 2.0199 8.9074 25.5060 0.7621 4.8692 -18.9635 0.2949 -3.4922 -9.6521 0.0000 0.0000 0.0000 27.4235 5.3188 -16.0038 -3.1836 -10.9864 32.2342 -1.7615 -5.5389 -27.5732 -0.0166 -0.8312 2.2844 2.4155 3.1160 1.1230 5.5911 3.9432 2.3873 4.4208 1.9028 1.5991 3.8035 14.2872 -3.8733 -4.0900 19.4760 13.3376 -0.6004 9.4578 5.4439 0.0000 0.0000 0.0000 -93.7963 -1.2978 25.2548 18.8797 -29.2690 -4.9719 -0.0000 0.0000 -1.9279 19.6142 21.7900 7.5355 -7.1250 0.0000 -0.0000 -9.4863 52.7292 -1.8174 0.0000 0.0000 0.0000 82.8364 -2.4787 11.0729 -20.9631 31.7852 -6.0305 0.0000 -0.0000 -2.7830 -27.2165 12.1969 -6.2012 7.1250 -0.0000 -0.0000 0.0084 -16.3183 0.0057
2.6766 18.0649 -5.0601 -20.0237 -83.8688 26.0113 0.0000 0.0000 0.0000 -16.0807 -6.6353 -11.2981 1.9523 8.7660 25.0659 0.7273 5.2453 -18.8571 0.2900 -3.4633 -9.5714 0.0000 0.0000 0.0000 26.5746 5.4523 -15.8174 -3.2114 -11.0297 32.3801 -1.7929 -5.3954 -27.7094 -0.0241 -1.0029 2.7568 1.5649 3.1568 1.1206 5.3878 4.0088 2.5029 4.6895 1.9289 1.6701 4.0450 14.2982 -4.0760 -4.2692 19.5060 13.5605 -0.6523 9.4611 5.5903 0.0000 -0.0000 0.0000 -93.7599 -1.3336 24.9980 18.6813 -29.0207 -4.8753 -0.0000 0.0000 -1.5512 19.8669 21.5895 7.5735 -7.1250 0.0000 -0.0000 -9.1593 52.5694 -1.7179 0.0000 -0.0000 0.0000 82.8201 -2.4548 11.1705 -20.9645 31.7869 -6.0312 0.0000 -0.0000 -2.9703 -26.4634 12.3360 -6.0705 7.1250 -0.0000 -0.0000 0.5394 -16.2523 0.3669
2.6805 18.0594 -5.0677 -24.2555 -83.9124 30.2066 0.0000 0.0000 0.0000 -15.6299 -6.5476 -11.3679 1.9744 8.8126 25.2110 0.7228 5.4868 -18.9768 0.3245 -3.6615 -10.1262 0.0000 0.0000 0.0000 27.0574 5.7098 -15.6157 -3.1767 -10.9757 32.1979 -1.7685 -5.5578 -27.6315 -0.0195 -0.9005 2.4750 1.9012 3.1870 1.1315 5.5229 4.0421 2.4607 4.6397 1.9470 1.6325 3.9978 14.2676 -4.1125 -4.1629 19.4607 13.7473 -0.6096 9.4372 5.6377 0.0000 0.0000 0.0000 -93.7644 -1.2136 24.7186 18.4035 -28.6708 -4.7413 -0.0000 0.0000 -1.2880 19.7954 21.5679 7.5371 -7.1250 0.0000 -0.0000 -9.2229 52.5345 -1.7221 0.0000 0.0000 0.0000 82.8359 -2.5693 10.9184 -20.8101 31.6061 -5.9501 0.0000 -0.0000 -2.0794 -26.4114 12.7203 -6.2410 7.1250 -0.0000 -0.0000 0.6033 -15.8342 0.4158
2.6894 18.0590 -5.0759 -31.0361 -83.8623 37.2343 0.0000 0.0000 0.0000 -14.8614 -6.9018 -11.6714 2.0158 8.8990 25.4798 0.6960 6.0844 -19.1294 0.3324 -3.7053 -10.2491 0.0000 0.0000 0.0000 27.8139 5.9631 -15.7453 -3.1190 -10.8853 31.8940 -1.7053 -5.6827 -27.2646 -0.0150 -0.7915 2.1754 2.4232 3.2647 0.8987 5.7704 4.1224 2.3451 4.6160 1.9885 1.6590 3.9760 14.2835 -3.9316 -4.2873 19.4994 13.6267 -0.6582 9.4544 5.5823 0.0000 0.0000 0.0000 -93.9227 -1.1368 24.2892 18.1240 -28.3157 -4.6079 -0.0000 0.0000 -1.1962 19.6931 21.6794 7.5319 -7.1250 0.0000 -0.0000 -9.3661 52.6303 -1.7713 0.0000 0.0000 0.0000 82.9159 -2.7419 10.5273 -20.9048 31.7170 -5.9998 0.0000 -0.0000 -1.8108 -26.3371 12.7204 -6.2209 7.1250 -0.0000 -0.0000 0.6546 -15.8429 0.4510
2.6862 18.0673 -5.0792 -32.1114 -84.1727 38.3211 0.0000 0.0000 0.0000 -14.9856 -7.0354 -11.4837 2.0048 8.8760 25.4081 0.6870 6.4881 -19.3400 0.3047 -3.5492 -9.8117 0.0000 0.0000 0.0000 27.7133 6.0098 -15.6510 -3.0917 -10.8421 31.7491 -1.6823 -5.5416 -27.0255 -0.0052 -0.4645 1.2762 2.3740 3.2427 0.8018 5.7443 4.0955 2.2589 4.6186 1.9760 1.6242 3.9864 14.3481 -3.4961 -4.3098 19.5860 13.4700 -0.7002 9.5091 5.4686 -0.0000 -0.0000 0.0000 -93.9532 -0.8499 23.4154 17.8027 -27.9038 -4.4565 -0.0000 0.0000 -0.5450 19.5627 21.1790 7.3157 -7.1250 0.0000 -0.0000 -9.3145 52.0954 -1.6388 -0.0000 -0.0000 0.0000 82.9322 -2.9617 10.9019 -20.7767 31.5668 -5.9326 0.0000 -0.0000 -2.1968 -26.5628 12.4134 -6.1341 7.1250 -0.0000 -0.0000 0.4764 -16.1551 0.3250
2.6845 18.0673 -5.0797 -33.2901 -84.3440 39.5248 0.0000 0.0000 0.0000 -15.0087 -7.0427 -11.3817 1.9835 8.8317 25.2703 0.6972 6.4752 -19.4345 0.2596 -3.2783 -9.0545 0.0000 0.0000 0.0000 27.6996 5.9421 -15.6409 -3.0738 -10.8136 31.6536 -1.6890 -5.2584 -26.9161 -0.0081 -0.5797 1.5929 2.3890 3.2284 0.7593 5.7786 4.0750 2.2128 4.6467 1.9655 1.6004 3.8637 14.3441 -3.8306 -4.1794 19.5912 13.9610 -0.6005 9.4921 5.6529 -0.0000 -0.0000 0.0000 -94.0753 -0.6908 22.9051 17.5274 -27.5479 -4.3285 -0.0000 0.0000 -0.1496 19.4621 21.6938 7.4420 -7.1250 0.0000 -0.0000 -9.6026 52.6035 -1.8104 -0.0000 -0.0000 0.0000 83.0587 -2.9341 10.5672 -20.6011 31.3598 -5.8410 0.0000 -0.0000 -2.0534 -26.6800 12.4603 -6.1880 7.1250 -0.0000 -0.0000 0.3989 -16.0896 0.2727
2.6759 18.0678 -5.0876 -35.2133 -84.3576 41.4696 0.0000 0.0000 0.0000 -14.8145 -6.8500 -11.3768 1.9729 8.8093 25.2007 0.7209 6.3005 -19.5450 0.2430 -3.1725 -8.7594 0.0000 0.0000 0.0000 27.9136 6.4942 -15.3451 -3.0520 -10.7787 31.5371 -1.7016 -5.5337 -27.1562 -0.0226 -0.9714 2.6702 2.6019 3.2009 0.5725 5.7272 4.0242 2.2373 4.4869 1.9427 1.7526 3.8775 14.2876 -3.8883 -4.1989 19.5078 13.8150 -0.6162 9.4536 5.6161 0.0000 0.0000 0.0000 -93.9086 -0.6897 22.5751 17.1122 -27.0055 -4.1382 -0.0000 -0.0000 0.1239 18.9253 21.7355 7.2363 -7.1250 0.0000 -0.0000 -10.1539 52.5501 -1.9027 0.0000 0.0000 0.0000 83.3655 -2.8181 10.2651 -20.3827 31.1006 -5.7277 0.0000 -0.0000 -1.8073 -26.4626 12.3832 -6.0930 7.1250 -0.0000 -0.0000 0.5434 -16.2002 0.3702
2.6745 18.0734 -5.0866 -36.8296 -84.5838 43.1264 0.0000 0.0000 0.0000 -14.8595 -6.7299 -11.3689 1.9627 8.7879 25.1342 0.7005 6.5986 -19.5621 0.2389 -3.1454 -8.6839 0.0000 0.0000 0.0000 27.8496 6.4883 -15.3663 -3.0367 -10.7543 31.4556 -1.7096 -5.1370 -26.9947 -0.0327 -1.1675 3.2099 2.5640 3.2183 0.4904 5.7522 4.0433 2.2130 4.5384 1.9513 1.7680 3.7047 14.1667 -4.0158 -4.1438 19.3540 13.9447 -0.5766 9.3670 5.6490 0.0000 -0.0000 0.0000 -93.9956 -0.7772 21.8204 16.6030 -26.3314 -3.9096 -0.0000 -0.0000 0.4608 19.7910 21.3167 7.4526 -7.1250 0.0000 -0.0000 -9.1366 52.2765 -1.6478 0.0000 -0.0000 0.0000 83.2944 -2.7591 10.2973 -20.1683 30.8446 -5.6174 0.0000 -0.0000 -1.9495 -26.5073 12.2708 -6.0507 7.1250 -0.0000 -0.0000 0.5043 -16.3192 0.3423
2.6826 18.0716 -5.0865 -37.8765 -84.7707 44.2753 0.0000 0.0000 0.0000 -14.8916 -6.4477 -11.5694 1.9556 8.7729 25.0875 0.7114 6.4102 -19.5301 0.2654 -3.3143 -9.1551 0.0000 0.0000 0.0000 27.7925 6.4315 -15.5344 -3.0365 -10.7539 31.4542 -1.6942 -5.0495 -26.8394 -0.0219 -0.9545 2.6235 2.5612 3.1300 0.4615 5.7464 3.9266 2.1691 4.5330 1.8932 1.7460 3.3820 14.0228 -4.0953 -4.1554 19.1809 13.8527 -0.5518 9.2668 5.5962 -0.0000 0.0000 0.0000 -94.0692 -0.8087 20.9576 16.1375 -25.7067 -3.7054 -0.0000 -0.0000 1.2892 18.9458 21.4455 7.1535 -7.1250 0.0000 -0.0000 -10.0246 52.2589 -1.8061 -0.0000 0.0000 0.0000 83.2245 -2.7444 10.7278 -19.9729 30.6097 -5.5176 0.0000 -0.0000 -2.0333 -26.8049 12.1988 -6.0938 7.1250 -0.0000 -0.0000 0.2933 -16.3644 0.1988
2.6888 18.0726 -5.0869 -37.4846 -84.9742 43.9904 0.0000 0.0000 0.0000 -15.0555 -6.3781 -11.6981 1.9528 8.7671 25.0696 0.7043 6.4657 -19.4996 0.2586 -3.2716 -9.0358 0.0000 0.0000 0.0000 27.6082 6.4915 -15.6608 -3.0381 -10.7564 31.4628 -1.6788 -5.0786 -26.7467 -0.0149 -0.7874 2.1641 2.3627 3.0594 0.3914 5.6805 3.8396 2.1083 4.5764 1.8497 1.7186 3.1033 13.5942 -4.2730 -4.0024 18.5931 13.7885 -0.5099 8.9741 5.5407 0.0000 0.0000 0.0000 -94.0740 -0.8079 20.2790 15.7018 -25.1146 -3.5184 -0.0000 -0.0000 1.8750 19.4231 21.3295 7.3085 -7.1250 0.0000 -0.0000 -9.5076 52.2246 -1.7035 0.0000 0.0000 0.0000 83.4536 -2.7654 10.4792 -19.7479 30.3374 -5.4034 0.0000 -0.0000 -1.6033 -26.7908 12.3495 -6.1636 7.1250 -0.0000 -0.0000 0.3142 -16.1991 0.2141
2.6961 18.0707 -5.0821 -38.7039 -85.1115 45.3415 0.0000 0.0000 0.0000 -15.0774 -6.4695 -11.7847 1.9430 8.7463 25.0049 0.6936 6.6566 -19.5361 0.2264 -3.0624 -8.4526 0.0000 0.0000 0.0000 27.5651 6.5623 -15.8190 -3.0361 -10.7533 31.4523 -1.6632 -5.0608 -26.6263 -0.0082 -0.5845 1.6062 2.4824 3.0272 0.2628 5.5752 3.7948 2.0671 4.4051 1.8312 1.7658 2.5775 12.8345 -4.5681 -3.8031 17.5682 13.6609 -0.4489 8.4582 5.4458 -0.0000 0.0000 0.0000 -93.9435 -0.9338 19.6125 15.2402 -24.4797 -3.3249 -0.0000 -0.0000 2.3505 19.1701 21.6616 7.3126 -7.1250 0.0000 -0.0000 -9.8821 52.5185 -1.8432 -0.0000 0.0000 0.0000 83.7887 -2.7974 10.1332 -19.5750 30.1269 -5.3164 0.0000 -0.0000 -1.4302 -26.6046 12.7452 -6.3055 7.1250 -0.0000 -0.0000 0.4722 -15.7835 0.3260
2.7003 18.0759 -5.0808 -41.2910 -85.3301 48.0779 0.0000 0.0000 0.0000 -15.0856 -6.4919 -11.8342 1.9258 8.7098 24.8918 0.6688 7.0085 -19.5578 0.2230 -3.0400 -8.3903 0.0000 0.0000 0.0000 27.5433 6.8705 -15.8899 -3.0329 -10.7481 31.4350 -1.6647 -4.9894 -26.5989 -0.0076 -0.5629 1.5467 2.4270 3.0049 0.1248 5.5425 3.7631 2.0154 4.4078 1.8157 1.7903 1.9024 11.8194 -5.0586 -3.5741 16.2205 13.7466 -0.3577 7.7683 5.4334 -0.0000 -0.0000 0.0000 -93.9548 -1.0209 18.5384 14.8158 -23.8889 -3.1510 -0.0000 -0.0000 3.2633 18.6516 21.7812 7.1390 -7.1250 0.0000 -0.0000 -10.4442 52.5478 -1.9574 -0.0000 -0.0000 0.0000 83.9213 -2.8838 10.1065 -19.3537 29.8558 -5.2058 0.0000 -0.0000 -1.1120 -26.7350 12.7054 -6.3218 7.1250 -0.0000 -0.0000 0.3794 -15.8118 0.2617
2.7090 18.0835 -5.0797 -42.8554 -85.5281 49.7823 0.0000 0.0000 0.0000 -15.1421 -6.3483 -11.9867 1.9094 8.6748 24.7833 0.6632 7.0045 -19.4976 0.2446 -3.1828 -8.7881 0.0000 0.0000 0.0000 27.4310 7.2541 -15.9745 -3.0357 -10.7527 31.4502 -1.6630 -4.8675 -26.5212 -0.0196 -0.9048 2.4870 2.3133 2.9738 0.0666 5.5279 3.7264 1.9402 4.4561 1.7972 1.7408 0.8053 10.4200 -5.5930 -3.1794 14.3775 13.8424 -0.1866 6.8254 5.3890 0.0000 0.0000 0.0000 -94.0013 -0.9705 18.0227 14.4983 -23.4426 -3.0235 -0.0000 -0.0000 3.4414 19.2244 21.5380 7.2953 -7.1250 0.0000 -0.0000 -9.7819 52.4022 -1.7962 0.0000 0.0000 0.0000 83.8808 -3.0628 10.6558 -19.0798 29.5177 -5.0701 0.0000 -0.0000 -1.7718 -27.1468 13.0936 -6.6258 7.1250 -0.0000 -0.0000 0.1271 -15.3314 0.0890
2.7198 18.0793 -5.0796 -43.1281 -85.6759 50.0636 0.0000 0.0000 0.0000 -15.2500 -6.3414 -12.0168 1.9081 8.6719 24.7743 0.6517 7.1379 -19.4864 0.2474 -3.2007 -8.8379 0.0000 0.0000 0.0000 27.3447 7.2658 -16.0136 -3.0345 -10.7507 31.4438 -1.6345 -4.9561 -26.3655 -0.0097 -0.6376 1.7521 2.1579 2.8977 0.1430 5.4212 3.6392 1.9135 4.4252 1.7548 1.6722 -0.4869 8.6515 -6.3380 -2.5263 12.0333 13.7460 0.0718 5.6497 5.3135 0.0000 0.0000 0.0000 -93.9193 -1.0145 17.1918 14.2430 -23.0810 -2.9227 -0.0000 -0.0000 3.8420 18.7175 21.4490 7.0628 -7.1250 0.0000 -0.0000 -10.2526 52.2223 -1.8387 0.0000 0.0000 0.0000 84.1218 -3.0873 10.4710 -18.8221 29.1970 -4.9438 0.0000 -0.0000 -1.3244 -27.2684 13.2710 -6.7480 7.1250 -0.0000 -0.0000 0.0584 -15.1192 0.0411
2.7301 18.0816 -5.0749 -45.2445 -85.6192 52.1564 0.0000 0.0000 0.0000 -15.0807 -6.3139 -12.0132 1.9075 8.6707 24.7705 0.6585 7.0831 -19.5117 0.2342 -3.1147 -8.5982 0.0000 0.0000 0.0000 27.4986 6.9638 -16.1372 -3.0309 -10.7450 31.4245 -1.6430 -4.5915 -26.2327 -0.0088 -0.6067 1.6673 2.3372 2.8126 0.2595 5.3504 3.5344 1.8729 4.2419 1.7061 1.5866 -1.0942 6.8870 -6.5263 -2.5348 9.7052 13.5317 0.0109 4.4811 5.2230 0.0000 0.0000 0.0000 -93.8166 -0.9355 16.5670 14.0731 -22.8391 -2.8564 -0.0000 -0.0000 4.1572 18.3508 21.7009 6.9924 -7.1250 0.0000 -0.0000 -10.7123 52.4133 -1.9731 0.0000 0.0000 0.0000 84.3460 -3.1143 9.7600 -18.6050 28.9250 -4.8383 0.0000 -0.0000 -1.6972 -25.2903 14.4371 -6.7185 7.1250 -0.0000 -0.0000 1.4973 -14.0900 1.0881
2.7377 18.0813 -5.0801 -45.5877 -85.7727 52.4818 0.0000 0.0000 0.0000 -15.2038 -6.5091 -11.9116 1.9101 8.6763 24.7879 0.6120 7.6236 -19.4766 0.2656 -3.3154 -9.1580 0.0000 0.0000 0.0000 27.4080 7.0588 -16.1015 -3.0260 -10.7370 31.3979 -1.6245 -4.7209 -26.1675 -0.0063 -0.5131 1.4100 2.1133 2.7014 0.3529 5.2538 3.4018 1.8380 4.2593 1.6402 1.4977 -2.2771 4.9305 -6.6442 -2.2192 7.1432 13.4907 0.1319 3.1857 5.1562 0.0000 -0.0000 0.0000 -93.7473 -0.7165 16.2089 14.0768 -22.8444 -2.8579 -0.0000 -0.0000 4.0877 18.6628 22.0091 7.2139 -7.1250 0.0000 -0.0000 -10.5211 52.7808 -2.0324 0.0000 -0.0000 0.0000 84.4221 -3.0840 9.8585 -18.2543 28.4816 -4.6699 0.0000 -0.0000 -1.5587 -24.4333 14.0874 -6.3103 7.1250 -0.0000 -0.0000 2.0546 -14.5768 1.4723
2.7508 18.0779 -5.0771 -47.9580 -85.7319 54.8606 0.0000 0.0000 0.0000 -15.0595 -6.7691 -11.9065 1.9206 8.6987 24.8574 0.5869 7.9737 -19.5148 0.2483 -3.2065 -8.8542 0.0000 0.0000 0.0000 27.5747 7.2515 -16.0865 -3.0216 -10.7300 31.3745 -1.6040 -4.9307 -26.1326 -0.0025 -0.3205 0.8806 2.2342 2.5416 0.4149 5.1770 3.1923 1.8436 4.1073 1.5377 1.4918 -3.6433 2.9138 -6.8626 -1.8727 4.5292 13.4926 0.2991 1.8561 5.1565 0.0000 0.0000 0.0000 -93.6633 -0.6831 15.2636 14.0468 -22.8016 -2.8462 -0.0000 -0.0000 4.1773 18.4064 21.7098 7.0176 -7.1250 0.0000 -0.0000 -10.6605 52.4321 -1.9683 0.0000 0.0000 0.0000 84.6030 -2.9978 10.1986 -17.9790 28.1302 -4.5393 0.0000 -0.0000 -1.4511 -24.4526 13.7309 -6.1604 7.1250 -0.0000 -0.0000 2.0177 -14.9609 1.4293
2.7671 18.0791 -5.0733 -49.3067 -85.7735 56.3363 0.0000 0.0000 0.0000 -15.0085 -6.7509 -12.1737 1.9370 8.7336 24.9655 0.6030 7.8919 -19.6113 0.2008 -2.8853 -7.9597 0.0000 0.0000 0.0000 27.5814 7.4484 -16.2384 -3.0205 -10.7281 31.3683 -1.5987 -4.9359 -26.0970 -0.0038 -0.3965 1.0896 2.1340 2.3252 0.4074 5.1370 2.9079 1.8135 4.1196 1.3954 1.4772 -5.1586 0.8810 -7.1429 -1.4264 1.9130 13.7294 0.5219 0.5184 5.2860 0.0000 0.0000 0.0000 -93.8215 -0.5901 14.1832 14.1116 -22.8941 -2.8714 -0.0000 -0.0000 4.2587 18.7074 21.5116 7.0782 -7.1250 0.0000 -0.0000 -10.2861 52.2842 -1.8605 0.0000 0.0000 0.0000 84.6478 -2.9112 10.5098 -17.7477 27.8329 -4.4308 0.0000 -0.0000 -0.9499 -24.4668 13.3034 -5.9774 7.1250 -0.0000 -0.0000 1.9805 -15.4234 1.3833
2.7769 18.0786 -5.0762 -50.0151 -85.7926 57.1229 0.0000 0.0000 0.0000 -14.9818 -6.7936 -12.2386 1.9262 8.7106 24.8940 0.5897 7.9566 -19.5293 0.2087 -2.9412 -8.1150 0.0000 0.0000 0.0000 27.5778 7.4201 -16.4406 -3.0383 -10.7568 31.4640 -1.6032 -4.7801 -26.0456 -0.0037 -0.3927 1.0790 2.0312 2.1320 0.3963 5.0262 2.6548 1.8291 4.0613 1.2697 1.5137 -5.8539 -1.0183 -6.8006 -1.8255 -0.5647 13.4054 0.3482 -0.7460 5.1795 -0.0000 -0.0000 0.0000 -93.6277 -0.2531 14.2822 14.4103 -23.3183 -2.9886 -0.0000 -0.0000 3.5966 18.9478 21.8445 7.2796 -7.1250 0.0000 -0.0000 -10.1731 52.6649 -1.9350 -0.0000 -0.0000 0.0000 84.9619 -2.6493 10.3323 -17.4440 27.4394 -4.2899 0.0000 0.0000 0.0351 -24.3573 12.9993 -5.8147 7.1250 -0.0000 -0.0000 2.0368 -15.7658 1.4077
2.7854 18.0840 -5.0830 -50.2099 -86.0744 57.2826 0.0000 0.0000 0.0000 -15.2283 -6.7523 -12.1155 1.9046 8.6644 24.7509 0.5683 8.1391 -19.4657 0.2205 -3.0228 -8.3422 0.0000 0.0000 0.0000 27.3207 7.5485 -16.4673 -3.0595 -10.7907 31.5772 -1.6339 -4.5001 -26.1192 -0.0141 -0.7663 2.1061 1.6701 1.9813 0.4683 4.8510 2.4653 1.9035 4.0798 1.1740 1.5519 -6.7651 -2.9781 -6.2607 -2.0017 -3.1543 13.0887 0.2783 -2.0588 5.0593 0.0000 0.0000 0.0000 -93.5172 0.0602 14.1255 14.7056 -23.7344 -3.1065 -0.0000 -0.0000 3.0650 19.0875 21.9001 7.3544 -7.1250 0.0000 -0.0000 -10.0548 52.7466 -1.9324 0.0000 0.0000 0.0000 85.3433 -2.0606 9.9978 -17.0806 26.9639 -4.1238 0.0000 0.0000 0.8340 -24.7316 12.2930 -5.6011 7.1250 -0.0000 -0.0000 1.7356 -16.4928 1.1720
2.7942 18.0812 -5.0896 -54.0818 -86.0179 61.0545 0.0000 0.0000 0.0000 -14.9729 -6.5048 -12.1150 1.9126 8.6815 24.8041 0.5665 8.1145 -19.4249 0.2138 -2.9770 -8.2147 0.0000 0.0000 0.0000 27.5738 7.6026 -16.3479 -3.0570 -10.7868 31.5640 -1.6302 -4.4405 -26.0619 -0.0151 -0.7927 2.1787 1.8693 1.8590 0.5505 4.7114 2.2999 2.0419 3.8220 1.0942 1.6713 -7.5942 -4.9248 -5.3358 -2.1213 -5.7944 12.4301 0.2299 -3.3745 4.7877 -0.0000 -0.0000 0.0000 -92.8622 0.2371 15.6566 14.8413 -23.9246 -3.1613 -0.0000 -0.0000 0.9348 19.4658 21.7057 7.4474 -7.1250 0.0000 -0.0000 -9.6033 52.6164 -1.8135 -0.0000 -0.0000 0.0000 85.7779 -1.6440 9.8187 -16.8183 26.6176 -4.0056 0.0000 0.0000 1.7781 -24.6775 12.2189 -5.5543 7.1250 -0.0000 -0.0000 1.7687 -16.5793 1.1911
2.8076 18.0744 -5.0868 -57.2059 -85.8467 64.1699 0.0000 0.0000 0.0000 -14.6458 -6.2335 -12.3626 1.9423 8.7448 25.0003 0.5913 7.8383 -19.4436 0.2233 -3.0418 -8.3950 0.0000 0.0000 0.0000 27.8780 7.4262 -16.4140 -3.0453 -10.7680 31.5012 -1.5809 -4.5304 -25.7505 -0.0006 -0.1614 0.4435 1.9004 1.6837 0.6672 4.7951 2.0630 2.0919 3.8874 0.9732 1.6679 -8.9024 -6.7193 -5.2523 -2.1153 -8.1103 13.1838 0.2629 -4.5953 5.1336 -0.0000 -0.0000 0.0000 -93.2381 0.4182 14.4892 15.1121 -24.3020 -3.2719 -0.0000 -0.0000 1.6519 19.8279 21.6817 7.5879 -7.1250 0.0000 -0.0000 -9.2320 52.6569 -1.7516 -0.0000 -0.0000 0.0000 85.7628 -1.5234 10.3053 -16.7866 26.5756 -3.9914 0.0000 0.0000 1.8351 -24.9779 11.6361 -5.3676 7.1250 -0.0000 -0.0000 1.5257 -17.1837 1.0072
2.8183 18.0715 -5.1043 -57.3397 -86.0673 64.4118 0.0000 0.0000 0.0000 -14.7677 -6.2729 -12.5738 1.9623 8.7871 25.1314 0.6148 7.7461 -19.6087 0.2414 -3.1617 -8.7292 0.0000 0.0000 0.0000 27.7575 7.5109 -16.5951 -3.0468 -10.7704 31.5093 -1.5036 -5.1251 -25.5036 -0.0097 0.6363 -1.7486 1.2874 1.4463 0.5625 4.7118 1.7453 2.2177 4.1503 0.8059 1.8569 -9.6963 -8.3553 -4.6599 -2.3684 -10.3035 13.0158 0.1729 -5.7131 5.0892 0.0000 0.0000 0.0000 -93.2087 0.4054 14.0483 15.3168 -24.5855 -3.3566 -0.0000 -0.0000 1.4905 20.3442 21.5882 7.7687 -7.1250 0.0000 -0.0000 -8.6805 52.6540 -1.6451 0.0000 0.0000 0.0000 85.8578 -1.3162 11.4244 -16.8282 26.6307 -4.0100 0.0000 0.0000 1.0985 -25.7777 11.7270 -5.6060 7.1250 -0.0000 -0.0000 0.9738 -16.9999 0.6466
2.8296 18.0675 -5.1135 -60.2614 -86.0872 67.4289 0.0000 0.0000 0.0000 -14.6494 -6.1319 -12.7888 1.9707 8.8049 25.1869 0.5765 8.0024 -19.4307 0.3283 -3.6825 -10.1852 0.0000 0.0000 0.0000 27.8648 7.6413 -16.7299 -3.0553 -10.7841 31.5551 -1.4800 -5.1910 -25.3642 -0.0240 1.0004 -2.7500 1.4484 1.2751 0.4859 4.4094 1.5192 2.3150 3.7466 0.6999 2.0258 -10.9653 -9.9659 -3.9802 -1.8705 -12.5248 13.3187 0.3578 -6.8335 5.2697 0.0000 0.0000 0.0000 -92.2507 0.5457 15.7381 15.4515 -24.7713 -3.4129 -0.0000 0.0000 -0.4013 20.1933 21.8585 7.7974 -7.1250 0.0000 -0.0000 -8.9301 52.9042 -1.7478 0.0000 0.0000 0.0000 86.4065 -1.0599 11.5617 -16.9143 26.7447 -4.0487 0.0000 0.0000 1.8840 -25.7717 10.9481 -5.2391 7.1250 -0.0000 -0.0000 0.9297 -17.8574 0.5999
2.8470 18.0688 -5.1186 -60.1675 -86.2877 67.3556 0.0000 0.0000 0.0000 -14.8142 -6.1713 -12.8329 1.9628 8.7883 25.1352 0.5779 7.9257 -19.3789 0.2502 -3.2184 -8.8875 0.0000 0.0000 0.0000 27.6732 7.6883 -16.8425 -3.0665 -10.8020 31.6150 -1.4955 -5.0103 -25.3791 -0.0136 0.7541 -2.0724 1.0679 1.0684 0.6079 4.2524 1.2564 2.3768 3.7934 0.5651 2.0297 -12.1028 -11.2569 -2.5996 -1.5132 -14.4297 12.8276 0.5638 -7.7790 5.0861 0.0000 0.0000 0.0000 -92.1055 0.6905 15.5694 15.7043 -25.1181 -3.5195 -0.0000 0.0000 -0.1507 19.9364 21.9808 7.7313 -7.1250 0.0000 -0.0000 -9.2340 52.9826 -1.8259 0.0000 0.0000 0.0000 86.5416 -0.8648 12.1770 -16.8620 26.6754 -4.0252 0.0000 0.0000 1.9602 -25.9208 11.2687 -5.4253 7.1250 -0.0000 -0.0000 0.8448 -17.4891 0.5519
2.8559 18.0751 -5.1279 -63.4160 -86.3037 70.5696 0.0000 0.0000 0.0000 -14.7287 -6.1107 -12.7350 1.9467 8.7542 25.0295 0.5549 8.1497 -19.3341 0.2696 -3.3401 -9.2271 0.0000 0.0000 0.0000 27.7343 7.5951 -16.8940 -3.0711 -10.8093 31.6394 -1.5338 -4.3269 -25.2965 -0.0006 0.1631 -0.4482 1.0701 0.9432 0.6476 4.0990 1.0886 2.5210 3.6326 0.4818 2.1683 -12.9496 -12.5338 -1.4892 -1.5270 -16.2771 12.6822 0.5959 -8.7153 5.0258 0.0000 -0.0000 0.0000 -91.7946 0.7229 15.8240 15.8809 -25.3589 -3.5948 -0.0000 0.0000 -0.5360 20.3494 22.1464 7.9593 -7.1250 0.0000 -0.0000 -8.8793 53.2282 -1.8084 0.0000 -0.0000 0.0000 86.7429 -0.7578 13.2895 -16.9682 26.8158 -4.0730 0.0000 0.0000 0.9330 -26.2397 11.0572 -5.4005 7.1250 -0.0000 -0.0000 0.6082 -17.6893 0.3947
2.8680 18.0762 -5.1390 -67.1317 -86.2496 74.2637 0.0000 0.0000 0.0000 -14.5146 -6.0384 -12.7826 1.9628 8.7881 25.1348 0.5873 7.9827 -19.5275 0.2357 -3.1245 -8.6256 0.0000 0.0000 0.0000 27.9335 7.6710 -16.8246 -3.0515 -10.7780 31.5347 -1.5365 -4.1991 -25.2495 -0.0000 0.0343 -0.0944 1.0779 0.7789 0.7675 3.9021 0.8749 2.6314 3.4210 0.3774 2.2291 -13.7898 -13.5328 -0.3630 -1.1267 -17.8065 12.5156 0.7737 -9.4728 4.9888 0.0000 -0.0000 0.0000 -91.1917 0.9705 16.3190 16.2098 -25.8042 -3.7368 -0.0000 0.0000 -1.4333 20.3688 21.9818 7.9119 -7.1250 0.0000 -0.0000 -8.7987 53.0628 -1.7561 0.0000 -0.0000 0.0000 86.9943 -0.6401 14.2399 -17.1199 27.0156 -4.1417 0.0000 0.0000 0.6699 -26.0411 11.0701 -5.3598 7.1250 -0.0000 -0.0000 0.7482 -17.6955 0.4854
2.8822 18.0683 -5.1452 -71.1362 -86.2952 78.4185 0.0000 0.0000 0.0000 -14.4571 -6.1809 -12.9853 1.9840 8.8326 25.2732 0.5398 8.5021 -19.4920 0.2801 -3.4041 -9.4059 0.0000 0.0000 0.0000 28.0108 7.5890 -17.0262 -3.0347 -10.7510 31.4446 -1.4834 -4.3530 -24.9323 -0.0118 0.7019 -1.9288 0.9021 0.6015 0.7249 3.8099 0.6373 2.7253 3.4236 0.2554 2.3609 -14.3193 -14.4539 0.6071 -1.1554 -19.1862 12.1447 0.8008 -10.1588 4.8488 -0.0000 0.0000 0.0000 -91.1456 0.8613 16.1739 16.3524 -25.9961 -3.7991 -0.0000 0.0000 -1.5856 20.3764 22.0370 7.9338 -7.1250 0.0000 -0.0000 -8.8113 53.1209 -1.7712 -0.0000 0.0000 0.0000 86.8282 -0.4319 15.8666 -17.1653 27.0752 -4.1623 0.0000 0.0000 0.0530 -26.7246 10.9600 -5.4679 7.1250 -0.0000 -0.0000 0.2620 -17.7466 0.1697
2.8924 18.0741 -5.1502 -75.4836 -86.4440 82.7553 0.0000 0.0000 0.0000 -14.5541 -6.0606 -12.9650 1.9793 8.8227 25.2424 0.5111 8.8031 -19.4678 0.2835 -3.4243 -9.4624 0.0000 0.0000 0.0000 27.9069 7.7314 -17.0082 -3.0355 -10.7523 31.4490 -1.5147 -3.9060 -24.9365 -0.0008 0.1836 -0.5045 0.6731 0.4690 0.7449 3.6108 0.4622 2.9108 3.3459 0.1640 2.5495 -14.9477 -15.1740 1.7265 -0.6506 -20.3688 11.6528 1.0258 -10.7239 4.7059 -0.0000 -0.0000 0.0000 -91.0540 0.7488 15.7739 16.5728 -26.2912 -3.8962 -0.0000 0.0000 -1.5416 20.3987 21.9541 7.9150 -7.1250 0.0000 -0.0000 -8.7584 53.0398 -1.7430 -0.0000 -0.0000 0.0000 87.0468 -0.0770 16.4373 -17.1242 27.0212 -4.1436 0.0000 0.0000 0.5678 -26.9929 10.9773 -5.5400 7.1250 -0.0000 -0.0000 0.0751 -17.6990 0.0487
2.8990 18.0758 -5.1609 -81.1609 -86.6085 88.3977 0.0000 0.0000 0.0000 -14.6758 -6.0535 -12.8060 1.9648 8.7925 25.1483 0.5100 8.9573 -19.6016 0.2505 -3.2202 -8.8925 0.0000 0.0000 0.0000 27.8211 7.9234 -16.9333 -3.0399 -10.7593 31.4724 -1.4927 -3.9159 -24.7756 -0.0054 0.4739 -1.3022 0.3494 0.3536 0.6364 3.4281 0.3014 3.2244 3.3407 0.0732 2.9421 -15.4928 -15.7913 2.7535 -0.0407 -21.4053 10.8892 1.2885 -11.2019 4.4971 0.0000 0.0000 0.0000 -91.0136 0.6275 15.8000 16.9898 -26.8444 -4.0827 -0.0000 0.0000 -1.9683 20.8476 22.0331 8.1302 -7.1250 0.0000 -0.0000 -8.3336 53.2038 -1.6910 0.0000 0.0000 0.0000 87.1434 0.3172 17.6390 -17.2620 27.2018 -4.2064 0.0000 0.0000 0.5714 -27.4411 10.4056 -5.3579 7.1250 -0.0000 -0.0000 -0.2790 -18.2893 -0.1773
2.9109 18.0771 -5.1769 -84.5833 -86.4911 91.8932 0.0000 0.0000 0.0000 -14.4672 -6.0397 -12.8243 1.9454 8.7513 25.0205 0.4909 9.1162 -19.5510 0.2765 -3.3825 -9.3455 0.0000 0.0000 0.0000 27.9915 8.1391 -17.0272 -3.0569 -10.7865 31.5633 -1.5019 -3.8097 -24.7916 -0.0021 0.2970 -0.8161 0.1757 0.1218 0.4979 3.3362 -0.0175 3.4755 3.3399 -0.0952 3.2981 -16.0988 -16.1592 4.0580 1.0523 -22.1866 9.7274 1.7574 -11.5347 4.1736 0.0000 -0.0000 0.0000 -91.0020 0.4123 15.2995 17.2105 -27.1345 -4.1829 -0.0000 0.0000 -1.6316 20.4820 22.3072 8.0696 -7.1250 0.0000 -0.0000 -8.8052 53.4177 -1.8340 0.0000 -0.0000 0.0000 87.1963 0.7521 18.9699 -17.2924 27.2417 -4.2203 0.0000 0.0000 0.6297 -27.9229 10.4959 -5.5145 7.1250 -0.0000 -0.0000 -0.6115 -18.1381 -0.3908
2.9237 18.0805 -5.1890 -89.9693 -86.7282 97.2668 0.0000 0.0000 0.0000 -14.7206 -6.0915 -12.7489 1.9395 8.7389 24.9820 0.4739 9.3846 -19.6319 0.2447 -3.1835 -8.7900 0.0000 0.0000 0.0000 27.7243 8.1743 -17.1158 -3.0738 -10.8136 31.6539 -1.5377 -3.1335 -24.7319 -0.0032 -0.3677 1.0104 -0.2767 -0.1343 0.6054 3.0507 -0.3432 3.6070 3.2918 -0.2666 3.3925 -16.0326 -16.2732 4.8066 1.3192 -22.4700 9.0897 1.9013 -11.6482 3.9039 0.0000 0.0000 0.0000 -90.7355 0.6067 15.0270 17.5743 -27.6086 -4.3501 -0.0000 0.0000 -2.2456 20.4534 21.8764 7.9115 -7.1250 0.0000 -0.0000 -8.6748 52.9701 -1.7113 0.0000 0.0000 0.0000 87.2145 0.9313 20.8592 -17.2803 27.2258 -4.2148 0.0000 0.0000 0.6119 -27.6482 10.8905 -5.6524 7.1250 -0.0000 -0.0000 -0.3900 -17.7257 -0.2528
2.9341 18.0769 -5.2012 -93.8012 -86.6187 101.2750 0.0000 0.0000 0.0000 -14.5862 -6.1416 -12.9792 1.9500 8.7611 25.0508 0.4352 9.7442 -19.5774 0.3129 -3.5961 -9.9431 0.0000 0.0000 0.0000 27.8488 8.2875 -17.3414 -3.0830 -10.8282 31.7026 -1.5214 -3.1269 -24.6053 -0.0002 0.0978 -0.2686 -0.2625 -0.2385 0.4501 2.8167 -0.4800 3.7499 3.0377 -0.3328 3.6338 -15.8141 -16.4779 5.1271 1.7048 -22.8037 8.8613 1.9967 -11.7884 3.8308 -0.0000 0.0000 0.0000 -90.3314 0.6636 15.6572 17.8837 -28.0080 -4.4945 -0.0000 0.0000 -2.7556 20.6689 22.3342 8.1582 -7.1250 0.0000 -0.0000 -8.6256 53.4803 -1.8094 -0.0000 0.0000 0.0000 87.5164 1.4274 21.0251 -17.0991 26.9883 -4.1322 0.0000 0.0000 0.4467 -26.6657 12.6422 -6.2723 7.1250 -0.0000 -0.0000 0.4224 -15.8900 0.2906
2.9424 18.0756 -5.2046 -97.3016 -86.5702 104.7700 0.0000 0.0000 0.0000 -14.5623 -6.0800 -13.0631 1.9720 8.8075 25.1951 0.4122 9.9797 -19.5713 0.3110 -3.5853 -9.9128 0.0000 0.0000 0.0000 27.8862 8.2826 -17.3389 -3.0721 -10.8109 31.6449 -1.5101 -3.0447 -24.4814 -0.0002 0.0907 -0.2492 -0.4767 -0.4725 0.4952 2.8159 -0.7982 3.9368 3.1493 -0.5041 3.8237 -16.3162 -16.5381 5.2192 2.3082 -22.9508 8.7998 2.2060 -11.8577 3.9358 -0.0000 -0.0000 0.0000 -90.4522 0.7383 15.5351 18.2380 -28.4609 -4.6621 -0.0000 0.0000 -2.9280 20.4142 22.3988 8.0718 -7.1250 0.0000 -0.0000 -8.9085 53.4991 -1.8736 -0.0000 -0.0000 0.0000 87.0733 1.7343 23.6423 -17.1784 27.0924 -4.1683 0.0000 -0.0000 -0.1855 -27.8429 10.7174 -5.6100 7.1250 -0.0000 -0.0000 -0.5392 -17.8984 -0.3474
2.9480 18.0787 -5.2156 -102.1810 -86.3524 109.5050 0.0000 0.0000 0.0000 -14.4044 -6.0186 -12.8668 1.9755 8.8149 25.2180 0.4129 10.1609 -19.7677 0.3078 -3.5671 -9.8617 0.0000 0.0000 0.0000 28.0773 8.2600 -17.2024 -3.0720 -10.8107 31.6440 -1.5214 -2.6378 -24.3797 -0.0004 -0.1363 0.3745 -0.4664 -0.5023 0.6498 2.7584 -0.8456 4.1395 3.0836 -0.5320 3.9488 -16.3482 -16.6669 5.4894 2.6570 -23.1780 8.4320 2.3271 -11.9519 3.8438 0.0000 0.0000 0.0000 -90.1189 0.9128 16.3909 18.4846 -28.7732 -4.7802 -0.0000 0.0000 -3.7936 20.3043 22.2525 7.9760 -7.1250 0.0000 -0.0000 -8.9647 53.3286 -1.8481 0.0000 0.0000 0.0000 86.9377 2.1412 24.6762 -17.1122 27.0054 -4.1381 0.0000 0.0000 0.5789 -27.7036 10.0129 -5.2165 7.1250 -0.0000 -0.0000 -0.4912 -18.7019 -0.3077
2.9557 18.0740 -5.2318 -107.4920 -86.5568 114.8750 0.0000 0.0000 0.0000 -14.6889 -5.9100 -12.9540 1.9732 8.8101 25.2031 0.3879 10.3675 -19.7168 0.3735 -3.9252 -10.8663 0.0000 0.0000 0.0000 27.7772 8.2553 -17.3712 -3.0872 -10.8348 31.7248 -1.5419 -2.2419 -24.3597 -0.0024 -0.3177 0.8729 -1.1764 -0.6359 0.4159 2.7505 -1.0216 4.3825 3.4683 -0.6538 4.3597 -16.3087 -16.7498 5.6538 2.7978 -23.3041 7.8002 2.3993 -11.9907 3.6444 0.0000 0.0000 0.0000 -89.9835 0.7836 16.9844 18.5866 -28.9017 -4.8294 -0.0000 0.0000 -4.2581 20.3109 22.4663 8.0506 -7.1250 0.0000 -0.0000 -9.0390 53.5489 -1.9124 0.0000 0.0000 0.0000 86.7551 2.8253 24.3795 -16.8965 26.7212 -4.0407 0.0000 0.0000 1.2423 -26.1330 12.6328 -6.1243 7.1250 -0.0000 -0.0000 0.7888 -15.9633 0.5415
2.9618 18.0720 -5.2374 -108.9050 -86.1728 116.3380 0.0000 0.0000 0.0000 -14.3011 -5.8947 -13.0593 1.9917 8.8488 25.3236 0.3798 10.4895 -19.7598 0.2989 -3.5155 -9.7173 0.0000 0.0000 0.0000 28.1508 8.2505 -17.4284 -3.0847 -10.8309 31.7118 -1.5388 -2.0082 -24.2364 -0.0017 -0.2654 0.7293 -0.8934 -0.6707 0.4021 2.7317 -1.0795 4.4837 3.2866 -0.6755 4.4709 -16.1380 -16.8135 5.7836 3.0645 -23.4079 7.5275 2.4718 -12.0243 3.5615 0.0000 0.0000 0.0000 -90.0677 0.2881 16.8656 18.2190 -28.4366 -4.6530 -0.0000 0.0000 -3.3489 20.2295 22.1816 7.9207 -7.1250 0.0000 -0.0000 -9.0135 53.2421 -1.8392 0.0000 0.0000 0.0000 86.7134 3.2521 24.6340 -16.7556 26.5345 -3.9776 0.0000 0.0000 1.5130 -25.3402 13.7025 -6.4005 7.1250 -0.0000 -0.0000 1.4094 -14.8853 1.0004
2.9705 18.0708 -5.2473 -111.8740 -85.9215 119.4050 0.0000 0.0000 0.0000 -14.0782 -5.5552 -13.3568 2.0139 8.8950 25.4675 0.3947 10.3485 -19.7705 0.2919 -3.4742 -9.6018 0.0000 0.0000 0.0000 28.3176 8.5899 -17.4021 -3.0720 -10.8106 31.6439 -1.5413 -1.8020 -24.1690 -0.0102 -0.6513 1.7897 -0.9176 -0.7233 0.4081 2.7481 -1.1519 4.5063 3.3147 -0.7141 4.4969 -16.0423 -16.8837 5.7401 3.0792 -23.4876 7.4442 2.4598 -12.0571 3.5404 0.0000 0.0000 0.0000 -89.8718 0.4898 17.6803 18.3141 -28.5574 -4.6984 -0.0000 0.0000 -3.7382 21.0675 22.2700 8.3057 -7.1250 0.0000 -0.0000 -8.1968 53.4890 -1.7203 0.0000 0.0000 0.0000 86.6456 3.3855 25.1453 -16.8511 26.6610 -4.0203 0.0000 0.0000 1.7539 -25.8105 13.4612 -6.4236 7.1250 -0.0000 -0.0000 1.0704 -15.0919 0.7549
2.9730 18.0722 -5.2569 -114.3500 -85.9530 121.9690 0.0000 0.0000 0.0000 -14.1603 -5.6179 -13.4490 2.0174 8.9023 25.4902 0.3860 10.4615 -19.7969 0.2885 -3.4540 -9.5453 0.0000 0.0000 0.0000 28.2162 8.6325 -17.5264 -3.0732 -10.8126 31.6503 -1.5326 -1.6769 -24.0512 -0.0127 -0.7285 2.0021 -1.1000 -0.7848 0.4110 2.7319 -1.2282 4.4930 3.3981 -0.7582 4.4904 -16.2097 -16.8925 5.8790 3.4506 -23.5389 7.1094 2.6013 -12.0713 3.4829 -0.0000 0.0000 0.0000 -89.7575 0.5058 18.3135 18.1654 -28.3685 -4.6276 -0.0000 0.0000 -3.5576 20.3944 21.8702 7.8849 -7.1250 0.0000 -0.0000 -8.7320 52.9529 -1.7190 -0.0000 0.0000 0.0000 86.5821 3.4787 25.1086 -16.9622 26.8079 -4.0703 0.0000 0.0000 1.5684 -26.2011 13.2400 -6.4303 7.1250 -0.0000 -0.0000 0.7866 -15.2869 0.5514
2.9726 18.0719 -5.2637 -116.1300 -85.8518 123.8920 0.0000 0.0000 0.0000 -14.1013 -5.7194 -13.5403 2.0156 8.8984 25.4780 0.3637 10.6959 -19.8101 0.2921 -3.4752 -9.6047 0.0000 0.0000 0.0000 28.2455 8.6761 -17.6694 -3.0710 -10.8091 31.6386 -1.5416 -1.3973 -24.0074 -0.0164 -0.8263 2.2709 -1.1474 -0.7891 0.2887 2.7801 -1.2335 4.4580 3.4734 -0.7634 4.5263 -16.3319 -16.9345 6.0263 3.7245 -23.6323 6.8777 2.7038 -12.1107 3.4438 0.0000 -0.0000 0.0000 -89.6530 0.4784 18.9605 18.0380 -28.2058 -4.5672 -0.0000 0.0000 -3.0749 19.9928 22.1361 7.8062 -7.1250 0.0000 -0.0000 -9.2354 53.1519 -1.8646 0.0000 -0.0000 0.0000 86.4605 3.4634 25.1102 -17.1158 27.0101 -4.1398 0.0000 0.0000 0.9151 -26.3814 13.0131 -6.3727 7.1250 -0.0000 -0.0000 0.6458 -15.5149 0.4496
2.9681 18.0714 -5.2699 -118.6030 -85.7401 126.3290 0.0000 0.0000 0.0000 -14.0986 -5.7612 -13.3862 2.0112 8.8894 25.4501 0.3281 11.0365 -19.8021 0.3435 -3.7661 -10.4194 0.0000 0.0000 0.0000 28.2706 8.5985 -17.6222 -3.0630 -10.7963 31.5960 -1.5490 -1.2007 -23.9868 -0.0105 -0.6625 1.8205 -1.1627 -0.8079 0.3434 2.7704 -1.2576 4.4452 3.4718 -0.7751 4.4836 -16.3026 -16.9692 5.9091 3.8522 -23.6648 6.8912 2.7198 -12.1223 3.4810 -0.0000 0.0000 0.0000 -89.7896 0.2458 19.0163 17.7498 -27.8356 -4.4318 -0.0000 0.0000 -2.5444 19.9873 22.1886 7.8212 -7.1250 0.0000 -0.0000 -9.2608 53.2045 -1.8817 -0.0000 0.0000 0.0000 86.6015 3.4608 24.5489 -17.2450 27.1797 -4.1987 0.0000 0.0000 0.7654 -26.1950 12.8692 -6.2530 7.1250 -0.0000 -0.0000 0.7633 -15.6958 0.5284
2.9622 18.0722 -5.2767 -121.6710 -85.6207 129.4590 0.0000 0.0000 0.0000 -14.1122 -5.6856 -13.3807 2.0072 8.8811 25.4240 0.3503 10.9556 -19.9513 0.2799 -3.4028 -9.4021 0.0000 0.0000 0.0000 28.2549 8.7263 -17.5684 -3.0474 -10.7714 31.5127 -1.5501 -1.0414 -23.9345 -0.0083 -0.5866 1.6119 -1.1757 -0.8197 0.3532 2.7008 -1.2643 4.3495 3.4067 -0.7733 4.3766 -15.9745 -16.9884 5.8918 3.8504 -23.6706 6.8031 2.6908 -12.1151 3.4196 0.0000 0.0000 0.0000 -89.6964 0.2558 19.1556 17.6174 -27.6645 -4.3702 -0.0000 0.0000 -2.0094 19.3500 21.9845 7.4894 -7.1250 0.0000 -0.0000 -9.8242 52.8798 -1.9195 0.0000 0.0000 0.0000 86.8409 3.3508 24.0412 -17.3323 27.2938 -4.2386 0.0000 0.0000 0.8066 -26.6245 12.9738 -6.4213 7.1250 -0.0000 -0.0000 0.4760 -15.5286 0.3312
2.9545 18.0741 -5.2822 -122.7370 -85.4322 130.5570 0.0000 0.0000 0.0000 -13.9950 -5.7797 -13.3099 2.0064 8.8794 25.4189 0.3538 11.1173 -20.1665 0.2090 -2.9432 -8.1207 0.0000 0.0000 0.0000 28.3906 8.8228 -17.4920 -3.0310 -10.7450 31.4246 -1.5481 -1.0000 -23.9033 -0.0099 -0.6412 1.7622 -1.1895 -0.9051 0.2937 2.8404 -1.3862 4.3477 3.5545 -0.8393 4.4219 -15.9869 -16.9865 5.7565 3.9100 -23.6430 6.5418 2.7115 -12.0917 3.3647 -0.0000 0.0000 0.0000 -89.9180 0.1841 18.9184 17.5858 -27.6236 -4.3555 -0.0000 0.0000 -1.6021 18.8425 21.6026 7.1611 -7.1250 0.0000 -0.0000 -10.1862 52.4005 -1.8713 -0.0000 0.0000 0.0000 86.5667 3.4346 24.2423 -17.4195 27.4075 -4.2787 0.0000 0.0000 0.5478 -26.4401 12.9081 -6.3387 7.1250 -0.0000 -0.0000 0.5976 -15.6235 0.4146
2.9465 18.0738 -5.2869 -125.2710 -85.2429 133.1000 0.0000 0.0000 0.0000 -13.9721 -5.7261 -13.2624 2.0092 8.8852 25.4368 0.3536 11.2292 -20.2888 0.1903 -2.8092 -7.7479 0.0000 0.0000 0.0000 28.4401 8.8887 -17.4083 -3.0162 -10.7213 31.3456 -1.5417 -0.9057 -23.8188 -0.0070 -0.5415 1.4881 -1.2716 -0.9040 0.2739 2.9343 -1.3865 4.3114 3.6986 -0.8443 4.4003 -16.2415 -17.1251 5.2848 3.9346 -23.7793 7.0494 2.6558 -12.1701 3.6388 -0.0000 0.0000 0.0000 -90.0277 0.1454 19.1088 17.5934 -27.6334 -4.3590 -0.0000 0.0000 -1.4987 19.6194 22.1767 7.6633 -7.1250 0.0000 -0.0000 -9.6270 53.1248 -1.9384 -0.0000 0.0000 0.0000 86.2702 3.4423 24.6578 -17.4961 27.5071 -4.3140 0.0000 -0.0000 -0.2602 -26.6835 12.7808 -6.3443 7.1250 -0.0000 -0.0000 0.4206 -15.7347 0.2908
2.9386 18.0740 -5.2916 -126.9970 -85.0900 134.8280 0.0000 0.0000 0.0000 -13.9367 -5.6311 -13.2168 2.0085 8.8837 25.4322 0.3426 11.3331 -20.2889 0.1901 -2.8083 -7.7454 0.0000 0.0000 0.0000 28.4954 8.9400 -17.3355 -3.0084 -10.7087 31.3035 -1.5302 -0.7621 -23.6777 -0.0075 -0.5584 1.5344 -1.1765 -0.9118 0.2897 2.9166 -1.3949 4.2393 3.6266 -0.8417 4.3135 -16.7471 -17.0472 5.5585 4.7299 -23.7774 6.8049 2.9551 -12.1643 3.6752 0.0000 -0.0000 0.0000 -89.9720 0.1723 19.1895 17.6373 -27.6903 -4.3794 -0.0000 0.0000 -1.8762 19.9847 21.8473 7.7072 -7.1250 0.0000 -0.0000 -9.1358 52.8547 -1.7775 0.0000 -0.0000 0.0000 86.3530 3.4696 24.3298 -17.4365 27.4296 -4.2865 0.0000 -0.0000 -0.1241 -26.8717 13.0091 -6.5072 7.1250 -0.0000 -0.0000 0.3090 -15.4592 0.2154
2.9305 18.0723 -5.3002 -128.5630 -84.9750 136.3570 0.0000 0.0000 0.0000 -13.9244 -5.5528 -13.0857 1.9970 8.8598 25.3578 0.3252 11.5140 -20.3084 0.2224 -3.0361 -8.3791 0.0000 0.0000 0.0000 28.5361 9.1941 -17.1637 -3.0093 -10.7102 31.3085 -1.5220 -0.9407 -23.6812 -0.0093 -0.6240 1.7148 -1.0069 -0.8654 0.3059 2.7951 -1.3277 4.1920 3.4071 -0.7966 4.2418 -16.5823 -16.9569 5.8564 5.2186 -23.7117 6.4090 3.1262 -12.1159 3.5412 -0.0000 0.0000 0.0000 -89.7301 0.1930 19.2954 17.8084 -27.9112 -4.4592 -0.0000 0.0000 -2.3709 19.4848 21.7964 7.4845 -7.1250 0.0000 -0.0000 -9.6181 52.7124 -1.8391 -0.0000 0.0000 0.0000 86.5934 3.4352 24.1727 -17.4207 27.4091 -4.2792 0.0000 -0.0000 -0.2199 -26.5856 12.8732 -6.3620 7.1250 -0.0000 -0.0000 0.4950 -15.6445 0.3432
2.9178 18.0729 -5.3036 -130.8660 -84.9899 138.6310 0.0000 0.0000 0.0000 -14.1143 -5.4167 -12.9681 1.9828 8.8301 25.2654 0.3220 11.5498 -20.3154 0.2284 -3.0762 -8.4911 0.0000 0.0000 0.0000 28.3909 9.1559 -17.0956 -3.0099 -10.7110 31.3114 -1.5310 -0.8761 -23.7263 -0.0048 -0.4496 1.2353 -1.1248 -0.8905 0.1974 2.7855 -1.3581 4.1973 3.4609 -0.8163 4.3138 -16.6082 -17.2609 5.3521 4.9962 -24.0445 6.9603 2.9571 -12.2870 3.7990 -0.0000 0.0000 0.0000 -89.7647 0.1611 19.3471 17.9813 -28.1332 -4.5404 -0.0000 0.0000 -2.4859 20.6500 22.6328 8.2520 -7.1250 0.0000 -0.0000 -8.7578 53.7835 -1.9026 -0.0000 0.0000 0.0000 86.5174 3.5222 24.1539 -17.3669 27.3389 -4.2545 0.0000 -0.0000 -0.3114 -26.5635 12.7540 -6.2985 7.1250 -0.0000 -0.0000 0.5012 -15.7789 0.3460
2.9047 18.0726 -5.3055 -131.6860 -84.8168 139.4440 0.0000 0.0000 0.0000 -14.0577 -5.4042 -12.8141 1.9700 8.8032 25.1817 0.2600 11.9688 -20.1407 0.3732 -3.9239 -10.8627 0.0000 0.0000 0.0000 28.4706 9.1523 -17.0596 -3.0196 -10.7268 31.3639 -1.5395 -0.6900 -23.7228 -0.0050 -0.4575 1.2571 -0.8498 -0.8991 0.1333 2.7311 -1.3711 4.1479 3.2479 -0.8098 4.2905 -16.4239 -17.2698 5.3349 5.1188 -24.0489 6.8225 2.9775 -12.2792 3.7531 -0.0000 0.0000 0.0000 -89.6282 0.1640 19.5214 18.0888 -28.2707 -4.5912 -0.0000 0.0000 -2.8576 23.2645 23.2776 9.6427 -7.1250 0.0000 -0.0000 -6.2980 54.9623 -1.5454 -0.0000 0.0000 0.0000 86.4461 3.4109 24.3660 -17.4310 27.4225 -4.2840 0.0000 -0.0000 -0.6963 -26.4332 12.7331 -6.2530 7.1250 -0.0000 -0.0000 0.5893 -15.8175 0.4064
2.8964 18.0676 -5.3097 -132.9920 -84.7556 140.7580 0.0000 0.0000 0.0000 -14.1200 -5.2694 -12.8058 1.9574 8.7767 25.0993 0.1028 12.8228 -19.4632 0.7967 -5.6973 -15.9085 0.0000 0.0000 0.0000 28.4432 9.0907 -17.1252 -3.0405 -10.7603 31.4757 -1.5511 -0.5703 -23.7682 -0.0032 -0.3628 0.9968 -0.8829 -0.9169 0.1096 2.7830 -1.3940 4.0882 3.3195 -0.8221 4.2457 -16.4498 -17.2286 5.3035 5.2113 -23.9957 6.7757 3.0095 -12.2508 3.7523 0.0000 -0.0000 0.0000 -89.7320 0.1215 19.1490 18.2036 -28.4170 -4.6457 -0.0000 0.0000 -2.9319 22.4223 23.3880 9.3021 -7.1250 0.0000 -0.0000 -7.2191 54.9081 -1.7635 0.0000 -0.0000 0.0000 86.2643 3.3975 24.5684 -17.3950 27.3755 -4.2674 0.0000 -0.0000 -1.0221 -26.4762 12.8078 -6.3006 7.1250 -0.0000 -0.0000 0.5653 -15.7299 0.3909
2.8867 18.0658 -5.3118 -134.4760 -84.7335 142.1520 0.0000 0.0000 0.0000 -14.2358 -5.2788 -12.5853 1.9446 8.7498 25.0157 0.0906 12.9562 -19.5000 0.7911 -5.6778 -15.8525 0.0000 0.0000 0.0000 28.3725 9.2637 -16.9611 -3.0592 -10.7902 31.5755 -1.5538 -0.6275 -23.8089 -0.0037 -0.3912 1.0750 -0.8894 -0.9356 0.0634 2.7869 -1.4198 4.0991 3.3255 -0.8359 4.2852 -16.4876 -17.2199 5.3019 5.3029 -23.9940 6.7996 3.0363 -12.2499 3.7754 0.0000 -0.0000 0.0000 -89.7835 0.0813 19.0637 18.4139 -28.6838 -4.7462 -0.0000 0.0000 -2.8531 22.6863 24.0209 9.6573 -7.1250 0.0000 -0.0000 -7.1872 55.6181 -1.8799 0.0000 -0.0000 0.0000 86.2974 3.4595 24.2408 -17.3294 27.2900 -4.2373 0.0000 -0.0000 -0.4334 -26.3350 12.8295 -6.2724 7.1250 -0.0000 -0.0000 0.6640 -15.7228 0.4593
2.8771 18.0656 -5.3199 -135.2680 -84.6444 142.9940 0.0000 0.0000 0.0000 -14.1936 -5.1235 -12.6141 1.9374 8.7344 24.9680 0.1248 12.7383 -19.6029 0.6881 -5.3031 -14.7750 0.0000 0.0000 0.0000 28.4220 9.5194 -16.8979 -3.0643 -10.7984 31.6030 -1.5412 -0.9250 -23.8225 -0.0005 -0.1479 0.4063 -0.9701 -0.9314 -0.0597 2.8884 -1.4151 4.0422 3.4753 -0.8379 4.3008 -16.4923 -17.2893 5.2489 5.3699 -24.0844 6.7950 3.0402 -12.2923 3.8001 0.0000 0.0000 0.0000 -89.8281 -0.0033 19.2101 18.4609 -28.7433 -4.7688 -0.0000 0.0000 -3.0212 21.7001 24.1211 9.2371 -7.1250 0.0000 -0.0000 -8.2636 55.5195 -2.1442 0.0000 0.0000 0.0000 86.1943 3.3959 24.0632 -17.3816 27.3581 -4.2612 0.0000 -0.0000 -0.1073 -26.5324 12.5919 -6.2120 7.1250 -0.0000 -0.0000 0.5104 -15.9616 0.3504
2.8683 18.0650 -5.3270 -136.0720 -84.6059 143.7870 0.0000 0.0000 0.0000 -14.2129 -4.9835 -12.6033 1.9363 8.7322 24.9612 0.1317 12.7100 -19.6444 0.7055 -5.3684 -14.9625 0.0000 0.0000 0.0000 28.4170 9.8832 -16.7053 -3.0626 -10.7957 31.5940 -1.5340 -1.1994 -23.8721 -0.0014 -0.2387 0.6559 -0.9685 -0.9230 -0.1411 2.8634 -1.4015 4.0231 3.4477 -0.8299 4.3253 -16.4809 -17.3137 5.3817 5.5816 -24.1478 6.6927 3.1073 -12.3199 3.7795 -0.0000 0.0000 0.0000 -89.6519 -0.0939 19.3255 18.6011 -28.9199 -4.8364 -0.0000 0.0000 -3.2057 17.7381 20.7810 6.4748 -7.1250 0.0000 -0.0000 -10.9695 51.3775 -1.7408 -0.0000 0.0000 0.0000 86.3431 3.4420 23.6862 -17.3810 27.3573 -4.2609 0.0000 -0.0000 -0.1868 -26.5646 12.7942 -6.3182 7.1250 -0.0000 -0.0000 0.5034 -15.7342 0.3481
2.8543 18.0628 -5.3327 -136.6160 -84.5372 144.2810 0.0000 0.0000 0.0000 -14.2277 -5.2808 -12.3581 1.9384 8.7366 24.9748 0.0887 13.1248 -19.7016 0.6642 -5.2123 -14.5151 0.0000 0.0000 0.0000 28.4436 9.7499 -16.6454 -3.0635 -10.7971 31.5986 -1.5475 -0.9911 -23.8951 -0.0017 -0.2624 0.7210 -0.8833 -0.9320 -0.2083 2.8684 -1.4144 3.9843 3.4034 -0.8324 4.3217 -16.3694 -17.3013 5.3807 5.6145 -24.1348 6.7579 3.1033 -12.3125 3.7899 0.0000 0.0000 0.0000 -89.6756 -0.1192 19.2869 18.7295 -29.0812 -4.8987 -0.0000 0.0000 -3.2309 20.3239 22.4226 8.0414 -7.1250 0.0000 -0.0000 -9.0092 53.5065 -1.8967 0.0000 0.0000 0.0000 86.4220 3.3949 23.3111 -17.3394 27.3030 -4.2418 0.0000 0.0000 0.1370 -26.7227 13.1854 -6.5510 7.1250 -0.0000 -0.0000 0.4249 -15.2828 0.2979
2.8480 18.0605 -5.3374 -136.5560 -84.5113 144.2140 0.0000 0.0000 0.0000 -14.2106 -5.1688 -12.4144 1.9437 8.7479 25.0098 0.0566 13.2958 -19.5649 0.8028 -5.7185 -15.9698 0.0000 0.0000 0.0000 28.4891 9.6091 -16.6910 -3.0716 -10.8101 31.6419 -1.5604 -0.8258 -23.9319 -0.0012 -0.2205 0.6059 -0.7392 -0.9487 -0.0946 2.8707 -1.4335 3.8438 3.3260 -0.8321 4.1080 -16.4213 -17.2703 5.4733 5.6374 -24.1140 6.7518 3.1260 -12.3055 3.7805 -0.0000 -0.0000 0.0000 -89.5858 -0.0174 19.2184 18.8816 -29.2713 -4.9728 -0.0000 0.0000 -3.0903 18.3839 21.4408 6.9266 -7.1250 0.0000 -0.0000 -10.5802 52.1556 -1.8811 -0.0000 -0.0000 0.0000 86.4870 3.1897 23.1096 -17.3547 27.3230 -4.2489 0.0000 0.0000 0.2235 -26.7084 13.0434 -6.4783 7.1250 -0.0000 -0.0000 0.4237 -15.4414 0.2956
2.8365 18.0598 -5.3426 -137.7120 -84.5908 145.3190 0.0000 0.0000 0.0000 -14.3503 -4.9677 -12.4188 1.9489 8.7588 25.0437 0.0714 13.1544 -19.5438 0.7798 -5.6380 -15.7376 0.0000 0.0000 0.0000 28.3628 9.4214 -16.6915 -3.0817 -10.8261 31.6957 -1.5647 -0.7095 -23.9220 -0.0012 -0.2196 0.6033 -0.8088 -0.9521 -0.1574 2.8583 -1.4342 3.8166 3.3515 -0.8337 4.1168 -16.4212 -17.3110 5.4783 5.7005 -24.1772 6.7911 3.1346 -12.3367 3.8064 0.0000 0.0000 0.0000 -89.4250 -0.0116 19.4810 19.0286 -29.4542 -5.0449 -0.0000 0.0000 -3.3543 20.1118 22.0049 7.8124 -7.1250 0.0000 -0.0000 -9.0664 53.0393 -1.8050 0.0000 0.0000 0.0000 86.3837 3.0587 23.2291 -17.4221 27.4109 -4.2799 0.0000 -0.0000 -0.0460 -27.0533 12.9004 -6.5046 7.1250 -0.0000 -0.0000 0.1758 -15.5572 0.1222
2.8250 18.0567 -5.3514 -137.9680 -84.6150 145.4800 0.0000 0.0000 0.0000 -14.3585 -4.7111 -12.3529 1.9475 8.7559 25.0348 0.1016 12.9149 -19.5711 0.7934 -5.6858 -15.8753 0.0000 0.0000 0.0000 28.3722 9.3001 -16.6113 -3.0934 -10.8447 31.7578 -1.5783 -0.6687 -24.0099 -0.0007 -0.1719 0.4723 -0.9093 -0.9967 -0.1755 2.9433 -1.4947 3.7903 3.4940 -0.8690 4.1093 -16.5763 -17.3105 5.4871 5.6219 -24.1872 6.8995 3.1224 -12.3496 3.8478 0.0000 -0.0000 0.0000 -89.4142 -0.0049 19.5382 19.1465 -29.6003 -5.1030 -0.0000 0.0000 -3.6891 19.8021 22.0903 7.7114 -7.1250 0.0000 -0.0000 -9.4102 53.0700 -1.8814 0.0000 -0.0000 0.0000 86.2607 3.0532 23.2721 -17.3721 27.3457 -4.2569 0.0000 -0.0000 -0.0556 -27.0929 12.8541 -6.4928 7.1250 -0.0000 -0.0000 0.1449 -15.6036 0.1006
2.8148 18.0547 -5.3585 -138.7660 -84.5816 146.2120 0.0000 0.0000 0.0000 -14.3902 -4.6523 -12.2718 1.9580 8.7779 25.1031 0.1159 12.9089 -19.7249 0.7695 -5.6015 -15.6323 0.0000 0.0000 0.0000 28.3644 9.1603 -16.5537 -3.0984 -10.8527 31.7847 -1.5953 -0.4577 -24.0623 -0.0013 -0.2345 0.6444 -0.8240 -0.9893 -0.1033 2.8695 -1.4781 3.6955 3.3714 -0.8524 3.9636 -16.4794 -17.2864 5.6640 5.6874 -24.1855 6.8727 3.1498 -12.3494 3.8093 0.0000 -0.0000 0.0000 -89.1465 0.1458 19.7476 19.2859 -29.7723 -5.1720 -0.0000 0.0000 -3.7263 20.1911 22.2488 7.9270 -7.1250 0.0000 -0.0000 -9.0778 53.3038 -1.8662 0.0000 -0.0000 0.0000 86.5025 2.9469 22.9548 -17.2818 27.2277 -4.2154 0.0000 0.0000 0.2784 -27.1234 12.8835 -6.5158 7.1250 -0.0000 -0.0000 0.1263 -15.5672 0.0877
2.8122 18.0483 -5.3692 -137.2490 -84.4393 144.6460 0.0000 0.0000 0.0000 -14.1137 -4.4418 -12.3706 1.9851 8.8350 25.2805 0.1121 12.8814 -19.6456 0.8656 -5.9325 -16.5886 0.0000 0.0000 0.0000 28.6542 9.2754 -16.4029 -3.0927 -10.8436 31.7543 -1.5886 -0.6073 -24.0651 -0.0006 -0.1627 0.4470 -0.6288 -0.9862 -0.0796 2.8996 -1.4796 3.6758 3.2930 -0.8471 3.9253 -16.3239 -17.3098 5.6924 5.7876 -24.2199 6.8252 3.1634 -12.3609 3.7884 0.0000 -0.0000 0.0000 -88.9987 0.1218 19.7084 19.4071 -29.9214 -5.2324 -0.0000 0.0000 -3.9556 20.3319 22.2364 7.9822 -7.1250 0.0000 -0.0000 -8.9305 53.3171 -1.8384 0.0000 -0.0000 0.0000 86.5969 2.9824 22.8531 -17.2217 27.1491 -4.1880 0.0000 0.0000 0.2558 -26.3921 13.1549 -6.4434 7.1250 -0.0000 -0.0000 0.6492 -15.3573 0.4541
2.8021 18.0440 -5.3785 -136.7300 -84.2472 144.0120 0.0000 0.0000 0.0000 -13.8943 -4.2791 -12.2275 1.9999 8.8658 25.3765 0.1890 12.5292 -20.0520 0.7258 -5.4435 -15.1780 0.0000 0.0000 0.0000 28.9026 9.5518 -16.1011 -3.0968 -10.8501 31.7760 -1.5733 -0.9896 -24.0909 -0.0002 0.0846 -0.2325 -0.4197 -0.8808 -0.1030 2.9247 -1.3471 3.7006 3.2056 -0.7758 3.9514 -16.1555 -17.4100 5.6501 5.7107 -24.3371 6.8596 3.1089 -12.4159 3.7886 0.0000 -0.0000 0.0000 -88.8857 0.0827 19.8719 19.5506 -30.0971 -5.3042 -0.0000 0.0000 -4.0393 19.6892 22.4283 7.7743 -7.1250 0.0000 -0.0000 -9.6537 53.3942 -2.0077 0.0000 -0.0000 0.0000 86.6697 2.9404 22.6140 -17.1996 27.1202 -4.1779 0.0000 0.0000 0.4071 -26.2784 13.1256 -6.3976 7.1250 -0.0000 -0.0000 0.7250 -15.4034 0.5064
2.7931 18.0426 -5.3828 -139.6940 -84.4967 146.9990 0.0000 0.0000 0.0000 -14.3696 -4.5674 -12.1277 1.9894 8.8440 25.3084 0.0991 13.1645 -19.8713 0.8143 -5.7584 -16.0851 0.0000 0.0000 0.0000 28.4817 9.7699 -16.1306 -3.1317 -10.9053 31.9612 -1.5864 -1.0833 -24.2250 -0.0006 -0.1516 0.4164 -0.7807 -0.9476 -0.2496 2.8776 -1.4235 3.6764 3.3553 -0.8238 4.0220 -16.3456 -17.3463 5.5727 5.7428 -24.2529 6.9013 3.1343 -12.3776 3.8306 0.0000 -0.0000 0.0000 -88.8462 0.0456 19.7800 19.5816 -30.1349 -5.3197 -0.0000 0.0000 -3.7566 19.9041 21.8423 7.6722 -7.1250 0.0000 -0.0000 -9.2149 52.8349 -1.7886 0.0000 -0.0000 0.0000 86.6677 3.0183 22.3946 -17.1651 27.0749 -4.1622 0.0000 0.0000 0.6108 -26.1107 12.9168 -6.2524 7.1250 -0.0000 -0.0000 0.8248 -15.6535 0.5717
2.7861 18.0347 -5.3880 -140.6830 -84.6207 147.9540 0.0000 0.0000 0.0000 -14.5127 -4.6306 -12.0439 1.9884 8.8419 25.3021 0.1064 13.1318 -19.9094 0.8218 -5.7842 -16.1594 0.0000 0.0000 0.0000 28.3366 9.2880 -16.4190 -3.1829 -10.9854 32.2306 -1.6112 -0.7635 -24.2912 -0.0005 0.1410 -0.3875 -1.0132 -1.0606 -0.3650 2.9377 -1.5728 3.6999 3.5409 -0.9090 4.1310 -16.6732 -17.2682 5.5757 5.9136 -24.1720 6.8481 3.2225 -12.3412 3.8641 -0.0000 0.0000 0.0000 -89.0452 -0.0832 19.3405 19.5777 -30.1302 -5.3177 -0.0000 0.0000 -3.6200 20.5329 22.1379 8.0337 -7.1250 0.0000 -0.0000 -8.6905 53.2534 -1.7748 -0.0000 0.0000 0.0000 86.5261 3.1036 22.6748 -17.1427 27.0455 -4.1520 0.0000 0.0000 0.4721 -26.2175 12.7649 -6.2097 7.1250 -0.0000 -0.0000 0.7402 -15.8080 0.5106
2.7830 18.0268 -5.3953 -141.4000 -84.6570 148.5490 0.0000 0.0000 0.0000 -14.5658 -4.1964 -12.1463 2.0107 8.8883 25.4466 0.1594 12.7374 -19.9884 0.7872 -5.6640 -15.8126 0.0000 0.0000 0.0000 28.3072 9.3204 -16.3542 -3.2199 -11.0427 32.4242 -1.6295 -0.8419 -24.4565 -0.0017 0.2678 -0.7357 -1.1265 -1.1067 -0.2910 2.9597 -1.6322 3.6927 3.6268 -0.9426 4.0900 -16.7413 -17.2253 5.7203 5.9583 -24.1364 6.6725 3.2681 -12.3241 3.7970 0.0000 -0.0000 0.0000 -89.0666 -0.0289 19.3122 19.6845 -30.2604 -5.3715 -0.0000 0.0000 -3.8523 20.3568 22.3860 8.0431 -7.1250 0.0000 -0.0000 -8.9620 53.4752 -1.8797 0.0000 -0.0000 0.0000 86.3951 3.0690 23.0684 -17.1291 27.0277 -4.1458 0.0000 0.0000 0.2094 -26.5473 12.7562 -6.2952 7.1250 -0.0000 -0.0000 0.5125 -15.7783 0.3539
2.7774 18.0237 -5.4070 -141.7250 -84.5887 148.7580 0.0000 0.0000 0.0000 -14.5024 -3.9082 -12.1593 2.0337 8.9359 25.5951 0.2373 12.3340 -20.3344 0.6805 -5.2744 -14.6929 0.0000 0.0000 0.0000 28.4099 9.5950 -16.1502 -3.2488 -11.0874 32.5751 -1.6291 -1.2627 -24.6124 -0.0064 0.5173 -1.4216 -1.1095 -1.0941 -0.2556 2.9116 -1.6147 3.7219 3.5683 -0.9328 4.0969 -16.5419 -17.2480 5.6748 5.9192 -24.1456 6.6300 3.2356 -12.3230 3.7639 0.0000 -0.0000 0.0000 -88.8863 -0.0946 19.1868 19.6725 -30.2457 -5.3654 -0.0000 0.0000 -4.0210 19.6193 21.9468 7.5886 -7.1250 0.0000 -0.0000 -9.5398 52.8901 -1.8656 0.0000 -0.0000 0.0000 86.4505 3.0875 23.1728 -17.1137 27.0075 -4.1389 0.0000 0.0000 0.1911 -26.4744 13.0367 -6.4098 7.1250 -0.0000 -0.0000 0.5837 -15.4775 0.4068
2.7754 18.0152 -5.4179 -142.4940 -84.5132 149.4890 0.0000 0.0000 0.0000 -14.4712 -3.6443 -12.2676 2.0561 8.9820 25.7391 0.2595 12.1884 -20.3966 0.6756 -5.2557 -14.6392 0.0000 0.0000 0.0000 28.4380 9.6996 -16.1495 -3.2801 -11.1352 32.7371 -1.6493 -1.1393 -24.7149 -0.0017 0.2700 -0.7418 -1.1866 -1.0976 -0.2288 2.9243 -1.6157 3.6730 3.6258 -0.9344 4.0335 -16.5226 -17.2300 5.6357 5.7778 -24.1112 6.7194 3.1911 -12.3096 3.7742 -0.0000 -0.0000 0.0000 -88.7733 0.0436 19.4858 19.7855 -30.3831 -5.4224 -0.0000 0.0000 -4.5282 20.2777 21.8972 7.8454 -7.1250 0.0000 -0.0000 -8.8595 52.9593 -1.7458 -0.0000 -0.0000 0.0000 86.4804 2.9845 23.1513 -17.1017 26.9916 -4.1334 0.0000 0.0000 0.6740 -26.7259 13.1009 -6.5110 7.1250 -0.0000 -0.0000 0.4162 -15.3757 0.2909
2.7702 18.0149 -5.4239 -142.5010 -84.4173 149.3690 0.0000 0.0000 0.0000 -14.4022 -3.7620 -12.0718 2.0738 9.0182 25.8523 0.2723 12.2331 -20.5850 0.6423 -5.1273 -14.2720 0.0000 0.0000 0.0000 28.5063 9.6850 -16.0828 -3.3098 -11.1804 32.8909 -1.6811 -0.8073 -24.8249 -0.0006 -0.1546 0.4247 -1.0157 -1.1585 -0.1797 2.8762 -1.7004 3.6934 3.4766 -0.9703 4.0260 -16.7319 -17.1765 5.4948 5.9471 -24.0502 6.9713 3.2358 -12.2838 3.9127 -0.0000 -0.0000 0.0000 -88.6160 0.1603 19.5165 19.8634 -30.4774 -5.4619 -0.0000 0.0000 -4.6818 20.3234 22.4176 8.0395 -7.1250 0.0000 -0.0000 -9.0078 53.5013 -1.8952 -0.0000 -0.0000 0.0000 86.6833 3.0873 23.0199 -17.0367 26.9062 -4.1039 0.0000 0.0000 1.2181 -26.6902 13.0819 -6.4918 7.1250 -0.0000 -0.0000 0.4391 -15.4011 0.3067
2.7673 18.0114 -5.4327 -142.8240 -84.3479 149.6300 0.0000 0.0000 0.0000 -14.3816 -4.1070 -11.8846 2.0921 9.0553 25.9685 0.2688 12.5044 -20.8705 0.5740 -4.8517 -13.4861 0.0000 0.0000 0.0000 28.5526 9.8529 -16.0073 -3.3336 -11.2165 33.0134 -1.6927 -0.7575 -24.8912 -0.0030 -0.3563 0.9790 -1.0073 -1.0979 -0.2096 2.8657 -1.6211 3.7377 3.4632 -0.9318 4.0829 -16.5724 -17.2510 5.4979 5.8476 -24.1333 6.9098 3.1886 -12.3214 3.8712 -0.0000 0.0000 0.0000 -88.5747 0.0534 19.5214 19.7736 -30.3686 -5.4164 -0.0000 0.0000 -4.3132 20.4305 22.5281 8.1224 -7.1250 0.0000 -0.0000 -8.9412 53.6347 -1.9103 -0.0000 0.0000 0.0000 86.8215 3.1847 22.8024 -16.9906 26.8454 -4.0831 0.0000 0.0000 1.3528 -26.8089 13.1368 -6.5517 7.1250 -0.0000 -0.0000 0.3621 -15.3258 0.2535
2.7671 18.0051 -5.4403 -143.1390 -84.3308 149.8780 0.0000 0.0000 0.0000 -14.3768 -3.9974 -11.9099 2.1111 9.0938 26.0893 0.2672 12.4965 -20.8444 0.5984 -4.9519 -13.7716 0.0000 0.0000 0.0000 28.5725 9.8807 -16.0171 -3.3725 -11.2750 33.2130 -1.7088 -0.8002 -25.0240 -0.0019 -0.2841 0.7805 -0.9607 -1.1034 -0.2356 2.8206 -1.6302 3.7957 3.3888 -0.9355 4.1558 -16.6884 -17.2616 5.5425 6.1113 -24.1744 6.8660 3.2723 -12.3392 3.9014 -0.0000 -0.0000 0.0000 -88.5180 -0.0013 19.5489 19.7494 -30.3393 -5.4042 -0.0000 0.0000 -4.3237 20.2739 22.8187 8.1525 -7.1250 0.0000 -0.0000 -9.2132 53.9027 -2.0296 -0.0000 -0.0000 0.0000 86.7918 3.2970 23.0111 -17.0106 26.8718 -4.0921 0.0000 0.0000 1.1981 -26.7884 13.1564 -6.5554 7.1250 -0.0000 -0.0000 0.3777 -15.3066 0.2646
2.7652 17.9961 -5.4522 -144.8600 -84.3913 151.4650 0.0000 0.0000 0.0000 -14.5188 -3.8247 -11.8571 2.1298 9.1314 26.2073 0.3181 12.2408 -21.0675 0.4475 -4.2920 -11.8995 0.0000 0.0000 0.0000 28.4372 9.6556 -16.0658 -3.4171 -11.3414 33.4401 -1.7301 -0.5349 -25.0834 -0.0051 -0.4603 1.2649 -1.1257 -1.1385 -0.0883 2.7157 -1.6666 3.7842 3.3742 -0.9553 4.0642 -16.7084 -17.2516 5.5172 6.1122 -24.1650 6.9918 3.2664 -12.3373 3.9458 0.0000 -0.0000 0.0000 -88.4457 0.0477 19.3034 19.6391 -30.2051 -5.3486 -0.0000 0.0000 -4.1120 20.1667 22.4307 7.9773 -7.1250 0.0000 -0.0000 -9.1716 53.4854 -1.9266 0.0000 -0.0000 0.0000 86.7208 3.2203 23.6436 -17.0651 26.9435 -4.1168 0.0000 0.0000 0.3701 -26.4546 13.4005 -6.5783 7.1250 -0.0000 -0.0000 0.6253 -15.0788 0.4411
2.7640 17.9944 -5.4645 -144.6610 -84.3472 151.1330 0.0000 0.0000 0.0000 -14.4463 -3.7610 -11.7644 2.1466 9.1649 26.3125 0.3238 12.2171 -21.0982 0.4754 -4.4217 -12.2662 0.0000 0.0000 0.0000 28.5598 9.6825 -15.9654 -3.4491 -11.3888 33.6028 -1.7385 -0.6412 -25.1811 -0.0038 -0.3968 1.0903 -1.1964 -1.1788 0.0206 2.7372 -1.7216 3.8108 3.4364 -0.9864 4.0371 -16.8091 -17.2098 5.5490 6.1727 -24.1258 7.0351 3.2974 -12.3211 3.9694 0.0000 -0.0000 0.0000 -88.5060 0.0466 19.0277 19.5053 -30.0417 -5.2814 -0.0000 0.0000 -3.8355 20.2705 22.2414 7.9580 -7.1250 0.0000 -0.0000 -8.9946 53.3109 -1.8504 0.0000 -0.0000 0.0000 86.7523 3.3241 23.8789 -17.0076 26.8677 -4.0908 0.0000 0.0000 0.1946 -26.8549 13.1860 -6.5886 7.1250 -0.0000 -0.0000 0.3344 -15.2656 0.2346
2.7628 17.9882 -5.4765 -143.8240 -84.2315 150.1150 0.0000 0.0000 0.0000 -14.2486 -3.4148 -11.7523 2.1726 9.2167 26.4757 0.3264 12.1414 -21.0378 0.5484 -4.7441 -13.1802 0.0000 0.0000 0.0000 28.8032 9.9114 -15.6641 -3.4632 -11.4095 33.6739 -1.7310 -0.9245 -25.2301 -0.0017 -0.2655 0.7295 -1.0146 -1.2059 0.2252 2.6510 -1.7585 3.8191 3.2471 -0.9961 3.9231 -16.8824 -17.1772 5.5676 6.3010 -24.1099 7.2452 3.3316 -12.3178 4.0547 -0.0000 0.0000 0.0000 -88.2193 0.2541 19.2338 19.5197 -30.0594 -5.2887 -0.0000 0.0000 -4.2450 20.1723 22.4070 7.9718 -7.1250 0.0000 -0.0000 -9.1568 53.4622 -1.9182 -0.0000 0.0000 0.0000 86.9290 3.2748 24.1885 -17.0524 26.9268 -4.1110 0.0000 -0.0000 -0.0301 -26.7531 13.0334 -6.4859 7.1250 -0.0000 -0.0000 0.3923 -15.4470 0.2736
2.7607 17.9798 -5.4871 -145.2830 -84.1747 151.5150 0.0000 0.0000 0.0000 -14.3243 -3.2642 -11.7941 2.1984 9.2676 26.6360 0.3432 12.1206 -21.1844 0.5247 -4.6422 -12.8909 0.0000 0.0000 0.0000 28.7544 9.7033 -15.7001 -3.4762 -11.4287 33.7398 -1.7310 -0.8131 -25.1894 -0.0003 -0.1080 0.2967 -1.1529 -1.2507 0.2188 2.6061 -1.8151 3.8609 3.2759 -1.0292 3.9771 -16.9627 -17.1445 5.4771 6.3600 -24.0634 7.3299 3.3471 -12.2952 4.1064 -0.0000 0.0000 0.0000 -88.2986 0.1038 18.7422 19.2470 -29.7244 -5.1527 -0.0000 0.0000 -3.8283 20.3778 22.4569 8.0759 -7.1250 0.0000 -0.0000 -8.9675 53.5518 -1.8978 -0.0000 0.0000 0.0000 86.9343 3.3154 24.3798 -17.1166 27.0113 -4.1402 0.0000 0.0000 0.1033 -26.9709 13.0243 -6.5424 7.1250 -0.0000 -0.0000 0.2421 -15.4301 0.1690
2.7608 17.9781 -5.4995 -146.1230 -84.1172 152.3350 0.0000 0.0000 0.0000 -14.3390 -3.3306 -11.7354 2.2045 9.2797 26.6742 0.3037 12.3413 -21.0372 0.5653 -4.8156 -13.3833 0.0000 0.0000 0.0000 28.7484 9.6439 -15.7453 -3.4945 -11.4555 33.8318 -1.7449 -0.6999 -25.2487 -0.0000 -0.0196 0.0538 -1.2804 -1.2957 0.1979 2.6076 -1.8740 3.8913 3.3464 -1.0642 4.0292 -17.0676 -17.1009 5.3841 6.3734 -23.9947 7.3502 3.3583 -12.2617 4.1331 0.0000 -0.0000 0.0000 -88.3989 0.0811 18.5258 19.1345 -29.5855 -5.0971 -0.0000 0.0000 -3.6725 20.6331 22.2413 8.1112 -7.1250 0.0000 -0.0000 -8.6274 53.3782 -1.7882 0.0000 -0.0000 0.0000 86.7875 3.3648 24.8105 -17.1669 27.0772 -4.1630 0.0000 -0.0000 -0.0492 -27.4033 12.8173 -6.5607 7.1250 -0.0000 -0.0000 -0.0713 -15.6059 -0.0495
2.7601 17.9744 -5.5089 -146.8950 -84.1131 153.0520 0.0000 0.0000 0.0000 -14.3886 -3.3878 -11.6110 2.1998 9.2705 26.6452 0.2688 12.5718 -20.9508 0.6021 -4.9672 -13.8149 0.0000 0.0000 0.0000 28.7128 9.4669 -15.7663 -3.5041 -11.4695 33.8803 -1.7517 -0.5163 -25.2319 -0.0000 0.0176 -0.0482 -1.3370 -1.2733 0.1808 2.5272 -1.8407 3.9391 3.2952 -1.0488 4.0853 -16.9784 -17.1515 5.3905 6.4088 -24.0569 7.2790 3.3565 -12.2877 4.1110 0.0000 -0.0000 0.0000 -88.3723 0.0168 18.2682 18.9851 -29.4002 -5.0236 -0.0000 0.0000 -3.4756 20.0500 22.2063 7.8534 -7.1250 0.0000 -0.0000 -9.2043 53.2342 -1.8768 0.0000 -0.0000 0.0000 86.9386 3.3918 24.5134 -17.2818 27.2277 -4.2154 0.0000 -0.0000 -0.0054 -27.0131 12.5724 -6.3323 7.1250 -0.0000 -0.0000 0.1777 -15.9258 0.1222
2.7616 17.9761 -5.5237 -146.4350 -84.0267 152.6440 0.0000 0.0000 0.0000 -14.2379 -3.3990 -11.6427 2.1976 9.2661 26.6314 0.2622 12.6060 -20.9233 0.6670 -5.2229 -14.5453 0.0000 0.0000 0.0000 28.8444 9.5776 -15.7681 -3.4950 -11.4562 33.8344 -1.7545 -0.4374 -25.2247 -0.0008 -0.1866 0.5127 -1.4336 -1.2847 0.1368 2.6209 -1.8583 3.9381 3.4454 -1.0639 4.1175 -17.0557 -17.1639 5.2301 6.3480 -24.0496 7.3703 3.3280 -12.2849 4.1646 -0.0000 -0.0000 0.0000 -88.5535 0.0130 18.1774 18.8627 -29.2477 -4.9636 -0.0000 0.0000 -3.6454 19.9186 22.0469 7.7457 -7.1250 0.0000 -0.0000 -9.2766 53.0469 -1.8491 -0.0000 -0.0000 0.0000 86.9425 3.4321 24.2709 -17.2915 27.2404 -4.2199 0.0000 0.0000 0.1938 -26.3619 12.7926 -6.2621 7.1250 -0.0000 -0.0000 0.6428 -15.7602 0.4441
2.7635 17.9768 -5.5320 -145.0610 -83.8936 151.2580 0.0000 0.0000 0.0000 -14.0048 -3.5553 -11.5334 2.1895 9.2501 26.5807 0.2255 12.8398 -20.8253 0.6678 -5.2258 -14.5538 0.0000 0.0000 0.0000 29.0866 9.4313 -15.7672 -3.4748 -11.4266 33.7325 -1.7462 -0.4337 -25.1637 -0.0000 0.0265 -0.0728 -1.2372 -1.2811 0.2404 2.6448 -1.8576 3.8870 3.3624 -1.0553 3.9994 -16.9834 -17.1790 5.2286 6.2230 -24.0597 7.4024 3.2845 -12.2915 4.1521 -0.0000 0.0000 0.0000 -88.6206 0.1751 18.2160 18.7704 -29.1323 -4.9186 -0.0000 0.0000 -3.5275 20.4357 22.0859 7.9752 -7.1250 0.0000 -0.0000 -8.7696 53.1820 -1.7758 -0.0000 0.0000 0.0000 87.0379 3.3208 23.9769 -17.3266 27.2863 -4.2360 0.0000 0.0000 0.4401 -26.2474 13.0773 -6.3661 7.1250 -0.0000 -0.0000 0.7426 -15.4604 0.5178
2.7656 17.9802 -5.5422 -146.4640 -83.9007 152.7600 0.0000 0.0000 0.0000 -14.1236 -3.6802 -11.5044 2.1667 9.2050 26.4386 0.1950 13.0298 -20.7396 0.7034 -5.3607 -14.9403 0.0000 0.0000 0.0000 28.9817 9.5340 -15.8028 -3.4593 -11.4039 33.6544 -1.7253 -0.4975 -25.0350 -0.0002 0.0913 -0.2510 -1.3701 -1.2784 0.3001 2.5587 -1.8407 3.7570 3.3511 -1.0439 3.8303 -16.8135 -17.1343 5.0731 6.0373 -23.9695 7.6447 3.2007 -12.2491 4.1991 -0.0000 0.0000 0.0000 -88.5608 0.4792 18.4945 18.7566 -29.1151 -4.9119 -0.0000 0.0000 -3.6794 20.8772 22.3199 8.2420 -7.1250 0.0000 -0.0000 -8.4088 53.5047 -1.7685 -0.0000 0.0000 0.0000 87.0827 3.1969 23.9625 -17.3024 27.2547 -4.2249 0.0000 0.0000 0.4499 -26.2797 13.0059 -6.3412 7.1250 -0.0000 -0.0000 0.7151 -15.5351 0.4975
2.7650 17.9874 -5.5535 -148.2520 -83.8272 154.6600 0.0000 0.0000 0.0000 -14.2480 -3.5867 -11.5411 2.1390 9.1498 26.2650 0.1990 13.0283 -20.7806 0.6880 -5.3028 -14.7741 0.0000 0.0000 0.0000 28.8310 9.8498 -15.7702 -3.4402 -11.3756 33.5574 -1.7287 -0.3458 -25.0070 -0.0040 -0.4100 1.1267 -1.4929 -1.2435 0.1914 2.4951 -1.7854 3.7122 3.3541 -1.0172 3.8432 -16.7345 -17.0659 5.0234 5.9776 -23.8567 7.5612 3.1889 -12.1903 4.1520 0.0000 0.0000 0.0000 -88.7361 0.5152 18.1993 18.6447 -28.9748 -4.8575 -0.0000 0.0000 -3.5481 20.3480 22.5952 8.1096 -7.1250 0.0000 -0.0000 -9.0507 53.6879 -1.9458 0.0000 0.0000 0.0000 87.1467 3.1397 23.8740 -17.2730 27.2163 -4.2114 0.0000 0.0000 0.6840 -26.4148 13.1649 -6.4545 7.1250 -0.0000 -0.0000 0.6344 -15.3435 0.4440
2.7699 17.9938 -5.5668 -146.9180 -83.8234 153.4540 0.0000 0.0000 0.0000 -14.0065 -3.1933 -11.8528 2.1311 9.1340 26.2155 0.2568 12.4763 -20.7126 0.6848 -5.2907 -14.7396 0.0000 0.0000 0.0000 28.9954 9.7293 -15.8721 -3.3968 -11.3112 33.3367 -1.7097 -0.2444 -24.8347 -0.0036 -0.3874 1.0644 -1.4087 -1.2446 0.1971 2.5849 -1.7899 3.6374 3.4005 -1.0164 3.7629 -16.9619 -17.0603 4.9571 6.1179 -23.8553 7.5583 3.2426 -12.1902 4.2045 0.0000 0.0000 0.0000 -88.9858 0.4750 17.8136 18.3685 -28.6265 -4.7245 -0.0000 0.0000 -2.9491 20.4360 22.0127 7.9505 -7.1250 0.0000 -0.0000 -8.7423 53.1069 -1.7541 0.0000 0.0000 0.0000 87.0276 3.1775 23.5936 -17.1506 27.0558 -4.1556 0.0000 0.0000 0.8280 -26.5993 13.2859 -6.5645 7.1250 -0.0000 -0.0000 0.5174 -15.1872 0.3638
2.7756 17.9996 -5.5772 -145.4350 -83.8939 152.1620 0.0000 0.0000 0.0000 -13.8368 -3.4942 -12.0357 2.1397 9.1511 26.2691 0.2425 12.5771 -20.6836 0.7318 -5.4656 -15.2413 0.0000 0.0000 0.0000 29.1405 9.6310 -15.9599 -3.3335 -11.2163 33.0128 -1.6788 -0.4448 -24.6777 -0.0002 -0.0849 0.2332 -1.1478 -1.2415 0.1624 2.5352 -1.7831 3.5175 3.2024 -0.9994 3.6468 -16.9442 -17.0786 4.8584 6.1979 -23.8742 7.6617 3.2455 -12.1970 4.2618 -0.0000 -0.0000 0.0000 -88.8935 0.6122 18.0924 18.2594 -28.4880 -4.6723 -0.0000 0.0000 -2.9114 20.2471 22.3882 7.9973 -7.1250 0.0000 -0.0000 -9.0739 53.4570 -1.8995 -0.0000 -0.0000 0.0000 87.0070 2.9444 23.8674 -17.2431 27.1772 -4.1978 0.0000 0.0000 0.3550 -27.1437 12.7523 -6.4566 7.1250 -0.0000 -0.0000 0.1019 -15.7103 0.0705
2.7840 18.0023 -5.5878 -143.2800 -83.7829 150.1480 0.0000 0.0000 0.0000 -13.4969 -3.6543 -12.1422 2.1349 9.1415 26.2390 0.2177 12.6970 -20.5685 0.7449 -5.5131 -15.3780 0.0000 0.0000 0.0000 29.4466 9.4258 -16.0480 -3.2732 -11.1247 32.7015 -1.6523 -0.2802 -24.4259 -0.0003 -0.1048 0.2879 -0.9277 -1.2752 0.1782 2.6390 -1.8352 3.4571 3.1853 -1.0197 3.5748 -16.8961 -17.0657 4.5181 6.0653 -23.7983 7.8507 3.1710 -12.1571 4.3431 0.0000 -0.0000 0.0000 -89.0466 0.7153 18.0254 18.2175 -28.4347 -4.6523 -0.0000 0.0000 -3.2838 20.3428 22.3663 8.0306 -7.1250 0.0000 -0.0000 -8.9685 53.4525 -1.8761 0.0000 -0.0000 0.0000 86.9499 2.9568 23.9802 -17.1788 27.0929 -4.1684 0.0000 0.0000 0.0916 -26.7820 12.7541 -6.3583 7.1250 -0.0000 -0.0000 0.3508 -15.7523 0.2424
2.7893 18.0081 -5.5950 -144.5540 -83.9568 151.5590 0.0000 0.0000 0.0000 -13.7168 -4.0665 -12.0839 2.1059 9.0833 26.0561 0.1709 13.0125 -20.4615 0.7161 -5.4080 -15.0759 0.0000 0.0000 0.0000 29.2077 9.6519 -16.0508 -3.2374 -11.0698 32.5158 -1.6380 -0.4491 -24.3783 -0.0014 -0.2382 0.6545 -1.1122 -1.3065 0.1262 2.6095 -1.8695 3.4131 3.2568 -1.0402 3.5661 -16.9046 -17.0069 4.2380 6.1754 -23.6867 7.9462 3.1826 -12.0948 4.4184 -0.0000 -0.0000 0.0000 -89.2463 0.7647 17.9634 18.1120 -28.3004 -4.6022 -0.0000 0.0000 -2.9452 20.5134 22.0490 7.9952 -7.1250 0.0000 -0.0000 -8.6774 53.1585 -1.7519 -0.0000 -0.0000 0.0000 86.8205 2.9236 24.1899 -17.1589 27.0667 -4.1594 0.0000 -0.0000 -0.1234 -26.2854 12.5902 -6.1449 7.1250 -0.0000 -0.0000 0.6807 -15.9925 0.4669
2.7955 18.0134 -5.6037 -144.9370 -84.0886 152.0390 0.0000 0.0000 0.0000 -13.7886 -4.0975 -12.1499 2.0795 9.0297 25.8882 0.1634 12.9755 -20.3341 0.7670 -5.5924 -15.6063 0.0000 0.0000 0.0000 29.0870 9.4495 -16.1850 -3.2034 -11.0172 32.3380 -1.6358 -0.1545 -24.2608 -0.0068 -0.5314 1.4603 -1.1901 -1.3352 0.1059 2.5847 -1.9038 3.3886 3.2736 -1.0582 3.5562 -16.6960 -16.9234 4.0524 6.1444 -23.5351 7.9275 3.1542 -12.0113 4.3971 0.0000 -0.0000 0.0000 -89.4015 0.7405 17.6954 17.9490 -28.0918 -4.5252 -0.0000 0.0000 -2.5616 20.2964 22.0311 7.8983 -7.1250 0.0000 -0.0000 -8.8899 53.1001 -1.7826 0.0000 -0.0000 0.0000 86.8819 2.9859 23.7517 -17.0012 26.8594 -4.0879 0.0000 0.0000 0.6506 -26.3506 12.7957 -6.2605 7.1250 -0.0000 -0.0000 0.6508 -15.7582 0.4496
2.8033 18.0189 -5.6139 -142.1270 -84.0224 149.3620 0.0000 0.0000 0.0000 -13.4138 -4.1300 -12.3251 2.0731 9.0168 25.8479 0.1697 12.8701 -20.2694 0.7600 -5.5674 -15.5343 0.0000 0.0000 0.0000 29.4148 9.2710 -16.2794 -3.1572 -10.9452 32.0954 -1.6160 -0.0944 -24.0926 -0.0034 -0.3771 1.0360 -0.7775 -1.2513 0.0100 2.6342 -1.8016 3.3612 3.0940 -0.9956 3.5631 -16.6857 -16.8232 3.8906 6.2317 -23.3927 8.1161 3.1687 -11.9390 4.4750 0.0000 -0.0000 0.0000 -89.3846 0.6651 17.8684 17.8500 -27.9647 -4.4787 -0.0000 0.0000 -2.6021 20.4808 22.1368 8.0114 -7.1250 0.0000 -0.0000 -8.7427 53.2426 -1.7833 0.0000 -0.0000 0.0000 86.8632 2.9988 23.4699 -16.8822 26.7022 -4.0343 0.0000 0.0000 0.8171 -26.2940 12.5749 -6.1399 7.1250 -0.0000 -0.0000 0.6736 -16.0083 0.4618
2.8123 18.0270 -5.6239 -142.4400 -84.1521 149.7540 0.0000 0.0000 0.0000 -13.4712 -3.9564 -12.5166 2.0622 8.9944 25.7779 0.1848 12.6377 -20.1409 0.8231 -5.7887 -16.1724 0.0000 0.0000 0.0000 29.3255 9.3287 -16.2976 -3.1238 -10.8929 31.9194 -1.6071 -0.2141 -24.0666 -0.0079 -0.5755 1.5815 -0.7375 -1.1987 0.0306 2.5866 -1.7269 3.2993 3.0256 -0.9539 3.4797 -16.1962 -16.6136 3.4206 5.8070 -23.0140 8.4880 2.9841 -11.7489 4.5177 -0.0000 -0.0000 0.0000 -89.3702 0.8237 18.2951 17.8508 -27.9658 -4.4791 -0.0000 0.0000 -2.4577 20.0604 22.2251 7.8641 -7.1250 0.0000 -0.0000 -9.2008 53.2554 -1.8809 -0.0000 -0.0000 0.0000 86.8248 2.9312 23.4047 -16.7984 26.5912 -3.9967 0.0000 0.0000 0.3638 -25.9329 12.9053 -6.1984 7.1250 -0.0000 -0.0000 0.9462 -15.6871 0.6552
2.8207 18.0272 -5.6357 -142.8650 -84.2484 150.3170 0.0000 0.0000 0.0000 -13.5077 -3.9860 -12.6299 2.0391 8.9471 25.6301 0.1928 12.5303 -20.0943 0.7737 -5.6164 -15.6754 0.0000 0.0000 0.0000 29.2400 9.3172 -16.4605 -3.1118 -10.8739 31.8558 -1.6079 -0.1239 -24.0418 -0.0087 -0.6029 1.6569 -0.7651 -1.1460 -0.0828 2.6101 -1.6549 3.2521 3.0659 -0.9181 3.4920 -15.8353 -16.3417 2.9440 5.3322 -22.5588 8.9911 2.7991 -11.5302 4.6067 -0.0000 0.0000 0.0000 -89.3323 0.8366 18.7717 17.7727 -27.8651 -4.4425 -0.0000 0.0000 -2.6199 20.1814 22.0360 7.8518 -7.1250 0.0000 -0.0000 -9.0077 53.0840 -1.8030 -0.0000 0.0000 0.0000 86.8069 2.8625 23.0886 -16.7530 26.5310 -3.9764 0.0000 0.0000 0.4870 -26.5354 13.0153 -6.4165 7.1250 -0.0000 -0.0000 0.5402 -15.4937 0.3763
2.8316 18.0298 -5.6445 -143.3640 -84.4901 150.8300 0.0000 0.0000 0.0000 -13.6570 -4.1231 -12.6125 2.0221 8.9120 25.5204 0.1982 12.4127 -20.0084 0.7540 -5.5460 -15.4726 0.0000 0.0000 0.0000 29.0622 9.0873 -16.5829 -3.0997 -10.8547 31.7913 -1.5998 0.0442 -23.9251 -0.0089 -0.6081 1.6710 -0.9984 -1.1956 -0.0341 2.7317 -1.7209 3.2338 3.3225 -0.9602 3.4613 -15.9661 -15.8666 2.3185 5.0437 -21.8478 9.8611 2.7142 -11.2020 4.8873 -0.0000 -0.0000 0.0000 -89.5957 0.7768 18.7458 17.6852 -27.7522 -4.4017 -0.0000 0.0000 -2.5764 20.1668 22.0437 7.8483 -7.1250 0.0000 -0.0000 -9.0254 53.0892 -1.8077 -0.0000 -0.0000 0.0000 86.4366 3.0156 23.0739 -16.5650 26.2808 -3.8928 0.0000 0.0000 0.6813 -26.6272 12.9410 -6.4062 7.1250 -0.0000 -0.0000 0.4716 -15.5646 0.3277
2.8428 18.0343 -5.6459 -141.2390 -84.5549 148.7460 0.0000 0.0000 0.0000 -13.4879 -4.3214 -12.6446 2.0154 8.8980 25.4768 0.1886 12.4060 -19.8945 0.7623 -5.5759 -15.5586 0.0000 0.0000 0.0000 29.2179 9.1629 -16.5800 -3.0784 -10.8208 31.6780 -1.5940 -0.1935 -23.9610 -0.0079 -0.5746 1.5789 -0.7198 -1.2081 -0.0392 2.8318 -1.7473 3.1999 3.2685 -0.9672 3.4254 -15.3895 -15.2910 1.5662 4.2670 -20.9427 10.8864 2.4212 -10.7802 5.0936 -0.0000 0.0000 0.0000 -89.7615 0.8048 18.8027 17.6484 -27.7046 -4.3846 -0.0000 0.0000 -2.4585 20.2271 21.8967 7.8242 -7.1250 0.0000 -0.0000 -8.9102 52.9495 -1.7538 -0.0000 0.0000 0.0000 86.3097 3.1202 22.8634 -16.4056 26.0675 -3.8225 0.0000 0.0000 0.9159 -26.7086 12.7013 -6.3126 7.1250 -0.0000 -0.0000 0.3973 -15.8195 0.2740
2.8548 18.0372 -5.6529 -139.6730 -84.6042 147.2430 0.0000 0.0000 0.0000 -13.3351 -4.3208 -12.8197 2.0229 8.9136 25.5254 0.1929 12.2969 -19.8061 0.7646 -5.5838 -15.5814 0.0000 0.0000 0.0000 29.3369 9.1534 -16.6376 -3.0562 -10.7855 31.5599 -1.5770 -0.3510 -23.8870 -0.0042 -0.4175 1.1472 -0.4330 -1.0254 -0.0650 2.8610 -1.5088 3.1543 3.1447 -0.8395 3.3703 -15.0639 -14.6546 0.5538 3.9391 -20.0008 12.5965 2.2362 -10.3446 5.6398 0.0000 -0.0000 0.0000 -89.6668 0.7948 19.6661 17.6716 -27.7347 -4.3954 -0.0000 0.0000 -2.3211 20.4680 22.0931 7.9912 -7.1250 0.0000 -0.0000 -8.7396 53.1953 -1.7726 0.0000 -0.0000 0.0000 86.3712 3.1414 21.8361 -16.3065 25.9345 -3.7790 0.0000 0.0000 1.2800 -26.2992 12.8563 -6.2754 7.1250 -0.0000 -0.0000 0.6907 -15.6976 0.4781
2.8689 18.0357 -5.6623 -137.4490 -84.7251 145.0970 0.0000 0.0000 0.0000 -13.1605 -4.4336 -13.0091 2.0335 8.9356 25.5939 0.2100 12.1532 -19.8184 0.7712 -5.6076 -15.6500 0.0000 0.0000 0.0000 29.4637 9.1087 -16.7887 -3.0530 -10.7804 31.5428 -1.5757 -0.4046 -23.8957 -0.0096 -0.6327 1.7387 -0.2208 -1.0705 -0.1370 2.9480 -1.5780 3.1357 3.1118 -0.8702 3.3927 -14.5173 -13.7257 -0.7095 3.1957 -18.5846 14.3883 1.9397 -9.6956 6.1610 0.0000 -0.0000 0.0000 -89.6915 0.6948 19.8652 17.6913 -27.7601 -4.4045 -0.0000 0.0000 -2.0753 20.7190 22.3467 8.1838 -7.1250 0.0000 -0.0000 -8.5794 53.5026 -1.8043 0.0000 -0.0000 0.0000 86.2273 3.3565 21.9405 -16.1413 25.7118 -3.7070 0.0000 0.0000 1.1507 -26.2541 12.9940 -6.3285 7.1250 -0.0000 -0.0000 0.7318 -15.5512 0.5089
2.8780 18.0352 -5.6690 -137.4230 -85.0023 144.9530 0.0000 0.0000 0.0000 -13.3195 -4.3258 -13.0391 2.0403 8.9495 25.6376 0.2372 11.8521 -19.7544 0.6957 -5.3320 -14.8578 0.0000 0.0000 0.0000 29.3086 9.0646 -16.7375 -3.0640 -10.7979 31.6014 -1.5847 -0.6090 -24.0369 -0.0060 -0.5013 1.3776 -0.2996 -1.1396 -0.3191 3.0050 -1.6821 3.3101 3.2071 -0.9309 3.6871 -13.1577 -12.6957 -2.0642 1.7555 -16.9526 16.0378 1.3563 -8.9523 6.5240 0.0000 -0.0000 0.0000 -89.7690 0.4953 20.2044 17.8310 -27.9402 -4.4698 -0.0000 0.0000 -1.9359 19.8428 22.1472 7.7471 -7.1250 0.0000 -0.0000 -9.3908 53.1356 -1.8926 0.0000 -0.0000 0.0000 85.9993 3.7961 22.0226 -15.9690 25.4785 -3.6326 0.0000 0.0000 0.9636 -26.1980 12.8929 -6.2651 7.1250 -0.0000 -0.0000 0.7630 -15.6693 0.5286
2.8875 18.0339 -5.6697 -138.4460 -85.1067 145.7950 0.0000 0.0000 0.0000 -13.4731 -4.0575 -13.0383 2.0508 8.9712 25.7053 0.2631 11.6026 -19.7428 0.7011 -5.3522 -14.9159 0.0000 0.0000 0.0000 29.1737 8.9374 -16.6578 -3.0781 -10.8205 31.6768 -1.5923 -0.5447 -24.0711 -0.0060 -0.4997 1.3730 -0.3291 -1.0590 -0.2561 3.1096 -1.5828 3.3902 3.3367 -0.8873 3.7331 -12.4331 -11.5089 -3.3552 0.9277 -15.1853 18.0004 1.0389 -8.1632 7.1218 -0.0000 0.0000 0.0000 -90.0152 0.4670 20.5066 18.0380 -28.2058 -4.5672 -0.0000 0.0000 -0.9870 20.3714 21.6650 7.8058 -7.1250 0.0000 -0.0000 -8.6808 52.7378 -1.6630 -0.0000 0.0000 0.0000 85.7504 3.8789 21.6118 -15.9875 25.5037 -3.6406 0.0000 0.0000 1.2950 -25.8973 12.7750 -6.1278 7.1250 -0.0000 -0.0000 0.9614 -15.8344 0.6627
2.9011 18.0305 -5.6774 -136.9930 -85.2114 144.3120 0.0000 0.0000 0.0000 -13.3801 -4.0938 -13.2083 2.0838 9.0386 25.9161 0.3030 11.3535 -19.8887 0.6794 -5.2703 -14.6812 0.0000 0.0000 0.0000 29.2306 8.8874 -16.7080 -3.0804 -10.8241 31.6888 -1.5917 -0.5050 -24.0519 -0.0120 -0.7065 1.9417 -0.1455 -1.0194 -0.3339 3.2077 -1.5435 3.4340 3.3351 -0.8663 3.8184 -11.6217 -10.1151 -4.9112 0.2736 -13.1596 20.4969 0.7637 -7.2605 7.9724 -0.0000 -0.0000 0.0000 -89.9974 0.5185 21.2045 18.4514 -28.7312 -4.7642 -0.0000 -0.0000 0.2670 20.2319 21.0190 7.5305 -7.1250 0.0000 -0.0000 -8.5926 52.0485 -1.5003 -0.0000 -0.0000 0.0000 85.7784 3.9680 20.9259 -16.0294 25.5605 -3.6586 0.0000 0.0000 1.8756 -26.4572 13.0960 -6.4335 7.1250 -0.0000 -0.0000 0.6001 -15.4142 0.4190
